Marital Status;Application mode;Application order;Course;Daytime/evening attendance;Previous qualification Group;Previous qualification (grade);Nationality Group;Mother's qualification Group;Father's qualification Group;Mother's occupation Group;Father's occupation Group;Admission grade;Displaced;Educational special needs;Debtor;Tuition fees up to date;Gender;Scholarship holder;Age at enrollment;International;Curricular units 1st sem (credited);Curricular units 1st sem (enrolled);Curricular units 1st sem (evaluations);Curricular units 1st sem (approved);Curricular units 1st sem (grade);Curricular units 1st sem (without evaluations);Curricular units 1st sem (Approved/Enrolled);Curricular units 2nd sem (credited);Curricular units 2nd sem (enrolled);Curricular units 2nd sem (evaluations);Curricular units 2nd sem (approved);Curricular units 2nd sem (grade);Curricular units 2nd sem (without evaluations);Curricular units 2nd sem (Approved/Enrolled);Unemployment rate;Inflation rate;GDP;Target
1;18;-1.7316968666316976;9238;1;-3.0781385481239893;-10.114337037264518;-0.4478770895114957;-1.1375591012023838;-1.5940928228489972;-1.9617328231181288;-1.954178909329264;-8.836345441065506;1;0;0;1;0;0;-3.1253769784824064;0;-0.4236151106854453;-3.2399677443300408;-2.1308463850552557;-2.098944205686818;-2.452860060602798;-0.4943525490553087;-6.834111792300622;-0.4303917461617935;-3.8827037599115646;-1.8819111259239487;-1.9010122633577784;-2.1616667107190715;-0.4688016815309918;-4.50043034403363;-4.447532520937188;-0.7997562391364795;0.3512909567534956;Enrolled
1;1;-1.7316968666316976;9853;1;-3.0781385481239893;-10.096728667434972;-0.4478770895114957;-1.1375591012023838;-1.5940928228489972;-1.65563125162115;-1.954178909329264;-8.899521157293801;1;0;0;1;0;0;-3.1253769784824064;0;-0.4236151106854453;-3.0069866396345164;-2.331654701367978;-1.5174797214083948;-2.4698486513205204;-0.4943525490553087;-0.995821185172978;-0.4303917461617935;-3.5474598174656107;-2.346663410845464;-1.416696693025454;-2.057058754941256;-0.4688016815309918;-0.6020048096789214;-3.68973600827532;-1.3730189370110195;-0.1690195646558445;Enrolled
1;18;-0.0257028619441269;9556;1;-3.0781385481239893;-10.173031603363002;-0.4478770895114957;-2.8519141796797496;-1.5940928228489972;-2.2678343946151074;-1.954178909329264;-8.913340845218741;1;0;0;1;0;0;-3.091808345807256;0;-0.4236151106854453;-3.0069866396345164;-1.8631019633049577;-1.4011868245527102;-2.481528307725638;-0.4943525490553087;0.2121010094051557;-0.4303917461617935;-3.212215875019657;-2.2692046966918777;-1.1745389078592914;-2.1438833582368426;-0.4688016815309918;0.4612021542359994;-4.180900414630234;0.3988839473284681;-0.3215918228134705;Enrolled
1;1;-1.7316968666316976;9238;1;-3.0781385481239893;-10.032164644726638;-0.4478770895114957;-1.1375591012023838;-1.5940928228489972;-1.3495296801241716;-1.615168767316573;-8.739607625590928;1;0;1;1;0;1;-3.1253769784824064;0;-0.4236151106854453;-3.2399677443300408;-2.264718595930404;-1.6337726182640795;-2.4732463696679283;-0.4943525490553087;-1.1971415509359995;-0.4303917461617935;-3.8827037599115646;-2.0368285542311204;-1.658854478191616;-2.1616667107190715;-0.4688016815309918;-2.019614094898816;-4.896597121033111;-0.1743787505460719;0.0735312047229456;Enrolled
1;1;-1.7316968666316976;9085;1;-3.0781385481239893;-10.10846758065467;-0.4478770895114957;-1.1375591012023838;-1.5940928228489972;-2.573935966112086;-2.971209335367337;-8.867933299179654;1;0;0;1;0;0;-3.1253769784824064;0;-0.4236151106854453;-3.472948849025565;-2.1977824904928296;-1.6337726182640795;-2.418882878657694;3.4756540847459183;0.2121010094051557;-0.4303917461617935;-4.217947702357519;-2.424122124999049;-1.658854478191616;-2.077980346096819;-0.4688016815309918;-1.027287595244889;-4.643998283479154;-1.94628163488556;-0.5993515748440206;Enrolled
1;17;-1.1630321984025074;9500;1;-3.0781385481239893;-10.173031603363002;-0.4478770895114957;-4.566269258157115;-5.808301513046543;-2.880037537609065;-1.2761586253038824;-8.928147653709749;1;0;0;1;1;0;-3.1085926621448308;0;-0.4236151106854453;-3.0069866396345164;-2.1977824904928296;-1.5174797214083948;-2.405292006287379;-0.4943525490553087;-0.995821185172978;-0.4303917461617935;-3.5474598174656107;-2.424122124999049;-1.416696693025454;-2.0479927319677014;-0.4688016815309918;-0.6020048096789214;-3.68973600827532;-1.3730189370110195;-0.1690195646558445;Enrolled
1;44;-1.7316968666316976;9003;1;-6.54278189566412;-10.038034101336487;-0.4478770895114957;-4.566269258157115;-5.808301513046543;-2.2678343946151074;-3.310219477380027;-8.774156845403278;0;0;0;1;1;0;-3.07502402946968;0;-0.4236151106854453;-3.2399677443300408;-1.7961658578673834;-1.6337726182640795;-2.4601408851232995;-0.4943525490553087;-1.1971415509359995;-0.4303917461617935;-3.8827037599115646;-1.649534983463192;-1.537775585608535;-2.179599503197901;-0.4688016815309918;-0.7792059703314076;-3.68973600827532;-1.3730189370110195;-0.1690195646558445;Enrolled
1;1;-1.7316968666316976;9147;1;-3.0781385481239893;-10.079120297605428;-0.4478770895114957;-2.8519141796797496;-3.701197167947771;-2.2678343946151074;-1.954178909329264;-8.829435597103036;0;0;0;0;1;0;-3.1253769784824064;0;-0.4236151106854453;-3.472948849025565;-2.1977824904928296;-1.866358411975449;-2.4868372425479013;-0.4943525490553087;-3.170081135413618;-0.4303917461617935;-4.217947702357519;-2.346663410845464;-1.9010122633577784;-2.057058754941256;-0.4688016815309918;-4.004267094206667;-4.714164627244141;-0.7997562391364795;0.6975126194958008;Enrolled
1;17;-1.7316968666316976;9991;0;-3.0781385481239893;-10.014556274897092;-0.4478770895114957;-1.1375591012023838;-1.5940928228489972;-2.2678343946151074;-2.2931890513419546;-8.852632930405614;0;0;0;1;0;0;-3.024671080456953;0;-0.4236151106854453;-3.472948849025565;-2.1977824904928296;-1.982651308831134;-2.478342946934211;-0.4943525490553087;-4.861172207823003;-0.4303917461617935;-4.217947702357519;-2.1142872683847065;-1.7799333707746974;-2.0221894364881283;1.2001389291104665;-2.515777344725778;-4.896597121033111;-0.1743787505460719;0.0735312047229456;Enrolled
1;1;-1.7316968666316976;9500;1;-3.0781385481239893;-10.10259812404482;-0.4478770895114957;-1.1375591012023838;-1.5940928228489972;-1.65563125162115;-1.954178909329264;-8.91580864663391;1;0;0;1;0;1;-3.1085926621448308;0;-0.4236151106854453;-2.774005534938992;-2.1308463850552557;-1.5174797214083948;-2.461354356216488;-0.4943525490553087;-1.9017628311065773;-0.4303917461617935;-3.212215875019657;-2.191745982538292;-1.416696693025454;-2.126797392265944;-0.4688016815309918;-1.3994100326151115;-4.643998283479154;-1.94628163488556;-0.5993515748440206;Enrolled
1;1;-1.7316968666316976;9773;1;-3.0781385481239893;-10.173031603363002;-0.4478770895114957;-2.8519141796797496;-1.5940928228489972;-1.65563125162115;-1.954178909329264;-8.913340845218741;1;0;0;1;0;1;-3.091808345807256;0;-0.4236151106854453;-3.2399677443300408;-2.0639102796176805;-1.7500655151197644;-2.3509285152771446;-0.4943525490553087;-2.606384111277156;-0.4303917461617935;-3.8827037599115646;-2.0368285542311204;-1.7799333707746974;-2.1616667107190715;-0.4688016815309918;-3.2600222194662227;-4.643998283479154;-1.94628163488556;-0.5993515748440206;Enrolled
1;17;-1.7316968666316976;9070;1;-3.0781385481239893;-10.173031603363002;-0.4478770895114957;-2.8519141796797496;-3.701197167947771;-2.573935966112086;-2.6321991933546456;-8.871881781443923;1;0;0;1;1;0;-3.1085926621448308;0;-0.4236151106854453;-3.2399677443300408;-2.3985908068055526;-1.6337726182640795;-2.483439524200494;-0.4943525490553087;-1.1971415509359995;-0.4303917461617935;-3.8827037599115646;-2.346663410845464;-2.02209115594086;-2.2035098930301973;-0.4688016815309918;-5.740838468601037;-4.447532520937188;-0.7997562391364795;0.3512909567534956;Enrolled
1;43;-1.7316968666316976;9070;1;-3.0781385481239893;-10.237595626071336;-0.4478770895114957;-2.8519141796797496;-3.701197167947771;-2.573935966112086;-2.971209335367337;-8.917782887766045;0;0;0;1;1;0;-3.024671080456953;0;-0.4236151106854453;-3.2399677443300408;-2.3985908068055526;-2.215237102542503;-3.0644493325567166;-0.4943525490553087;-8.243354352641777;-0.4303917461617935;-3.8827037599115646;-2.501580839152634;-2.143170048523941;-2.6219417161414573;-0.4688016815309918;-6.981246593168445;-4.180900414630234;0.3988839473284681;-0.3215918228134705;Enrolled
1;39;-1.7316968666316976;9254;1;-3.0781385481239893;-9.979339535238;-0.4478770895114957;-1.1375591012023838;-1.5940928228489972;-1.65563125162115;-1.2761586253038824;-9.02093698692006;0;0;0;1;1;0;-2.991102447781802;0;-0.4236151106854453;-3.2399677443300408;-2.331654701367978;-1.5174797214083948;-2.452860060602798;-0.4943525490553087;0.2121010094051557;-0.4303917461617935;-3.8827037599115646;-2.346663410845464;-1.537775585608535;-2.1700353471812965;-0.4688016815309918;-0.7792059703314076;-4.180900414630234;0.3988839473284681;-0.3215918228134705;Enrolled
1;17;-1.7316968666316976;9147;1;-3.0781385481239893;-10.049773014556184;-0.4478770895114957;-1.1375591012023838;-1.5940928228489972;-1.9617328231181288;-2.2931890513419546;-8.853126490688647;0;0;0;1;1;0;-3.1253769784824064;0;-0.4236151106854453;-3.472948849025565;-2.1977824904928296;-2.215237102542503;-3.0644493325567166;-0.4943525490553087;-8.243354352641777;-0.4303917461617935;-4.217947702357519;-2.5790395533062207;-2.143170048523941;-2.6219417161414573;-0.4688016815309918;-6.981246593168445;-4.896597121033111;-0.1743787505460719;0.0735312047229456;Enrolled
1;17;-1.7316968666316976;9254;1;-3.0781385481239893;-10.21411779963194;-0.4478770895114957;-1.1375591012023838;-1.5940928228489972;-2.2678343946151074;-2.6321991933546456;-8.8950791147465;0;0;0;1;1;0;-3.1253769784824064;0;-0.4236151106854453;-3.472948849025565;-2.3985908068055526;-1.6337726182640795;-2.452860060602798;-0.4943525490553087;0.2121010094051557;-0.4303917461617935;-4.217947702357519;-2.346663410845464;-1.7799333707746974;-2.1477189834215062;-0.4688016815309918;-2.515777344725778;-4.180900414630234;0.3988839473284681;-0.3215918228134705;Enrolled
1;1;1.1116264745142534;9147;1;-3.0781385481239893;-10.079120297605428;-0.4478770895114957;-1.1375591012023838;-1.5940928228489972;-1.3495296801241716;-1.615168767316573;-8.879285185689426;1;0;0;1;1;0;-3.041455396794529;0;-0.4236151106854453;-3.472948849025565;-2.3985908068055526;-1.7500655151197644;-2.3509285152771446;-0.4943525490553087;-1.4789900630042303;-0.4303917461617935;-4.217947702357519;-2.5790395533062207;-1.537775585608535;-2.0445058002479186;-0.4688016815309918;0.4612021542359994;-4.405432714678196;-1.2166745648634176;0.4060604853228998;Enrolled
1;43;-1.1630321984025074;9119;1;-3.0781385481239893;-10.243465082681183;-0.4478770895114957;-1.1375591012023838;-1.5940928228489972;-1.3495296801241716;-1.954178909329264;-8.960722632389963;1;0;1;1;1;0;-3.1253769784824064;0;-0.4236151106854453;-3.472948849025565;-2.1977824904928296;-1.982651308831134;-2.5547916059284512;-0.4943525490553087;-4.861172207823003;-0.4303917461617935;-4.217947702357519;-2.2692046966918777;-2.143170048523941;-2.6219417161414573;-0.4688016815309918;-6.981246593168445;-3.787968889546303;-0.0701491691143375;-0.7832207064698774;Enrolled
1;15;-1.7316968666316976;9119;1;-3.0781385481239893;-10.155423233533456;22.887651307709195;-1.1375591012023838;-5.808301513046543;-1.3495296801241716;-3.310219477380027;-8.83831968219764;1;0;0;1;1;0;-3.1085926621448308;1;-0.4236151106854453;-3.472948849025565;-2.1977824904928296;-1.6337726182640795;-2.3509285152771446;-0.4943525490553087;0.2121010094051557;-0.4303917461617935;-4.217947702357519;-2.1142872683847065;-1.7799333707746974;-2.0675195505190374;-0.4688016815309918;-2.515777344725778;-4.012501189594263;-1.6857076813062235;0.1654657705358741;Enrolled
1;1;-1.7316968666316976;9085;1;-3.0781385481239893;-10.126075950484216;-0.4478770895114957;-2.8519141796797496;-5.808301513046543;-1.3495296801241716;-3.310219477380027;-8.851645809839546;1;0;0;1;0;0;-3.1085926621448308;0;-0.4236151106854453;-3.472948849025565;-2.331654701367978;-1.6337726182640795;-2.340735360744579;3.4756540847459183;0.2121010094051557;-0.4303917461617935;-4.217947702357519;-2.424122124999049;-1.537775585608535;-2.0445058002479186;-0.4688016815309918;0.4612021542359994;-4.180900414630234;0.3988839473284681;-0.3215918228134705;Enrolled
1;17;-1.1630321984025074;9853;1;-3.0781385481239893;-10.137227918042926;-0.4478770895114957;-1.1375591012023838;-3.701197167947771;-1.3495296801241716;-2.971209335367337;-8.98638776710771;1;0;0;1;0;0;-3.091808345807256;0;-0.4236151106854453;-3.0069866396345164;-1.9969741741801064;-1.5174797214083948;-2.4698486513205204;-0.4943525490553087;-0.995821185172978;-0.4303917461617935;-3.5474598174656107;-2.191745982538292;-1.7799333707746974;-2.077980346096819;-0.4688016815309918;-3.7916257014236825;-3.68973600827532;-1.3730189370110195;-0.1690195646558445;Enrolled
1;17;-1.1630321984025074;9147;1;-3.0781385481239893;-10.196509429802395;-0.4478770895114957;-2.8519141796797496;-1.5940928228489972;-2.2678343946151074;-1.954178909329264;-8.945422263615923;1;0;0;1;0;1;-3.1253769784824064;0;-0.4236151106854453;-3.472948849025565;-2.1977824904928296;-1.866358411975449;-2.4018942879399714;-0.4943525490553087;-3.170081135413618;-0.4303917461617935;-4.217947702357519;-2.1142872683847065;-1.7799333707746974;-2.1616667107190715;-0.4688016815309918;-2.515777344725778;-4.714164627244141;-0.7997562391364795;0.6975126194958008;Enrolled
1;43;-1.7316968666316976;9500;1;-3.0781385481239893;-10.155423233533456;-0.4478770895114957;-1.1375591012023838;-1.5940928228489972;-1.3495296801241716;-2.2931890513419546;-9.02093698692006;0;0;0;1;0;0;-3.091808345807256;0;-0.4236151106854453;-3.0069866396345164;-2.0639102796176805;-1.5174797214083948;-2.472396939953662;-0.4943525490553087;-0.995821185172978;-0.4303917461617935;-3.5474598174656107;-2.424122124999049;-1.2956178004423726;-2.077980346096819;-0.4688016815309918;0.4612021542359994;-4.012501189594263;-1.6857076813062235;0.1654657705358741;Enrolled
1;17;-1.7316968666316976;9238;1;-3.0781385481239893;-10.014556274897092;-0.4478770895114957;-1.1375591012023838;-1.5940928228489972;-1.3495296801241716;-1.954178909329264;-8.8215386325745;1;0;0;1;0;1;-3.091808345807256;0;-0.4236151106854453;-3.2399677443300408;-1.930038068742532;-1.982651308831134;-2.5547916059284512;-0.4943525490553087;-5.424869231959466;-0.4303917461617935;-3.8827037599115646;-2.0368285542311204;-1.658854478191616;-2.1721275062968526;-0.4688016815309918;-2.019614094898816;-4.896597121033111;-0.1743787505460719;0.0735312047229456;Enrolled
1;17;-1.7316968666316976;9147;1;-3.0781385481239893;-10.21411779963194;-0.4478770895114957;-1.1375591012023838;-1.5940928228489972;-2.573935966112086;-2.971209335367337;-8.95479990899356;0;0;0;1;0;0;-3.091808345807256;0;-0.4236151106854453;-3.472948849025565;-2.0639102796176805;-1.866358411975449;-2.537803015210728;-0.4943525490553087;-3.170081135413618;-0.4303917461617935;-4.217947702357519;-2.191745982538292;-1.7799333707746974;-2.175614438016636;-0.4688016815309918;-2.515777344725778;-4.223000220889228;-1.268789355579285;0.3610712297123178;Enrolled
1;1;-1.7316968666316976;9853;1;-3.0781385481239893;-10.061511927775882;-0.4478770895114957;-1.1375591012023838;-1.5940928228489972;-1.3495296801241716;-2.971209335367337;-8.797354178705854;1;0;0;1;0;1;-3.1253769784824064;0;-0.4236151106854453;-3.2399677443300408;-2.264718595930404;-1.6337726182640795;-2.4120874424725365;-0.4943525490553087;-1.1971415509359995;-0.4303917461617935;-3.8827037599115646;-2.424122124999049;-1.537775585608535;-2.0612430731723688;-0.4688016815309918;-0.7792059703314076;-4.643998283479154;-1.94628163488556;-0.5993515748440206;Enrolled
1;1;-1.1630321984025074;9500;1;-3.0781385481239893;-10.231726169461488;-0.4478770895114957;-1.1375591012023838;-3.701197167947771;-2.2678343946151074;-1.954178909329264;-8.961216192672998;0;0;0;1;0;1;-3.091808345807256;0;-0.4236151106854453;-3.0069866396345164;-2.1977824904928296;-1.6337726182640795;-2.3923127226793595;-0.4943525490553087;-2.203743379751111;-0.4303917461617935;-3.212215875019657;-2.2692046966918777;-1.2956178004423726;-2.0824635443211346;-0.4688016815309918;-0.4691039391895559;-4.405432714678196;-1.2166745648634176;0.4060604853228998;Enrolled
1;51;-1.7316968666316976;9147;1;-3.0781385481239893;-10.33737638843876;-0.4478770895114957;-4.566269258157115;-3.701197167947771;-2.573935966112086;-2.971209335367337;-9.022417667769158;1;0;1;0;0;0;-3.0582397131321044;0;-0.4236151106854453;-3.472948849025565;-2.264718595930404;-2.215237102542503;-3.0644493325567166;-0.4943525490553087;-8.243354352641777;-0.4303917461617935;-4.217947702357519;-2.424122124999049;-2.143170048523941;-2.6219417161414573;-0.4688016815309918;-6.981246593168445;-4.714164627244141;-0.7997562391364795;0.6975126194958008;Enrolled
1;17;-1.7316968666316976;9853;1;-3.0781385481239893;-10.10846758065467;-0.4478770895114957;-1.1375591012023838;-1.5940928228489972;-1.65563125162115;-1.954178909329264;-8.899027597010768;1;0;0;1;0;0;-3.1253769784824064;0;-0.4236151106854453;-3.2399677443300408;-2.0639102796176805;-1.866358411975449;-2.435871469885075;-0.4943525490553087;-4.01562667161831;-0.4303917461617935;-3.8827037599115646;-2.191745982538292;-1.537775585608535;-2.16864057457707;-0.4688016815309918;-0.7792059703314076;-4.643998283479154;-1.94628163488556;-0.5993515748440206;Enrolled
3;39;-1.7316968666316976;9003;1;-3.0781385481239893;-9.920644969139518;-0.4478770895114957;-2.8519141796797496;-1.5940928228489972;-1.65563125162115;-1.954178909329264;-8.675444788796565;0;0;1;1;0;0;-2.638631804692717;0;-0.4236151106854453;-4.404873267807663;-2.7332713339934243;-2.215237102542503;-3.0644493325567166;-0.4943525490553087;-8.243354352641777;-0.4303917461617935;-3.8827037599115646;-2.966333124074149;-2.143170048523941;-2.6219417161414573;-0.4688016815309918;-6.981246593168445;-4.714164627244141;-0.7997562391364795;0.6975126194958008;Enrolled
1;39;-1.7316968666316976;9085;1;-3.0781385481239893;-10.155423233533456;-0.4478770895114957;-1.1375591012023838;-1.5940928228489972;-1.3495296801241716;-1.954178909329264;-8.872868902009989;1;0;0;1;0;0;-2.9575338151066517;0;-0.4236151106854453;-3.472948849025565;-1.930038068742532;-1.7500655151197644;-2.4910843900999176;1.4906507678453047;-1.4789900630042303;-0.4303917461617935;-4.217947702357519;-2.1142872683847065;-1.658854478191616;-2.182588301874634;-0.4688016815309918;-1.027287595244889;-4.180900414630234;0.3988839473284681;-0.3215918228134705;Enrolled
1;1;-1.7316968666316976;9670;1;-3.0781385481239893;-10.149553776923607;-0.4478770895114957;-1.1375591012023838;-1.5940928228489972;-1.3495296801241716;-1.615168767316573;-8.907418121822339;1;0;0;1;0;1;-3.1253769784824064;0;-0.4236151106854453;-3.472948849025565;-2.3985908068055526;-1.866358411975449;-2.4698486513205204;-0.4943525490553087;-3.170081135413618;-0.4303917461617935;-4.217947702357519;-2.501580839152634;-1.658854478191616;-2.057058754941256;-0.4688016815309918;-1.027287595244889;-4.896597121033111;-0.1743787505460719;0.0735312047229456;Enrolled
1;44;-1.7316968666316976;9991;0;-6.54278189566412;-10.096728667434972;-0.4478770895114957;-1.1375591012023838;-1.5940928228489972;-1.3495296801241716;-1.954178909329264;-8.823512873706633;0;0;0;1;0;1;-2.991102447781802;0;-0.0467293327846987;-3.2399677443300408;-2.331654701367978;-1.5174797214083948;-2.418882878657694;-0.4943525490553087;0.2121010094051557;0.1539523643188277;-3.8827037599115646;-2.424122124999049;-1.416696693025454;-2.071006482238821;1.2001389291104665;0.4612021542359994;-4.643998283479154;-1.94628163488556;-0.5993515748440206;Enrolled
1;43;-1.7316968666316976;9238;1;-3.0781385481239893;-10.079120297605428;-0.4478770895114957;-2.8519141796797496;-1.5940928228489972;-1.9617328231181288;-1.615168767316573;-8.88964995163313;0;0;1;0;0;0;-3.07502402946968;0;0.5185993340664212;-2.3080433255479424;-1.59535754155466;-1.2848939276970257;-2.478342946934211;-0.4943525490553087;-1.4789900630042303;-0.4303917461617935;-3.8827037599115646;-2.0368285542311204;-1.658854478191616;-2.2035098930301973;-0.4688016815309918;-2.019614094898816;-4.643998283479154;-1.94628163488556;-0.5993515748440206;Enrolled
1;1;-1.7316968666316976;8014;0;-3.0781385481239893;-10.21411779963194;-0.4478770895114957;-2.8519141796797496;-1.5940928228489972;-1.65563125162115;-2.971209335367337;-8.908405242388406;0;0;0;1;0;0;-3.041455396794529;0;-0.4236151106854453;-3.2399677443300408;-1.930038068742532;-1.982651308831134;-2.5547916059284512;-0.4943525490553087;-5.424869231959466;-0.4303917461617935;-4.217947702357519;-2.0368285542311204;-2.02209115594086;-2.2035098930301973;-0.4688016815309918;-5.492756843687555;-4.643998283479154;-1.94628163488556;-0.5993515748440206;Enrolled
1;39;-1.7316968666316976;9500;1;-3.0781385481239893;-10.21411779963194;-0.4478770895114957;-2.8519141796797496;-5.808301513046543;-1.9617328231181288;-3.310219477380027;-8.991816930221079;0;0;0;1;0;0;-2.8400436007436225;0;-0.4236151106854453;-3.938911058416614;-2.5324630176807013;-1.866358411975449;-2.4622037854210967;-0.4943525490553087;0.2121010094051557;-0.4303917461617935;-4.888435587249426;-2.733956981613392;-1.7799333707746974;-2.1477189834215062;-0.4688016815309918;0.4612021542359994;-4.405432714678196;-1.2166745648634176;0.4060604853228998;Enrolled
1;39;-1.7316968666316976;9556;1;-10.007425243204253;-10.155423233533456;-0.4478770895114957;-2.8519141796797496;-3.701197167947771;-2.2678343946151074;-2.2931890513419546;-8.798834859554956;0;0;0;1;0;0;-3.0078867641193776;0;-0.4236151106854453;-3.0069866396345164;-2.1308463850552557;-1.5174797214083948;-2.4464893390199443;-0.4943525490553087;-0.995821185172978;-0.4303917461617935;-3.212215875019657;-2.2692046966918777;-1.1745389078592914;-2.0649043516245924;-0.4688016815309918;0.4612021542359994;-3.787968889546303;-0.0701491691143375;-0.7832207064698774;Enrolled
1;1;-0.5943675301733173;9500;1;-3.0781385481239893;-10.1847705165827;-0.4478770895114957;-4.566269258157115;-3.701197167947771;-2.2678343946151074;-2.6321991933546456;-8.925186292011547;1;0;0;1;0;0;-3.1085926621448308;0;-0.4236151106854453;-3.0069866396345164;-2.1308463850552557;-1.5174797214083948;-2.4288333392774164;-0.4943525490553087;-0.995821185172978;-0.4303917461617935;-3.5474598174656107;-2.346663410845464;-1.2956178004423726;-2.1423142389001755;-0.4688016815309918;0.4612021542359994;-4.223000220889228;-1.268789355579285;0.3610712297123178;Enrolled
1;1;-0.5943675301733173;9070;1;-3.0781385481239893;-10.1847705165827;-0.4478770895114957;-1.1375591012023838;-1.5940928228489972;-1.3495296801241716;-1.615168767316573;-8.895572675029534;1;0;0;1;0;0;-3.1085926621448308;0;-0.4236151106854453;-3.2399677443300408;-2.331654701367978;-1.6337726182640795;-2.432473751537667;-0.4943525490553087;-1.1971415509359995;-0.4303917461617935;-3.8827037599115646;-2.501580839152634;-1.537775585608535;-2.1030862554834946;-0.4688016815309918;-0.7792059703314076;-4.643998283479154;-1.94628163488556;-0.5993515748440206;Enrolled
1;1;-1.7316968666316976;9773;1;-3.0781385481239893;-10.173031603363002;-0.4478770895114957;-1.1375591012023838;-1.5940928228489972;-1.3495296801241716;-1.954178909329264;-8.906431001256271;1;0;0;1;0;0;-3.1253769784824064;0;-0.4236151106854453;-3.2399677443300408;-1.9969741741801064;-2.098944205686818;-2.5038258332656245;-0.4943525490553087;-6.834111792300622;-0.4303917461617935;-3.8827037599115646;-2.0368285542311204;-2.143170048523941;-2.6219417161414573;-0.4688016815309918;-6.981246593168445;-4.643998283479154;-1.94628163488556;-0.5993515748440206;Enrolled
1;17;-0.5943675301733173;9070;1;-3.0781385481239893;-10.237595626071336;-0.4478770895114957;-1.1375591012023838;-1.5940928228489972;-1.3495296801241716;-1.615168767316573;-8.967632476352433;0;0;0;1;0;0;-3.1253769784824064;0;-0.4236151106854453;-3.2399677443300408;-2.3985908068055526;-1.5174797214083948;-2.461354356216488;-0.4943525490553087;0.2121010094051557;-0.4303917461617935;-3.8827037599115646;-2.501580839152634;-1.416696693025454;-2.098901937252382;-0.4688016815309918;0.4612021542359994;-4.896597121033111;-0.1743787505460719;0.0735312047229456;Enrolled
1;1;-1.7316968666316976;9500;1;-3.0781385481239893;-10.079120297605428;-0.4478770895114957;-1.1375591012023838;-1.5940928228489972;-1.9617328231181288;-1.954178909329264;-8.812160987196862;0;0;0;1;0;1;-3.1253769784824064;0;-0.4236151106854453;-3.0069866396345164;-2.331654701367978;-1.4011868245527102;-2.361267286157416;-0.4943525490553087;0.2121010094051557;-0.4303917461617935;-3.212215875019657;-2.346663410845464;-1.1745389078592914;-2.0455518798056964;-0.4688016815309918;0.4612021542359994;-4.223000220889228;-1.268789355579285;0.3610712297123178;Enrolled
1;17;-1.7316968666316976;9070;1;-3.0781385481239893;-10.196509429802395;-0.4478770895114957;-4.566269258157115;-1.5940928228489972;-2.880037537609065;-1.615168767316573;-8.952332107578393;0;0;0;1;0;0;-3.1253769784824064;0;-0.4236151106854453;-3.2399677443300408;-2.264718595930404;-1.5174797214083948;-2.4273771742713843;-0.4943525490553087;0.2121010094051557;-0.4303917461617935;-3.8827037599115646;-2.501580839152634;-1.416696693025454;-2.1058758011103804;-0.4688016815309918;0.4612021542359994;-3.787968889546303;-0.0701491691143375;-0.7832207064698774;Enrolled
1;44;-1.7316968666316976;9003;1;-6.54278189566412;-10.096728667434972;-0.4478770895114957;-1.1375591012023838;-1.5940928228489972;-1.3495296801241716;-2.6321991933546456;-8.823512873706633;0;0;0;1;0;0;-3.024671080456953;0;-0.4236151106854453;-3.2399677443300408;-2.1308463850552557;-1.5174797214083948;-2.481983359194462;-0.4943525490553087;0.2121010094051557;-0.4303917461617935;-3.8827037599115646;-2.0368285542311204;-1.537775585608535;-2.077980346096819;-0.4688016815309918;-0.7792059703314076;-4.223000220889228;-1.268789355579285;0.3610712297123178;Enrolled
1;1;-1.7316968666316976;9670;1;-3.0781385481239893;-10.21998725624179;-0.4478770895114957;-2.8519141796797496;-1.5940928228489972;-2.2678343946151074;-1.2761586253038824;-8.944435143049857;1;0;0;1;0;0;-3.1085926621448308;0;-0.4236151106854453;-3.2399677443300408;-2.264718595930404;-1.7500655151197644;-2.5038258332656245;-0.4943525490553087;-2.606384111277156;-0.4303917461617935;-3.8827037599115646;-2.2692046966918777;-1.658854478191616;-2.1616667107190715;-0.4688016815309918;-2.019614094898816;-4.447532520937188;-0.7997562391364795;0.3512909567534956;Enrolled
1;17;-1.7316968666316976;9500;1;-3.0781385481239893;-9.979339535238;-0.4478770895114957;-1.1375591012023838;-1.5940928228489972;-1.65563125162115;-1.954178909329264;-8.785015171630015;0;0;0;1;0;0;-3.091808345807256;0;-0.4236151106854453;-3.0069866396345164;-2.0639102796176805;-1.5174797214083948;-2.4652374623895823;-0.4943525490553087;-0.995821185172978;-0.4303917461617935;-3.212215875019657;-2.0368285542311204;-1.416696693025454;-2.074493414377036;-0.4688016815309918;-1.3994100326151115;-3.787968889546303;-0.0701491691143375;-0.7832207064698774;Enrolled
1;5;-0.5943675301733173;9085;1;-3.0781385481239893;-10.090859210825124;-0.4478770895114957;-2.8519141796797496;-1.5940928228489972;-1.65563125162115;-2.2931890513419546;-8.878791625406393;1;0;0;1;0;0;-3.1085926621448308;0;-0.4236151106854453;-3.472948849025565;-2.1977824904928296;-1.866358411975449;-2.537803015210728;1.4906507678453047;-3.170081135413618;-0.4303917461617935;-4.217947702357519;-2.346663410845464;-1.7799333707746974;-2.077980346096819;-0.4688016815309918;-2.515777344725778;-4.896597121033111;-0.1743787505460719;0.0735312047229456;Enrolled
1;1;-1.7316968666316976;9853;1;-3.0781385481239893;-10.143684320313758;-0.4478770895114957;-4.566269258157115;-1.5940928228489972;-2.2678343946151074;-2.6321991933546456;-8.897546916161668;1;0;0;1;0;0;-3.1253769784824064;0;-0.4236151106854453;-3.2399677443300408;-2.1977824904928296;-1.6337726182640795;-2.422280597005102;-0.4943525490553087;-1.1971415509359995;-0.4303917461617935;-3.8827037599115646;-2.346663410845464;-1.537775585608535;-2.144929437794621;-0.4688016815309918;-0.7792059703314076;-4.643998283479154;-1.94628163488556;-0.5993515748440206;Enrolled
1;1;-1.7316968666316976;9085;1;-3.0781385481239893;-10.126075950484216;-0.4478770895114957;-1.1375591012023838;-1.5940928228489972;-1.3495296801241716;-2.2931890513419546;-8.839306802763707;1;0;0;1;0;0;-3.1253769784824064;0;-0.4236151106854453;-3.472948849025565;-2.0639102796176805;-1.6337726182640795;-2.3509285152771446;5.460657401646532;0.2121010094051557;-0.4303917461617935;-4.217947702357519;-2.424122124999049;-1.537775585608535;-2.136560801332396;-0.4688016815309918;0.4612021542359994;-4.643998283479154;-1.94628163488556;-0.5993515748440206;Enrolled
1;1;-1.7316968666316976;9853;1;-3.0781385481239893;-10.196509429802395;-0.4478770895114957;-2.8519141796797496;-1.5940928228489972;-1.3495296801241716;-1.954178909329264;-8.914327965784809;1;0;0;1;0;0;-3.1253769784824064;0;-0.4236151106854453;-3.0069866396345164;-1.9969741741801064;-1.6337726182640795;-2.452860060602798;-0.4943525490553087;-2.203743379751111;-0.4303917461617935;-3.5474598174656107;-2.2692046966918777;-1.416696693025454;-2.091928073394384;-0.4688016815309918;-0.6020048096789214;-4.405432714678196;-1.2166745648634176;0.4060604853228998;Enrolled
1;1;-1.7316968666316976;9085;1;-3.0781385481239893;-10.161292690143304;-0.4478770895114957;-2.8519141796797496;-5.808301513046543;-2.573935966112086;-3.310219477380027;-8.893104873614366;1;0;0;1;0;0;-3.1085926621448308;0;-0.4236151106854453;-3.472948849025565;-1.930038068742532;-1.7500655151197644;-2.452860060602798;3.4756540847459183;-1.4789900630042303;-0.4303917461617935;-4.217947702357519;-2.346663410845464;-1.7799333707746974;-2.119823528407945;-0.4688016815309918;-2.515777344725778;-4.643998283479154;-1.94628163488556;-0.5993515748440206;Enrolled
1;42;-1.7316968666316976;9147;1;-3.0781385481239893;-10.155423233533456;-0.4478770895114957;-1.1375591012023838;-1.5940928228489972;-1.3495296801241716;-3.310219477380027;-8.872868902009989;1;0;0;1;0;0;-2.991102447781802;0;0.1417135561656745;-3.472948849025565;-2.465526912243127;-1.7500655151197644;-2.4018942879399714;-0.4943525490553087;-1.4789900630042303;-0.1382196909214829;-4.217947702357519;-2.424122124999049;-1.9010122633577784;-2.119823528407945;-0.4688016815309918;-4.004267094206667;-4.643998283479154;-1.94628163488556;-0.5993515748440206;Enrolled
1;43;-1.7316968666316976;9238;1;-3.0781385481239893;-10.272812365730427;-0.4478770895114957;-1.1375591012023838;-1.5940928228489972;-1.3495296801241716;-1.615168767316573;-8.971580958616702;0;0;0;1;0;0;-2.823259284406048;0;1.4608137788182878;-0.910156697374796;-1.193740908929214;-0.7034294434186017;-2.519507609587184;1.4906507678453047;-1.3732968709786442;2.1991567510010017;-1.5359961627898882;-1.4946175551560208;-1.05346001527621;-2.106948702984884;-0.4688016815309918;-1.8287820757345985;-3.787968889546303;-0.0701491691143375;-0.7832207064698774;Enrolled
1;1;-1.1630321984025074;8014;0;-3.0781385481239893;-10.354984758268303;-0.4478770895114957;-4.566269258157115;-3.701197167947771;-2.573935966112086;-1.615168767316573;-9.02093698692006;0;0;0;1;0;0;-3.091808345807256;0;-0.4236151106854453;-3.2399677443300408;-2.1308463850552557;-1.6337726182640795;-2.452860060602798;-0.4943525490553087;-1.1971415509359995;-0.4303917461617935;-3.8827037599115646;-2.2692046966918777;-1.658854478191616;-2.15120591514129;-0.4688016815309918;-2.019614094898816;-4.643998283479154;-1.94628163488556;-0.5993515748440206;Enrolled
1;39;-1.7316968666316976;9003;1;-3.0781385481239893;-10.137227918042926;-0.4478770895114957;-1.1375591012023838;-1.5940928228489972;-2.573935966112086;-1.954178909329264;-8.872868902009989;0;0;1;1;0;1;-2.9239651824315;0;-0.4236151106854453;-3.2399677443300408;-2.3985908068055526;-2.215237102542503;-3.0644493325567166;-0.4943525490553087;-8.243354352641777;-0.4303917461617935;-3.8827037599115646;-2.501580839152634;-2.143170048523941;-2.6219417161414573;-0.4688016815309918;-6.981246593168445;-4.405432714678196;-1.2166745648634176;0.4060604853228998;Enrolled
1;17;-0.0257028619441269;9147;1;-3.0781385481239893;-10.261073452510727;-0.4478770895114957;-1.1375591012023838;-1.5940928228489972;-1.3495296801241716;-1.2761586253038824;-8.96170975295603;1;0;0;1;0;0;-3.091808345807256;0;-0.4236151106854453;-3.472948849025565;-2.1308463850552557;-1.866358411975449;-2.537803015210728;-0.4943525490553087;-3.170081135413618;-0.4303917461617935;-4.217947702357519;-2.2692046966918777;-1.658854478191616;-2.1616667107190715;2.8690795397519246;-1.027287595244889;-3.68973600827532;-1.3730189370110195;-0.1690195646558445;Enrolled
1;1;-0.0257028619441269;9500;1;-3.0781385481239893;-10.120206493874369;-0.4478770895114957;-2.8519141796797496;-3.701197167947771;-1.3495296801241716;-3.310219477380027;-8.858062093518983;1;0;0;1;0;0;-3.1085926621448308;0;-0.4236151106854453;-3.0069866396345164;-2.264718595930404;-1.6337726182640795;-2.3519478307304014;-0.4943525490553087;-2.203743379751111;-0.4303917461617935;-3.5474598174656107;-2.346663410845464;-1.537775585608535;-2.036974027431916;-0.4688016815309918;-1.6652117735938414;-4.896597121033111;-0.1743787505460719;0.0735312047229456;Enrolled
1;17;-1.7316968666316976;9085;1;-3.0781385481239893;-10.131945407094063;-0.4478770895114957;-1.1375591012023838;-1.5940928228489972;-2.880037537609065;-1.954178909329264;-8.866946178613587;0;0;0;1;0;0;-3.1085926621448308;0;-0.4236151106854453;-3.472948849025565;-2.264718595930404;-2.098944205686818;-2.5038258332656245;-0.4943525490553087;-6.55226328023239;-0.4303917461617935;-4.217947702357519;-2.501580839152634;-1.537775585608535;-2.153298074256846;-0.4688016815309918;0.4612021542359994;-4.896597121033111;-0.1743787505460719;0.0735312047229456;Enrolled
4;39;-1.7316968666316976;9991;0;-3.0781385481239893;-10.155423233533456;-0.4478770895114957;-1.1375591012023838;-1.5940928228489972;-1.3495296801241716;-1.954178909329264;-8.784028051063949;0;0;0;1;0;1;-2.907180866093925;0;-0.4236151106854453;-3.472948849025565;-2.0639102796176805;-1.7500655151197644;-2.4910843900999176;-0.4943525490553087;-1.4789900630042303;-0.4303917461617935;-4.217947702357519;-2.191745982538292;-1.658854478191616;-2.16864057457707;-0.4688016815309918;-1.027287595244889;-4.012501189594263;-1.6857076813062235;0.1654657705358741;Enrolled
2;51;-1.7316968666316976;8014;0;0.3865047994161424;-10.137227918042926;-0.4478770895114957;-1.1375591012023838;-1.5940928228489972;-1.3495296801241716;-1.615168767316573;-9.001194575598715;0;0;1;1;0;0;-2.722553386380594;0;0.5185993340664212;-2.075062220852418;-1.8631019633049577;-1.052308133985656;-2.4579566378690805;-0.4943525490553087;-0.5565767507809293;1.0304685300397594;-2.206484047681796;-1.8819111259239487;-0.9323811226931288;-2.086348982559044;-0.4688016815309918;-0.2153840955280412;-4.405432714678196;-1.2166745648634176;0.4060604853228998;Enrolled
1;17;-1.7316968666316976;9853;1;-3.0781385481239893;-10.1847705165827;-0.4478770895114957;-4.566269258157115;-5.808301513046543;-2.573935966112086;-2.971209335367337;-8.939005979936486;1;0;0;0;0;1;-3.1253769784824064;0;-0.4236151106854453;-3.0069866396345164;-2.331654701367978;-1.4011868245527102;-2.438298411052137;-0.4943525490553087;0.2121010094051557;-0.4303917461617935;-3.5474598174656107;-2.346663410845464;-1.416696693025454;-2.0640326187992546;-0.4688016815309918;-0.6020048096789214;-4.714164627244141;-0.7997562391364795;0.6975126194958008;Enrolled
1;44;-1.7316968666316976;9085;1;-6.54278189566412;-10.096728667434972;-0.4478770895114957;-1.1375591012023838;-1.5940928228489972;-1.9617328231181288;-1.954178909329264;-8.823512873706633;1;0;0;1;0;0;-3.07502402946968;0;-0.0467293327846987;-3.2399677443300408;-1.7292297524298088;-1.6337726182640795;-2.418882878657694;-0.4943525490553087;-1.1971415509359995;-0.1382196909214829;-3.8827037599115646;-1.8044524117703635;-1.9010122633577784;-2.057058754941256;-0.4688016815309918;-4.50043034403363;-3.68973600827532;-1.3730189370110195;-0.1690195646558445;Enrolled
1;43;-1.7316968666316976;9500;1;-3.0781385481239893;-9.920644969139518;-0.4478770895114957;-1.1375591012023838;-1.5940928228489972;-1.65563125162115;-1.954178909329264;-9.02093698692006;0;0;0;1;0;0;-3.091808345807256;0;-0.4236151106854453;-3.0069866396345164;-2.264718595930404;-1.5174797214083948;-2.3891528447742645;-0.4943525490553087;-0.995821185172978;-0.4303917461617935;-3.212215875019657;-2.346663410845464;-1.1745389078592914;-2.0465979593634747;-0.4688016815309918;0.4612021542359994;-4.012501189594263;-1.6857076813062235;0.1654657705358741;Enrolled
1;1;-1.7316968666316976;9238;1;-3.0781385481239893;-10.126075950484216;-0.4478770895114957;-1.1375591012023838;-1.5940928228489972;-1.9617328231181288;-1.954178909329264;-8.91728932748301;0;0;0;1;0;0;-3.1085926621448308;0;-0.4236151106854453;-3.2399677443300408;-1.930038068742532;-1.866358411975449;-2.537803015210728;-0.4943525490553087;-4.01562667161831;-0.4303917461617935;-3.8827037599115646;-2.0368285542311204;-1.7799333707746974;-2.1895621657326325;-0.4688016815309918;-3.2600222194662227;-4.896597121033111;-0.1743787505460719;0.0735312047229456;Enrolled
1;17;-1.7316968666316976;9853;1;-3.0781385481239893;-10.131945407094063;-0.4478770895114957;-2.8519141796797496;-1.5940928228489972;-2.2678343946151074;-2.2931890513419546;-8.909885923237507;1;0;0;1;0;0;-3.0582397131321044;0;-0.4236151106854453;-3.2399677443300408;-2.1308463850552557;-1.6337726182640795;-2.393399992326281;-0.4943525490553087;-1.1971415509359995;-0.4303917461617935;-3.8827037599115646;-2.346663410845464;-1.537775585608535;-2.1030862554834946;-0.4688016815309918;-0.7792059703314076;-3.787968889546303;-0.0701491691143375;-0.7832207064698774;Enrolled
1;44;-1.7316968666316976;9085;1;-6.54278189566412;-10.096728667434972;-0.4478770895114957;-4.566269258157115;-1.5940928228489972;-2.2678343946151074;-2.2931890513419546;-8.823512873706633;1;0;0;1;0;0;-3.07502402946968;0;-0.4236151106854453;-3.2399677443300408;-2.0639102796176805;-1.7500655151197644;-2.414635731105678;-0.4943525490553087;-2.606384111277156;-0.4303917461617935;-3.8827037599115646;-1.4946175551560208;-2.02209115594086;-2.1616667107190715;-0.4688016815309918;-5.740838468601037;-4.223000220889228;-1.268789355579285;0.3610712297123178;Enrolled
1;39;-1.7316968666316976;9500;1;-3.0781385481239893;-10.038034101336487;-0.4478770895114957;-2.8519141796797496;-1.5940928228489972;-1.9617328231181288;-2.971209335367337;-8.823512873706633;0;1;0;1;0;0;-2.991102447781802;0;-0.4236151106854453;-3.0069866396345164;-2.0639102796176805;-1.6337726182640795;-2.493632678733059;-0.4943525490553087;-2.203743379751111;-0.4303917461617935;-3.212215875019657;-1.9593698400775348;-1.537775585608535;-2.1139654828843875;-0.4688016815309918;-2.329716126040667;-3.68973600827532;-1.3730189370110195;-0.1690195646558445;Enrolled
1;17;-0.0257028619441269;9070;1;-3.0781385481239893;-10.1847705165827;-0.4478770895114957;-2.8519141796797496;-5.808301513046543;-2.573935966112086;-2.971209335367337;-8.878298065123358;0;0;0;1;0;1;-3.1253769784824064;0;-0.4236151106854453;-3.2399677443300408;-2.1977824904928296;-1.6337726182640795;-2.4732463696679283;-0.4943525490553087;-1.1971415509359995;-0.4303917461617935;-3.8827037599115646;-2.346663410845464;-1.658854478191616;-2.153298074256846;-0.4688016815309918;-2.019614094898816;-4.714164627244141;-0.7997562391364795;0.6975126194958008;Enrolled
1;17;-1.7316968666316976;9254;1;-3.0781385481239893;-10.120206493874369;-0.4478770895114957;-1.1375591012023838;-1.5940928228489972;-1.65563125162115;-1.954178909329264;-8.913834405501776;1;0;0;1;0;0;-3.091808345807256;0;-0.4236151106854453;-3.2399677443300408;-1.930038068742532;-1.866358411975449;-2.537803015210728;-0.4943525490553087;-4.01562667161831;-0.4303917461617935;-3.8827037599115646;-2.0368285542311204;-1.7799333707746974;-2.1895621657326325;-0.4688016815309918;-3.2600222194662227;-4.447532520937188;-0.7997562391364795;0.3512909567534956;Enrolled
1;1;-1.7316968666316976;9773;1;-3.0781385481239893;-10.21411779963194;-0.4478770895114957;-1.1375591012023838;-1.5940928228489972;-1.3495296801241716;-1.615168767316573;-8.94789006503109;1;1;0;1;0;0;-3.1085926621448308;0;-0.4236151106854453;-3.2399677443300408;-2.0639102796176805;-1.7500655151197644;-2.440118617437091;-0.4943525490553087;-2.606384111277156;-0.4303917461617935;-3.8827037599115646;-2.1142872683847065;-1.7799333707746974;-2.1616667107190715;-0.4688016815309918;-3.2600222194662227;-4.896597121033111;-0.1743787505460719;0.0735312047229456;Enrolled
1;1;-1.7316968666316976;9254;1;-3.0781385481239893;-10.167162146753151;-0.4478770895114957;-1.1375591012023838;-1.5940928228489972;-1.3495296801241716;-1.615168767316573;-8.887675710500996;0;0;0;1;0;0;-3.1085926621448308;0;-0.4236151106854453;-3.2399677443300408;-2.3985908068055526;-1.5174797214083948;-2.452860060602798;-0.4943525490553087;0.2121010094051557;-0.4303917461617935;-3.8827037599115646;-2.424122124999049;-1.658854478191616;-2.088441141674601;-0.4688016815309918;-2.019614094898816;-4.223000220889228;-1.268789355579285;0.3610712297123178;Enrolled
1;17;-1.7316968666316976;9147;1;-3.0781385481239893;-10.237595626071336;-0.4478770895114957;-1.1375591012023838;-5.808301513046543;-1.3495296801241716;-3.310219477380027;-8.960722632389963;1;0;0;1;0;0;-3.091808345807256;0;-0.4236151106854453;-3.472948849025565;-2.264718595930404;-1.866358411975449;-2.4868372425479013;-0.4943525490553087;-3.170081135413618;-0.4303917461617935;-4.217947702357519;-2.0368285542311204;-1.9010122633577784;-2.175614438016636;-0.4688016815309918;-4.004267094206667;-4.447532520937188;-0.7997562391364795;0.3512909567534956;Enrolled
1;17;-1.7316968666316976;9254;1;-3.0781385481239893;-10.202378886412244;-0.4478770895114957;-1.1375591012023838;-1.5940928228489972;-1.9617328231181288;-2.2931890513419546;-8.93110901540795;0;0;0;1;0;1;-3.091808345807256;0;-0.4236151106854453;-3.2399677443300408;-2.1308463850552557;-1.7500655151197644;-2.4910843900999176;-0.4943525490553087;-2.606384111277156;-0.4303917461617935;-3.8827037599115646;-2.501580839152634;-1.416696693025454;-2.182588301874634;-0.4688016815309918;0.4612021542359994;-4.223000220889228;-1.268789355579285;0.3610712297123178;Enrolled
1;43;-1.7316968666316976;9556;1;-3.0781385481239893;-10.055642471166031;-0.4478770895114957;-4.566269258157115;-5.808301513046543;-2.573935966112086;-3.310219477380027;-9.02093698692006;0;0;0;1;0;0;-3.1253769784824064;0;-0.4236151106854453;-4.171892163112139;-2.6663352285558504;-2.215237102542503;-3.0644493325567166;-0.4943525490553087;-8.243354352641777;-0.4303917461617935;-4.553191644803472;-2.656498267459806;-2.02209115594086;-1.9524507991634408;-0.4688016815309918;-5.1206344063173335;-4.447532520937188;-0.7997562391364795;0.3512909567534956;Enrolled
1;43;-1.7316968666316976;9130;1;-3.0781385481239893;-10.173031603363002;-0.4478770895114957;-1.1375591012023838;-1.5940928228489972;-2.2678343946151074;-2.2931890513419546;-8.91877000833211;1;0;1;1;0;0;-3.1253769784824064;0;-0.4236151106854453;-3.472948849025565;-2.0639102796176805;-2.098944205686818;-2.452860060602798;-0.4943525490553087;-6.55226328023239;-0.4303917461617935;-4.217947702357519;-2.2692046966918777;-1.7799333707746974;-2.119823528407945;-0.4688016815309918;-2.515777344725778;-4.180900414630234;0.3988839473284681;-0.3215918228134705;Enrolled
1;1;-0.5943675301733173;9254;1;-3.0781385481239893;-10.202378886412244;-0.4478770895114957;-1.1375591012023838;-1.5940928228489972;-2.573935966112086;-1.2761586253038824;-8.950357866446259;1;0;0;1;0;1;-3.091808345807256;0;-0.4236151106854453;-3.2399677443300408;-2.264718595930404;-1.6337726182640795;-2.4120874424725365;-0.4943525490553087;-1.1971415509359995;-0.4303917461617935;-3.8827037599115646;-2.2692046966918777;-1.537775585608535;-2.086348982559044;-0.4688016815309918;-0.7792059703314076;-4.223000220889228;-1.268789355579285;0.3610712297123178;Enrolled
1;1;-0.5943675301733173;9147;1;-3.0781385481239893;-10.149553776923607;-0.4478770895114957;-1.1375591012023838;-1.5940928228489972;-1.3495296801241716;-1.954178909329264;-8.861023455217184;1;0;0;1;0;0;-3.1085926621448308;0;-0.4236151106854453;-3.472948849025565;-2.465526912243127;-1.6337726182640795;-2.4630532151353632;-0.4943525490553087;0.2121010094051557;-0.4303917461617935;-4.217947702357519;-2.346663410845464;-1.658854478191616;-2.15120591514129;-0.4688016815309918;-1.027287595244889;-4.643998283479154;-1.94628163488556;-0.5993515748440206;Enrolled
1;17;-1.7316968666316976;9238;1;-3.0781385481239893;-10.049773014556184;-0.4478770895114957;-2.8519141796797496;-3.701197167947771;-2.2678343946151074;-1.615168767316573;-8.873856022576057;0;0;0;1;0;0;-3.091808345807256;0;-0.4236151106854453;-3.2399677443300408;-2.0639102796176805;-1.6337726182640795;-2.524212142330755;-0.4943525490553087;-1.1971415509359995;-0.4303917461617935;-3.8827037599115646;-2.1142872683847065;-1.658854478191616;-2.186772620105747;-0.4688016815309918;-2.019614094898816;-3.787968889546303;-0.0701491691143375;-0.7832207064698774;Enrolled
1;1;-1.7316968666316976;9853;1;-3.0781385481239893;-10.137814863703912;-0.4478770895114957;-2.8519141796797496;-1.5940928228489972;-1.9617328231181288;-1.2761586253038824;-8.866452618330554;1;0;0;1;0;0;-3.091808345807256;0;-0.4236151106854453;-3.2399677443300408;-2.1977824904928296;-1.6337726182640795;-2.333939924559422;-0.4943525490553087;-1.1971415509359995;0.7382964747994489;-3.212215875019657;-2.346663410845464;-1.1745389078592914;-2.0936715394634917;-0.4688016815309918;0.4612021542359994;-3.787968889546303;-0.0701491691143375;-0.7832207064698774;Enrolled
1;44;-1.7316968666316976;9085;1;-6.54278189566412;-10.096728667434972;-0.4478770895114957;-1.1375591012023838;-1.5940928228489972;-1.3495296801241716;-1.954178909329264;-8.823512873706633;0;0;0;1;0;0;-3.091808345807256;0;-0.0467293327846987;-3.2399677443300408;-2.1977824904928296;-1.5174797214083948;-2.418882878657694;-0.4943525490553087;0.2121010094051557;-0.1382196909214829;-3.8827037599115646;-2.0368285542311204;-1.9010122633577784;-2.077980346096819;-0.4688016815309918;-4.50043034403363;-4.012501189594263;-1.6857076813062235;0.1654657705358741;Enrolled
1;1;-1.7316968666316976;9085;1;-3.0781385481239893;-10.32563747521906;-0.4478770895114957;-1.1375591012023838;-1.5940928228489972;-1.3495296801241716;-2.6321991933546456;-9.016001384089725;1;0;1;1;0;0;-3.0582397131321044;0;-0.4236151106854453;-3.2399677443300408;-2.1977824904928296;-1.6337726182640795;-2.384905697222248;-0.4943525490553087;-1.1971415509359995;-0.4303917461617935;-3.8827037599115646;-1.649534983463192;-1.658854478191616;-2.144929437794621;-0.4688016815309918;-2.019614094898816;-4.223000220889228;-1.268789355579285;0.3610712297123178;Enrolled
1;1;-1.7316968666316976;9853;1;-3.0781385481239893;-10.17890105997285;-0.4478770895114957;-4.566269258157115;-3.701197167947771;-2.880037537609065;-2.2931890513419546;-8.937525299087387;1;1;0;1;0;0;-3.1253769784824064;0;-0.4236151106854453;-3.0069866396345164;-2.1308463850552557;-1.5174797214083948;-2.520814423983347;-0.4943525490553087;-0.995821185172978;-0.4303917461617935;-3.5474598174656107;-2.0368285542311204;-1.416696693025454;-2.0849542099548173;-0.4688016815309918;-0.6020048096789214;-4.012501189594263;-1.6857076813062235;0.1654657705358741;Enrolled
1;17;-0.5943675301733173;9085;1;-3.0781385481239893;-10.131945407094063;-0.4478770895114957;-1.1375591012023838;-1.5940928228489972;-1.3495296801241716;-1.615168767316573;-8.920250689181211;1;0;0;1;0;0;-3.091808345807256;0;-0.4236151106854453;-3.472948849025565;-1.930038068742532;-1.866358411975449;-2.4868372425479013;3.4756540847459183;-3.170081135413618;-0.4303917461617935;-4.217947702357519;-2.346663410845464;-1.537775585608535;-2.094717619021269;-0.4688016815309918;0.4612021542359994;-4.643998283479154;-1.94628163488556;-0.5993515748440206;Enrolled
1;1;-1.7316968666316976;9070;1;-3.0781385481239893;-10.1847705165827;-0.4478770895114957;-2.8519141796797496;-3.701197167947771;-2.2678343946151074;-2.6321991933546456;-8.862997696349318;0;0;0;0;0;0;-3.1253769784824064;0;-0.235172221735072;-3.2399677443300408;-2.1308463850552557;-1.6337726182640795;-2.442666906070232;1.4906507678453047;-1.1971415509359995;-0.4303917461617935;-3.8827037599115646;-2.1142872683847065;-1.658854478191616;-2.16864057457707;-0.4688016815309918;-2.019614094898816;-4.012501189594263;-1.6857076813062235;0.1654657705358741;Enrolled
1;39;-1.7316968666316976;9500;1;0.3865047994161424;-10.137227918042926;-0.4478770895114957;-1.1375591012023838;-1.5940928228489972;-1.9617328231181288;-2.2931890513419546;-8.805251143234392;0;0;0;1;0;0;-2.974318131444227;0;-0.4236151106854453;-3.0069866396345164;-1.9969741741801064;-1.7500655151197644;-2.3509285152771446;-0.4943525490553087;-3.4116655743292443;-0.4303917461617935;-3.5474598174656107;-1.8819111259239487;-1.7799333707746974;-2.0978558576946043;-0.4688016815309918;-3.7916257014236825;-4.223000220889228;-1.268789355579285;0.3610712297123178;Enrolled
1;39;-1.7316968666316976;33;1;-3.0781385481239893;-10.096728667434972;-0.4478770895114957;-4.566269258157115;-3.701197167947771;-2.880037537609065;-2.6321991933546456;-8.760337157478338;0;0;0;1;0;0;-2.991102447781802;0;-0.4236151106854453;-3.0069866396345164;-2.1977824904928296;-1.4011868245527102;-2.312704185780025;-0.4943525490553087;0.2121010094051557;-0.4303917461617935;-3.5474598174656107;-2.0368285542311204;-1.537775585608535;-2.0445058002479186;4.538020150393384;-1.6652117735938414;-3.68973600827532;-1.3730189370110195;-0.1690195646558445;Enrolled
1;1;-1.1630321984025074;9070;1;-3.0781385481239893;-10.208248343022094;-0.4478770895114957;-4.566269258157115;-3.701197167947771;-2.880037537609065;-2.971209335367337;-8.91877000833211;1;0;0;1;0;0;-3.1253769784824064;0;-0.4236151106854453;-3.2399677443300408;-2.264718595930404;-1.7500655151197644;-2.516567276431331;-0.4943525490553087;-2.606384111277156;-0.4303917461617935;-3.8827037599115646;-2.2692046966918777;-2.143170048523941;-2.6219417161414573;-0.4688016815309918;-6.981246593168445;-4.643998283479154;-1.94628163488556;-0.5993515748440206;Enrolled
1;39;-1.7316968666316976;9119;1;0.3865047994161424;-10.137227918042926;-0.4478770895114957;-1.1375591012023838;-1.5940928228489972;-1.9617328231181288;-2.971209335367337;-9.016494944372756;1;0;0;1;1;0;-3.024671080456953;0;-0.4236151106854453;-3.472948849025565;-2.1977824904928296;-2.098944205686818;-2.452860060602798;-0.4943525490553087;-6.55226328023239;-0.4303917461617935;-4.217947702357519;-2.501580839152634;-1.7799333707746974;-2.182588301874634;-0.4688016815309918;-2.515777344725778;-4.447532520937188;-0.7997562391364795;0.3512909567534956;Enrolled
1;17;-1.7316968666316976;9147;1;-3.0781385481239893;-10.17890105997285;-0.4478770895114957;-1.1375591012023838;-1.5940928228489972;-2.2678343946151074;-1.954178909329264;-8.937525299087387;0;0;0;1;1;1;-3.1085926621448308;0;-0.4236151106854453;-3.472948849025565;-1.9969741741801064;-1.866358411975449;-2.4698486513205204;-0.4943525490553087;-3.170081135413618;-0.4303917461617935;-4.217947702357519;-2.191745982538292;-1.7799333707746974;-2.13377125570551;-0.4688016815309918;-2.515777344725778;-4.180900414630234;0.3988839473284681;-0.3215918228134705;Enrolled
1;1;-1.7316968666316976;9147;1;-3.0781385481239893;-10.231726169461488;-0.4478770895114957;-1.1375591012023838;-1.5940928228489972;-1.9617328231181288;-1.954178909329264;-8.930121894841882;0;0;0;1;1;0;-3.091808345807256;0;-0.4236151106854453;-3.472948849025565;-2.264718595930404;-1.6337726182640795;-2.5547916059284512;-0.4943525490553087;0.2121010094051557;-0.4303917461617935;-4.217947702357519;-2.191745982538292;-1.9010122633577784;-2.119823528407945;-0.4688016815309918;-4.004267094206667;-4.896597121033111;-0.1743787505460719;0.0735312047229456;Enrolled
1;17;-1.1630321984025074;9119;1;-3.0781385481239893;-10.173031603363002;-0.4478770895114957;-1.1375591012023838;-3.701197167947771;-1.3495296801241716;-1.2761586253038824;-8.916795767199977;1;0;0;1;1;1;-3.1253769784824064;0;-0.4236151106854453;-3.472948849025565;-2.3985908068055526;-1.6337726182640795;-2.391701133407406;-0.4943525490553087;0.2121010094051557;-0.4303917461617935;-4.217947702357519;-2.346663410845464;-1.537775585608535;-2.094717619021269;-0.4688016815309918;0.4612021542359994;-4.714164627244141;-0.7997562391364795;0.6975126194958008;Enrolled
1;1;-1.1630321984025074;9147;1;-3.0781385481239893;-10.137814863703912;-0.4478770895114957;-1.1375591012023838;-3.701197167947771;-1.9617328231181288;-1.2761586253038824;-8.913340845218741;0;0;0;1;1;0;-3.091808345807256;0;-0.4236151106854453;-3.472948849025565;-2.1977824904928296;-1.7500655151197644;-2.5445984513958853;-0.4943525490553087;-1.4789900630042303;-0.4303917461617935;-4.217947702357519;-2.501580839152634;-1.7799333707746974;-2.1616667107190715;-0.4688016815309918;-2.515777344725778;-3.787968889546303;-0.0701491691143375;-0.7832207064698774;Enrolled
1;39;-1.7316968666316976;9119;1;-10.007425243204253;-10.21411779963194;-0.4478770895114957;-2.8519141796797496;-3.701197167947771;-1.9617328231181288;-1.2761586253038824;-8.789950774460351;0;0;0;1;1;0;-3.0078867641193776;0;-0.0467293327846987;-3.472948849025565;-2.3985908068055526;-1.6337726182640795;-2.340735360744579;-0.4943525490553087;0.2121010094051557;-0.1382196909214829;-4.217947702357519;-2.5790395533062207;-1.9010122633577784;-2.057058754941256;-0.4688016815309918;-4.004267094206667;-3.68973600827532;-1.3730189370110195;-0.1690195646558445;Enrolled
1;1;-1.7316968666316976;9670;1;-3.0781385481239893;-10.137227918042926;-0.4478770895114957;-1.1375591012023838;-1.5940928228489972;-1.9617328231181288;-1.954178909329264;-8.833384079367304;0;0;1;1;1;0;-3.0582397131321044;0;-0.4236151106854453;-3.2399677443300408;-2.264718595930404;-1.5174797214083948;-2.4210064526885318;-0.4943525490553087;0.2121010094051557;-0.4303917461617935;-3.8827037599115646;-2.1142872683847065;-1.9010122633577784;-2.01521557263013;-0.4688016815309918;-4.50043034403363;-4.405432714678196;-1.2166745648634176;0.4060604853228998;Enrolled
1;1;-1.7316968666316976;9500;1;-3.0781385481239893;-10.043903557946336;-0.4478770895114957;-1.1375591012023838;-1.5940928228489972;-1.3495296801241716;-1.615168767316573;-8.833384079367304;0;0;0;1;1;0;-3.1253769784824064;0;-0.4236151106854453;-2.774005534938992;-2.0639102796176805;-1.5174797214083948;-2.3765812873475483;1.4906507678453047;-1.9017628311065773;-0.4303917461617935;-3.212215875019657;-2.1142872683847065;-1.416696693025454;-2.057198232076149;1.2001389291104665;-1.3994100326151115;-4.643998283479154;-1.94628163488556;-0.5993515748440206;Enrolled
1;17;-1.7316968666316976;9147;1;-3.0781385481239893;-10.155423233533456;-0.4478770895114957;-1.1375591012023838;-3.701197167947771;-1.65563125162115;-2.6321991933546456;-8.933083256540083;1;0;0;1;1;0;-3.091808345807256;0;-0.4236151106854453;-3.472948849025565;-2.264718595930404;-1.866358411975449;-2.5038258332656245;-0.4943525490553087;-3.170081135413618;-0.4303917461617935;-4.217947702357519;-2.1142872683847065;-1.7799333707746974;-2.119823528407945;-0.4688016815309918;-2.515777344725778;-4.447532520937188;-0.7997562391364795;0.3512909567534956;Enrolled
1;44;-1.7316968666316976;9254;1;-6.54278189566412;-10.155423233533456;-0.4478770895114957;-2.8519141796797496;-3.701197167947771;-1.65563125162115;-1.954178909329264;-8.872868902009989;1;0;1;1;1;0;-3.041455396794529;0;-0.4236151106854453;-3.2399677443300408;-1.9969741741801064;-1.866358411975449;-2.478342946934211;-0.4943525490553087;-4.01562667161831;-0.4303917461617935;-3.8827037599115646;-2.0368285542311204;-1.7799333707746974;-2.175614438016636;-0.4688016815309918;-3.2600222194662227;-4.714164627244141;-0.7997562391364795;0.6975126194958008;Enrolled
1;1;-1.7316968666316976;9130;1;-3.0781385481239893;-10.143684320313758;-0.4478770895114957;-2.8519141796797496;-3.701197167947771;-2.573935966112086;-2.971209335367337;-8.804264022668324;1;0;0;1;1;0;-3.091808345807256;0;-0.4236151106854453;-3.472948849025565;-1.8631019633049577;-1.982651308831134;-2.5038258332656245;5.460657401646532;-4.861172207823003;-0.4303917461617935;-4.217947702357519;-2.2692046966918777;-1.7799333707746974;-2.091928073394384;-0.4688016815309918;-2.515777344725778;-4.643998283479154;-1.94628163488556;-0.5993515748440206;Enrolled
1;1;1.1116264745142534;9147;1;-3.0781385481239893;-10.208248343022094;-0.4478770895114957;-4.566269258157115;-1.5940928228489972;-2.2678343946151074;-2.2931890513419546;-8.93801885937042;0;0;0;1;1;0;-3.091808345807256;0;-0.4236151106854453;-3.472948849025565;-1.8631019633049577;-1.866358411975449;-2.432473751537667;-0.4943525490553087;-3.170081135413618;-0.4303917461617935;-4.217947702357519;-2.346663410845464;-1.537775585608535;-2.16864057457707;-0.4688016815309918;0.4612021542359994;-4.012501189594263;-1.6857076813062235;0.1654657705358741;Enrolled
1;39;-1.1630321984025074;9991;0;-3.0781385481239893;-9.908906055919822;-0.4478770895114957;-1.1375591012023838;-1.5940928228489972;-1.3495296801241716;-1.954178909329264;-8.774156845403278;1;0;0;1;0;1;-2.9575338151066517;0;-0.4236151106854453;-3.472948849025565;-2.331654701367978;-1.6337726182640795;-2.524212142330755;-0.4943525490553087;0.2121010094051557;-0.4303917461617935;-4.217947702357519;-2.501580839152634;-1.537775585608535;-2.195141256567972;-0.4688016815309918;0.4612021542359994;-4.643998283479154;-1.94628163488556;-0.5993515748440206;Enrolled
1;17;-1.7316968666316976;9670;1;-3.0781385481239893;-10.090859210825124;-0.4478770895114957;-2.8519141796797496;-1.5940928228489972;-1.65563125162115;-1.954178909329264;-8.878791625406393;1;0;0;1;0;0;-3.1085926621448308;0;-0.4236151106854453;-3.2399677443300408;-2.3985908068055526;-1.5174797214083948;-2.308457038228008;-0.4943525490553087;0.2121010094051557;-0.4303917461617935;-3.8827037599115646;-2.346663410845464;-1.416696693025454;-2.066025150971455;-0.4688016815309918;0.4612021542359994;-4.714164627244141;-0.7997562391364795;0.6975126194958008;Enrolled
1;1;-1.7316968666316976;9500;1;-3.0781385481239893;-10.137814863703912;-0.4478770895114957;-4.566269258157115;-1.5940928228489972;-2.880037537609065;-1.954178909329264;-8.889156391350097;0;0;0;1;0;0;-3.1085926621448308;0;-0.4236151106854453;-3.0069866396345164;-1.9969741741801064;-1.7500655151197644;-2.4299254629045257;-0.4943525490553087;-3.4116655743292443;-0.4303917461617935;-3.5474598174656107;-2.1142872683847065;-1.537775585608535;-2.1323764831012832;-0.4688016815309918;-1.6652117735938414;-3.68973600827532;-1.3730189370110195;-0.1690195646558445;Enrolled
1;17;-1.7316968666316976;9670;1;-3.0781385481239893;-10.008686818287243;-0.4478770895114957;-2.8519141796797496;-1.5940928228489972;-2.2678343946151074;-1.954178909329264;-8.849671568707413;1;0;0;1;0;0;-3.091808345807256;0;-0.4236151106854453;-3.2399677443300408;-2.264718595930404;-1.6337726182640795;-2.3815079788748403;-0.4943525490553087;-1.1971415509359995;-0.4303917461617935;-3.8827037599115646;-2.191745982538292;-1.658854478191616;-2.077980346096819;-0.4688016815309918;-2.019614094898816;-4.180900414630234;0.3988839473284681;-0.3215918228134705;Enrolled
1;17;-1.7316968666316976;9003;1;-3.0781385481239893;-10.21998725624179;-0.4478770895114957;-1.1375591012023838;-1.5940928228489972;-2.2678343946151074;-1.954178909329264;-8.955787029559627;0;0;1;1;0;0;-3.091808345807256;0;-0.4236151106854453;-3.2399677443300408;-2.264718595930404;-1.5174797214083948;-2.384905697222248;-0.4943525490553087;0.2121010094051557;-0.4303917461617935;-3.8827037599115646;-2.346663410845464;-1.537775585608535;-2.036137163785693;-0.4688016815309918;-0.7792059703314076;-4.405432714678196;-1.2166745648634176;0.4060604853228998;Enrolled
1;43;-0.5943675301733173;9500;1;-3.0781385481239893;-10.17890105997285;-0.4478770895114957;-1.1375591012023838;-1.5940928228489972;-1.65563125162115;-2.2931890513419546;-8.901001838142902;1;0;0;1;0;1;-3.1253769784824064;0;-0.4236151106854453;-3.0069866396345164;-2.264718595930404;-1.6337726182640795;-2.4538793760560544;-0.4943525490553087;-2.203743379751111;-0.4303917461617935;-3.5474598174656107;-2.346663410845464;-1.537775585608535;-2.120660392054168;-0.4688016815309918;-1.6652117735938414;-4.896597121033111;-0.1743787505460719;0.0735312047229456;Enrolled
1;17;-0.5943675301733173;9147;1;-3.0781385481239893;-10.22585671285164;-0.4478770895114957;-2.8519141796797496;-1.5940928228489972;-1.9617328231181288;-1.954178909329264;-8.932096135974017;0;0;0;1;0;0;-3.091808345807256;0;-0.4236151106854453;-3.472948849025565;-2.0639102796176805;-1.7500655151197644;-2.5038258332656245;-0.4943525490553087;-1.4789900630042303;-0.4303917461617935;-4.217947702357519;-2.424122124999049;-1.537775585608535;-2.069611709634594;-0.4688016815309918;0.4612021542359994;-4.223000220889228;-1.268789355579285;0.3610712297123178;Enrolled
1;44;-1.7316968666316976;9085;1;-6.54278189566412;-10.096728667434972;-0.4478770895114957;-4.566269258157115;-3.701197167947771;-2.880037537609065;-2.971209335367337;-8.823512873706633;1;0;0;1;0;0;-3.1085926621448308;0;-0.4236151106854453;-3.2399677443300408;-2.1308463850552557;-1.6337726182640795;-2.418882878657694;-0.4943525490553087;-1.1971415509359995;-0.4303917461617935;-3.8827037599115646;-1.4946175551560208;-1.658854478191616;-2.1302843239857268;-0.4688016815309918;-2.019614094898816;-4.223000220889228;-1.268789355579285;0.3610712297123178;Enrolled
1;1;-1.1630321984025074;9853;1;-3.0781385481239893;-10.231726169461488;-0.4478770895114957;-2.8519141796797496;-1.5940928228489972;-2.2678343946151074;-1.615168767316573;-8.973061639465802;1;0;0;1;0;0;-3.1085926621448308;0;-0.4236151106854453;-3.2399677443300408;-2.1977824904928296;-1.6337726182640795;-2.442666906070232;-0.4943525490553087;-1.1971415509359995;-0.4303917461617935;-3.8827037599115646;-2.191745982538292;-1.658854478191616;-2.077980346096819;-0.4688016815309918;-2.019614094898816;-4.643998283479154;-1.94628163488556;-0.5993515748440206;Enrolled
1;39;-1.7316968666316976;9991;0;-3.0781385481239893;-10.21411779963194;-0.4478770895114957;-1.1375591012023838;-3.701197167947771;-1.3495296801241716;-2.6321991933546456;-8.906431001256271;0;0;0;1;0;0;-2.974318131444227;0;-0.4236151106854453;-3.472948849025565;-2.1977824904928296;-1.866358411975449;-2.520814423983347;-0.4943525490553087;-3.170081135413618;-0.4303917461617935;-4.217947702357519;-2.424122124999049;-1.658854478191616;-2.144929437794621;-0.4688016815309918;-1.027287595244889;-4.447532520937188;-0.7997562391364795;0.3512909567534956;Enrolled
1;1;1.1116264745142534;9147;1;-3.0781385481239893;-10.167162146753151;-0.4478770895114957;-1.1375591012023838;-1.5940928228489972;-1.3495296801241716;-1.615168767316573;-8.93949954021952;0;0;0;1;0;0;-3.1253769784824064;0;-0.4236151106854453;-3.472948849025565;-2.1977824904928296;-1.866358411975449;-2.4698486513205204;-0.4943525490553087;-3.170081135413618;-0.4303917461617935;-4.217947702357519;-1.8044524117703635;-1.9010122633577784;-2.1616667107190715;-0.4688016815309918;-4.004267094206667;-4.896597121033111;-0.1743787505460719;0.0735312047229456;Enrolled
1;1;-1.7316968666316976;9147;1;-3.0781385481239893;-10.161292690143304;-0.4478770895114957;-1.1375591012023838;-1.5940928228489972;-2.2678343946151074;-1.615168767316573;-8.91728932748301;1;0;0;1;0;0;-3.1253769784824064;0;-0.4236151106854453;-3.472948849025565;-2.264718595930404;-1.982651308831134;-2.5293087195970374;-0.4943525490553087;-4.861172207823003;-0.4303917461617935;-4.217947702357519;-2.424122124999049;-1.7799333707746974;-2.1058758011103804;-0.4688016815309918;-2.515777344725778;-4.896597121033111;-0.1743787505460719;0.0735312047229456;Enrolled
1;1;-0.5943675301733173;9500;1;-3.0781385481239893;-10.079120297605428;-0.4478770895114957;-1.1375591012023838;-1.5940928228489972;-1.65563125162115;-1.954178909329264;-8.854113611254714;1;0;0;1;0;0;-3.1253769784824064;0;-0.4236151106854453;-2.774005534938992;-2.264718595930404;-1.2848939276970257;-2.33723146387401;-0.4943525490553087;0.2121010094051557;-0.4303917461617935;-3.212215875019657;-2.346663410845464;-1.1745389078592914;-2.024891808539578;-0.4688016815309918;0.4612021542359994;-4.643998283479154;-1.94628163488556;-0.5993515748440206;Enrolled
1;1;-1.7316968666316976;9147;1;-3.0781385481239893;-10.155423233533456;-0.4478770895114957;-1.1375591012023838;-1.5940928228489972;-1.3495296801241716;-1.615168767316573;-8.863984816915385;1;0;0;1;0;1;-3.1085926621448308;0;-0.4236151106854453;-3.472948849025565;-2.264718595930404;-1.982651308831134;-2.5293087195970374;-0.4943525490553087;-4.861172207823003;-0.4303917461617935;-4.217947702357519;-2.1142872683847065;-1.7799333707746974;-2.0640326187992546;-0.4688016815309918;-2.515777344725778;-4.896597121033111;-0.1743787505460719;0.0735312047229456;Enrolled
1;1;-1.7316968666316976;9238;1;-3.0781385481239893;-10.126075950484216;-0.4478770895114957;-1.1375591012023838;-3.701197167947771;-2.573935966112086;-2.2931890513419546;-8.91728932748301;0;0;0;1;0;0;-3.07502402946968;0;-0.4236151106854453;-3.2399677443300408;-2.0639102796176805;-1.6337726182640795;-2.493632678733059;-0.4943525490553087;-1.1971415509359995;-0.4303917461617935;-3.8827037599115646;-1.8044524117703635;-2.02209115594086;-2.2035098930301973;-0.4688016815309918;-5.740838468601037;-4.896597121033111;-0.1743787505460719;0.0735312047229456;Enrolled
1;53;-1.7316968666316976;9085;1;-6.54278189566412;-10.096728667434972;-0.4478770895114957;-2.8519141796797496;-3.701197167947771;-1.9617328231181288;-2.2931890513419546;-8.807225384366527;1;0;0;0;0;0;-3.041455396794529;0;0.895485111967168;-1.8420811161568935;-1.5284214361170858;-1.1686010308413406;-2.367917105994868;-0.4943525490553087;-1.9017628311065773;0.7382964747994489;-2.8769719325737038;-1.8044524117703635;-1.416696693025454;-2.057058754941256;-0.4688016815309918;-2.019614094898816;-4.714164627244141;-0.7997562391364795;0.6975126194958008;Enrolled
1;1;-0.0257028619441269;9238;1;-3.0781385481239893;-10.1847705165827;-0.4478770895114957;-1.1375591012023838;-1.5940928228489972;-1.3495296801241716;-1.954178909329264;-8.947396504748056;1;0;1;1;0;1;-3.1085926621448308;0;-0.4236151106854453;-3.2399677443300408;-2.1977824904928296;-1.6337726182640795;-2.483439524200494;-0.4943525490553087;-1.1971415509359995;-0.4303917461617935;-3.8827037599115646;-2.2692046966918777;-1.7799333707746974;-2.2035098930301973;-0.4688016815309918;-3.2600222194662227;-4.714164627244141;-0.7997562391364795;0.6975126194958008;Enrolled
1;1;-1.7316968666316976;9238;1;-3.0781385481239893;-10.126075950484216;-0.4478770895114957;-1.1375591012023838;-1.5940928228489972;-1.9617328231181288;-1.2761586253038824;-8.91728932748301;0;0;1;1;0;0;-3.1253769784824064;0;-0.4236151106854453;-3.2399677443300408;-2.1308463850552557;-1.6337726182640795;-2.524212142330755;-0.4943525490553087;-1.1971415509359995;-0.4303917461617935;-3.8827037599115646;-1.8819111259239487;-1.9010122633577784;-2.2035098930301973;-0.4688016815309918;-4.50043034403363;-4.896597121033111;-0.1743787505460719;0.0735312047229456;Enrolled
1;1;-1.7316968666316976;9500;1;-3.0781385481239893;-10.231726169461488;-0.4478770895114957;-1.1375591012023838;-1.5940928228489972;-1.65563125162115;-1.954178909329264;-8.935057497672219;1;0;0;1;0;0;-3.1085926621448308;0;-0.4236151106854453;-3.0069866396345164;-1.9969741741801064;-1.6337726182640795;-2.4630532151353632;-0.4943525490553087;-2.203743379751111;-0.4303917461617935;-3.5474598174656107;-2.2692046966918777;-1.416696693025454;-2.1320277900548343;-0.4688016815309918;-0.6020048096789214;-4.405432714678196;-1.2166745648634176;0.4060604853228998;Enrolled
1;1;-1.7316968666316976;9853;1;-3.0781385481239893;-10.137814863703912;-0.4478770895114957;-1.1375591012023838;-1.5940928228489972;-1.65563125162115;-1.954178909329264;-8.889156391350097;1;0;0;1;0;0;-3.1253769784824064;0;-0.4236151106854453;-3.2399677443300408;-2.1977824904928296;-1.6337726182640795;-2.461354356216488;-0.4943525490553087;-1.1971415509359995;-0.4303917461617935;-3.8827037599115646;-2.501580839152634;-1.658854478191616;-2.119823528407945;-0.4688016815309918;-2.019614094898816;-3.787968889546303;-0.0701491691143375;-0.7832207064698774;Enrolled
1;1;-1.7316968666316976;9254;1;-3.0781385481239893;-10.096728667434972;-0.4478770895114957;-1.1375591012023838;-1.5940928228489972;-1.3495296801241716;-2.971209335367337;-8.872868902009989;0;0;0;1;1;0;-3.07502402946968;0;-0.4236151106854453;-3.2399677443300408;-2.264718595930404;-1.5174797214083948;-2.4237367620111336;-0.4943525490553087;0.2121010094051557;-0.4303917461617935;-3.8827037599115646;-2.191745982538292;-1.658854478191616;-2.077980346096819;-0.4688016815309918;-2.019614094898816;-4.180900414630234;0.3988839473284681;-0.3215918228134705;Enrolled
1;1;-1.7316968666316976;9254;1;-3.0781385481239893;-10.014556274897092;-0.4478770895114957;-4.566269258157115;-3.701197167947771;-2.880037537609065;-3.310219477380027;-8.837332561631573;0;0;0;1;1;0;-3.091808345807256;0;-0.4236151106854453;-3.2399677443300408;-1.9969741741801064;-1.866358411975449;-2.5547916059284512;-0.4943525490553087;-4.01562667161831;-0.4303917461617935;-3.8827037599115646;-2.2692046966918777;-1.537775585608535;-2.1700353471812965;-0.4688016815309918;-0.7792059703314076;-3.787968889546303;-0.0701491691143375;-0.7832207064698774;Enrolled
1;44;-1.7316968666316976;9085;1;-6.54278189566412;-10.155423233533456;-0.4478770895114957;-4.566269258157115;-5.808301513046543;-1.65563125162115;-1.954178909329264;-8.872868902009989;0;0;0;0;1;0;-3.091808345807256;0;-0.0467293327846987;-3.2399677443300408;-2.1308463850552557;-1.6337726182640795;-2.391701133407406;-0.4943525490553087;-1.1971415509359995;-0.1382196909214829;-3.8827037599115646;-1.339700126848849;-1.7799333707746974;-2.119823528407945;-0.4688016815309918;-3.2600222194662227;-4.223000220889228;-1.268789355579285;0.3610712297123178;Enrolled
2;42;-1.7316968666316976;9991;0;-10.007425243204253;-10.196509429802395;-0.4478770895114957;-1.1375591012023838;-1.5940928228489972;-1.3495296801241716;-1.615168767316573;-8.907418121822339;0;0;0;1;1;0;-2.806474968068472;0;-0.4236151106854453;-3.472948849025565;-2.1308463850552557;-1.6337726182640795;-2.2591901244840566;-0.4943525490553087;0.2121010094051557;-0.4303917461617935;-4.217947702357519;-2.5790395533062207;-1.537775585608535;-1.8855017074656395;-0.4688016815309918;0.4612021542359994;-4.643998283479154;-1.94628163488556;-0.5993515748440206;Enrolled
1;43;-1.7316968666316976;9670;1;-3.0781385481239893;-10.084989754215275;-0.4478770895114957;-1.1375591012023838;-3.701197167947771;-1.65563125162115;-1.2761586253038824;-8.830916277952138;1;0;0;1;1;0;-3.1253769784824064;0;-0.4236151106854453;-3.2399677443300408;-1.7292297524298088;-1.6337726182640795;-2.36112166980971;-0.4943525490553087;-1.1971415509359995;-0.4303917461617935;-3.8827037599115646;-2.424122124999049;-1.537775585608535;-2.1030862554834946;-0.4688016815309918;-0.7792059703314076;-4.012501189594263;-1.6857076813062235;0.1654657705358741;Enrolled
1;1;-1.7316968666316976;9254;1;-3.0781385481239893;-10.243465082681183;-0.4478770895114957;-1.1375591012023838;-3.701197167947771;-2.573935966112086;-1.954178909329264;-8.953812788427493;0;0;0;1;1;0;-3.041455396794529;0;-0.4236151106854453;-3.2399677443300408;-2.1308463850552557;-1.5174797214083948;-2.4018942879399714;-0.4943525490553087;0.2121010094051557;-0.4303917461617935;-3.8827037599115646;-2.2692046966918777;-1.416696693025454;-2.119823528407945;-0.4688016815309918;0.4612021542359994;-4.405432714678196;-1.2166745648634176;0.4060604853228998;Enrolled
1;43;-1.7316968666316976;9670;1;-3.0781385481239893;-10.090859210825124;-0.4478770895114957;-4.566269258157115;-5.808301513046543;-2.880037537609065;-3.310219477380027;-8.856581412669883;1;0;0;1;1;0;-3.1253769784824064;0;-0.4236151106854453;-3.2399677443300408;-1.930038068742532;-1.7500655151197644;-2.3636699584428515;-0.4943525490553087;-2.606384111277156;-0.4303917461617935;-3.8827037599115646;-2.346663410845464;-1.537775585608535;-2.153298074256846;-0.4688016815309918;-0.7792059703314076;-4.012501189594263;-1.6857076813062235;0.1654657705358741;Enrolled
1;43;-1.7316968666316976;9773;1;-3.0781385481239893;-10.096728667434972;-0.4478770895114957;-4.566269258157115;-1.5940928228489972;-2.573935966112086;-1.954178909329264;-8.937525299087387;0;0;0;1;1;0;-2.8903965497563493;0;0.7070422230167946;-2.075062220852418;-1.7961658578673834;-1.4011868245527102;-2.489264183714963;-0.4943525490553087;-2.862610031339184;1.0304685300397594;-3.5474598174656107;-2.191745982538292;-1.416696693025454;-2.1058758011103804;-0.4688016815309918;-0.6020048096789214;-4.012501189594263;-1.6857076813062235;0.1654657705358741;Enrolled
1;15;-1.7316968666316976;9147;1;-3.0781385481239893;-10.137227918042926;22.887651307709195;-2.8519141796797496;-5.808301513046543;-1.65563125162115;-2.971209335367337;-9.02093698692006;0;0;1;1;1;0;-2.7561220190557454;1;-0.4236151106854453;-3.472948849025565;-2.1308463850552557;-2.098944205686818;-2.5038258332656245;-0.4943525490553087;-6.55226328023239;-0.4303917461617935;-4.217947702357519;-2.191745982538292;-2.02209115594086;-2.2035098930301973;-0.4688016815309918;-5.492756843687555;-4.405432714678196;-1.2166745648634176;0.4060604853228998;Enrolled
1;1;-0.0257028619441269;9147;1;-3.0781385481239893;-10.21411779963194;-0.4478770895114957;-1.1375591012023838;-1.5940928228489972;-1.9617328231181288;-1.2761586253038824;-8.965164674937265;0;0;0;1;1;0;-3.091808345807256;0;-0.4236151106854453;-3.472948849025565;-2.264718595930404;-1.6337726182640795;-2.5445984513958853;-0.4943525490553087;0.2121010094051557;-0.4303917461617935;-4.217947702357519;-2.424122124999049;-1.537775585608535;-2.153298074256846;-0.4688016815309918;0.4612021542359994;-4.223000220889228;-1.268789355579285;0.3610712297123178;Enrolled
1;44;-1.7316968666316976;9130;1;-6.54278189566412;-10.038034101336487;-0.4478770895114957;-2.8519141796797496;-3.701197167947771;-2.2678343946151074;-2.6321991933546456;-8.774156845403278;1;0;0;1;0;0;-3.091808345807256;0;-0.4236151106854453;-3.472948849025565;-2.331654701367978;-1.7500655151197644;-2.452860060602798;1.4906507678453047;-1.4789900630042303;-0.4303917461617935;-4.217947702357519;-2.501580839152634;-1.658854478191616;-2.1030862554834946;-0.4688016815309918;-1.027287595244889;-4.447532520937188;-0.7997562391364795;0.3512909567534956;Enrolled
1;1;-0.5943675301733173;9500;1;-3.0781385481239893;-10.120206493874369;-0.4478770895114957;-2.8519141796797496;-1.5940928228489972;-2.2678343946151074;-1.615168767316573;-8.86743973889662;1;0;0;1;0;0;-3.1085926621448308;0;-0.4236151106854453;-3.0069866396345164;-2.1977824904928296;-1.5174797214083948;-2.3809255129743594;-0.4943525490553087;-0.995821185172978;-0.4303917461617935;-3.212215875019657;-2.0368285542311204;-1.2956178004423726;-2.065659853713402;-0.4688016815309918;-0.4691039391895559;-3.787968889546303;-0.0701491691143375;-0.7832207064698774;Enrolled
1;1;-1.7316968666316976;9085;1;-3.0781385481239893;-10.17890105997285;-0.4478770895114957;-4.566269258157115;-3.701197167947771;-2.880037537609065;-1.954178909329264;-8.902976079275037;1;0;0;1;0;0;-3.1085926621448308;0;-0.4236151106854453;-3.2399677443300408;-1.930038068742532;-1.7500655151197644;-2.4630532151353632;-0.4943525490553087;-2.606384111277156;-0.4303917461617935;-3.8827037599115646;-1.5720762693096064;-1.658854478191616;-2.11145489194572;-0.4688016815309918;-2.019614094898816;-4.223000220889228;-1.268789355579285;0.3610712297123178;Enrolled
1;17;-1.7316968666316976;9853;1;-3.0781385481239893;-10.21998725624179;-0.4478770895114957;-4.566269258157115;-5.808301513046543;-2.573935966112086;-2.971209335367337;-8.9686195969185;0;0;0;1;0;0;-3.091808345807256;0;-0.4236151106854453;-3.0069866396345164;-2.1977824904928296;-1.5174797214083948;-2.461354356216488;-0.4943525490553087;-0.995821185172978;-0.4303917461617935;-3.5474598174656107;-2.424122124999049;-1.416696693025454;-2.0221894364881283;-0.4688016815309918;-0.6020048096789214;-4.405432714678196;-1.2166745648634176;0.4060604853228998;Enrolled
1;1;-0.5943675301733173;9500;1;-3.0781385481239893;-10.014556274897092;-0.4478770895114957;-4.566269258157115;-5.808301513046543;-2.880037537609065;-2.971209335367337;-8.877804504840325;1;0;0;1;0;0;-3.1253769784824064;0;-0.4236151106854453;-2.774005534938992;-2.1977824904928296;-1.5174797214083948;-2.384311096371296;3.4756540847459183;-1.9017628311065773;-0.4303917461617935;-3.212215875019657;-2.2692046966918777;-1.416696693025454;-2.0635444481994805;2.8690795397519246;-1.3994100326151115;-4.643998283479154;-1.94628163488556;-0.5993515748440206;Enrolled
1;1;-1.7316968666316976;9853;1;-3.0781385481239893;-10.173031603363002;-0.4478770895114957;-4.566269258157115;-3.701197167947771;-2.573935966112086;-1.954178909329264;-8.837332561631573;1;0;0;1;0;0;-3.1253769784824064;0;-0.4236151106854453;-3.2399677443300408;-2.331654701367978;-1.5174797214083948;-2.4443657649891075;-0.4943525490553087;0.2121010094051557;-0.4303917461617935;-3.8827037599115646;-2.191745982538292;-1.658854478191616;-2.088441141674601;-0.4688016815309918;-2.019614094898816;-4.447532520937188;-0.7997562391364795;0.3512909567534956;Enrolled
1;53;-1.7316968666316976;9070;1;-6.54278189566412;-10.155423233533456;-0.4478770895114957;-4.566269258157115;-1.5940928228489972;-2.573935966112086;-2.2931890513419546;-8.872868902009989;1;0;0;0;0;1;-3.0582397131321044;0;-0.4236151106854453;-3.2399677443300408;-2.264718595930404;-1.5174797214083948;-2.5038258332656245;-0.4943525490553087;0.2121010094051557;-0.4303917461617935;-3.8827037599115646;-2.191745982538292;-1.658854478191616;-2.119823528407945;-0.4688016815309918;-2.019614094898816;-4.714164627244141;-0.7997562391364795;0.6975126194958008;Enrolled
1;17;-1.1630321984025074;9147;1;-3.0781385481239893;-10.22585671285164;-0.4478770895114957;-1.1375591012023838;-3.701197167947771;-1.3495296801241716;-2.971209335367337;-8.954306348710528;1;0;1;1;0;0;-3.091808345807256;0;-0.4236151106854453;-3.472948849025565;-2.1308463850552557;-1.982651308831134;-2.478342946934211;-0.4943525490553087;-4.861172207823003;-0.4303917461617935;-4.217947702357519;-2.346663410845464;-1.7799333707746974;-2.2035098930301973;-0.4688016815309918;-2.515777344725778;-4.405432714678196;-1.2166745648634176;0.4060604853228998;Enrolled
1;1;-1.7316968666316976;9130;1;-3.0781385481239893;-10.079120297605428;-0.4478770895114957;-4.566269258157115;-5.808301513046543;-2.880037537609065;-1.2761586253038824;-8.817096590027196;0;0;1;0;0;0;-3.041455396794529;0;-0.4236151106854453;-3.2399677443300408;-2.1308463850552557;-1.5174797214083948;-2.3509285152771446;-0.4943525490553087;0.2121010094051557;-0.4303917461617935;-3.8827037599115646;-2.1142872683847065;-1.658854478191616;-2.077980346096819;-0.4688016815309918;-2.019614094898816;-4.405432714678196;-1.2166745648634176;0.4060604853228998;Enrolled
1;1;0.5429618062850633;9070;1;-3.0781385481239893;-10.196509429802395;-0.4478770895114957;-4.566269258157115;-3.701197167947771;-1.3495296801241716;-2.971209335367337;-8.91580864663391;1;0;0;1;0;0;-3.091808345807256;0;-0.4236151106854453;-3.2399677443300408;-2.3985908068055526;-1.5174797214083948;-2.4953315376519343;-0.4943525490553087;0.2121010094051557;-0.4303917461617935;-3.8827037599115646;-2.2692046966918777;-1.416696693025454;-2.1407451195635083;-0.4688016815309918;0.4612021542359994;-4.223000220889228;-1.268789355579285;0.3610712297123178;Enrolled
1;51;-1.7316968666316976;9147;1;-3.0781385481239893;-10.155423233533456;-0.4478770895114957;-2.8519141796797496;-3.701197167947771;-2.2678343946151074;-2.6321991933546456;-8.922224930313346;0;0;0;1;0;0;-3.07502402946968;0;-0.4236151106854453;-3.472948849025565;-2.1977824904928296;-1.6337726182640795;-2.4120874424725365;-0.4943525490553087;0.2121010094051557;-0.4303917461617935;-4.217947702357519;-2.1142872683847065;-1.7799333707746974;-2.091928073394384;-0.4688016815309918;-2.515777344725778;-4.405432714678196;-1.2166745648634176;0.4060604853228998;Enrolled
1;17;-1.7316968666316976;9070;1;-3.0781385481239893;-10.120206493874369;-0.4478770895114957;-2.8519141796797496;-1.5940928228489972;-2.2678343946151074;-2.2931890513419546;-8.86892041974572;0;0;0;1;0;0;-3.091808345807256;0;-0.4236151106854453;-3.2399677443300408;-2.3985908068055526;-1.5174797214083948;-2.4273771742713843;-0.4943525490553087;0.2121010094051557;-0.4303917461617935;-3.8827037599115646;-2.346663410845464;-1.416696693025454;-2.1407451195635083;-0.4688016815309918;0.4612021542359994;-4.447532520937188;-0.7997562391364795;0.3512909567534956;Enrolled
1;17;-1.1630321984025074;9500;1;-3.0781385481239893;-10.143684320313758;-0.4478770895114957;-1.1375591012023838;-1.5940928228489972;-2.573935966112086;-2.2931890513419546;-8.895572675029534;1;0;0;0;0;1;-3.091808345807256;0;-0.4236151106854453;-3.0069866396345164;-2.331654701367978;-1.4011868245527102;-2.378304416167365;-0.4943525490553087;0.2121010094051557;-0.4303917461617935;-3.212215875019657;-2.191745982538292;-1.2956178004423726;-2.071106109182176;-0.4688016815309918;-0.4691039391895559;-4.405432714678196;-1.2166745648634176;0.4060604853228998;Enrolled
1;1;-1.7316968666316976;9085;1;-3.0781385481239893;-10.096728667434972;-0.4478770895114957;-2.8519141796797496;-1.5940928228489972;-2.2678343946151074;-1.954178909329264;-8.864971937481453;1;0;0;1;0;0;-3.091808345807256;1;-0.4236151106854453;-3.0069866396345164;-2.1977824904928296;-1.5174797214083948;-2.314524392164979;-0.4943525490553087;-0.995821185172978;-0.1382196909214829;-3.5474598174656107;-1.726993697616778;-1.416696693025454;-2.069611709634594;-0.4688016815309918;-0.6020048096789214;-4.223000220889228;-1.268789355579285;0.3610712297123178;Enrolled
1;43;-1.7316968666316976;9130;1;-3.0781385481239893;-10.21411779963194;-0.4478770895114957;-2.8519141796797496;-5.808301513046543;-1.3495296801241716;-3.310219477380027;-8.922224930313346;0;0;1;1;0;0;-3.07502402946968;1;-0.0467293327846987;-3.472948849025565;-2.1977824904928296;-1.6337726182640795;-2.391701133407406;3.4756540847459183;0.2121010094051557;-0.4303917461617935;-4.217947702357519;-2.424122124999049;-1.9010122633577784;-2.098901937252382;2.8690795397519246;-4.004267094206667;-4.447532520937188;-0.7997562391364795;0.3512909567534956;Enrolled
1;1;-0.5943675301733173;9119;1;-3.0781385481239893;-10.137814863703912;-0.4478770895114957;-4.566269258157115;-3.701197167947771;-2.573935966112086;-2.6321991933546456;-8.913340845218741;1;0;0;1;1;0;-3.1253769784824064;0;-0.4236151106854453;-3.472948849025565;-2.1977824904928296;-1.7500655151197644;-2.452860060602798;-0.4943525490553087;-1.4789900630042303;-0.4303917461617935;-4.217947702357519;-2.191745982538292;-1.9010122633577784;-2.1616667107190715;-0.4688016815309918;-4.004267094206667;-4.714164627244141;-0.7997562391364795;0.6975126194958008;Enrolled
1;51;-1.7316968666316976;9556;1;-3.0781385481239893;-10.149553776923607;-0.4478770895114957;-2.8519141796797496;-1.5940928228489972;-1.9617328231181288;-1.954178909329264;-8.88964995163313;1;0;0;1;1;0;-3.041455396794529;0;-0.4236151106854453;-3.0069866396345164;-2.0639102796176805;-1.6337726182640795;-2.43174566928948;-0.4943525490553087;-2.203743379751111;-0.4303917461617935;-3.5474598174656107;-1.9593698400775348;-1.9010122633577784;-2.057058754941256;-0.4688016815309918;-4.854832665338603;-4.714164627244141;-0.7997562391364795;0.6975126194958008;Enrolled
1;17;-1.7316968666316976;9147;1;-3.0781385481239893;-10.237595626071336;-0.4478770895114957;-4.566269258157115;-3.701197167947771;-2.573935966112086;-2.6321991933546456;-8.94344802248379;0;0;0;0;1;0;-3.0582397131321044;0;-0.4236151106854453;-3.472948849025565;-2.1308463850552557;-1.7500655151197644;-2.478342946934211;-0.4943525490553087;-1.4789900630042303;-0.4303917461617935;-4.217947702357519;-2.1142872683847065;-1.658854478191616;-2.036137163785693;-0.4688016815309918;-1.027287595244889;-4.714164627244141;-0.7997562391364795;0.6975126194958008;Enrolled
1;1;-1.7316968666316976;9085;1;-3.0781385481239893;-10.202378886412244;-0.4478770895114957;-2.8519141796797496;-3.701197167947771;-2.880037537609065;-2.2931890513419546;-8.955293469276594;1;0;0;1;0;0;-3.1253769784824064;0;-0.4236151106854453;-3.472948849025565;-2.1977824904928296;-1.7500655151197644;-2.3381870721114377;-0.4943525490553087;-1.4789900630042303;-0.4303917461617935;-4.217947702357519;-2.346663410845464;-1.537775585608535;-2.089935541222183;-0.4688016815309918;0.4612021542359994;-4.447532520937188;-0.7997562391364795;0.3512909567534956;Enrolled
1;5;-1.1630321984025074;9853;1;-3.0781385481239893;-10.202378886412244;-0.4478770895114957;-1.1375591012023838;-1.5940928228489972;-2.2678343946151074;-2.2931890513419546;-8.95874839125783;1;0;0;1;0;0;-3.0582397131321044;0;-0.4236151106854453;-3.2399677443300408;-2.1308463850552557;-1.6337726182640795;-2.422280597005102;-0.4943525490553087;-1.1971415509359995;-0.4303917461617935;-3.8827037599115646;-2.2692046966918777;-1.658854478191616;-2.15120591514129;-0.4688016815309918;-2.019614094898816;-4.180900414630234;0.3988839473284681;-0.3215918228134705;Enrolled
1;17;-0.0257028619441269;9119;1;-3.0781385481239893;-10.173031603363002;-0.4478770895114957;-1.1375591012023838;-1.5940928228489972;-1.9617328231181288;-2.2931890513419546;-8.920250689181211;1;0;1;0;1;0;-3.1253769784824064;0;-0.4236151106854453;-3.472948849025565;-1.9969741741801064;-2.215237102542503;-3.0644493325567166;-0.4943525490553087;-8.243354352641777;-0.4303917461617935;-4.217947702357519;-2.346663410845464;-2.143170048523941;-2.6219417161414573;-0.4688016815309918;-6.981246593168445;-4.643998283479154;-1.94628163488556;-0.5993515748440206;Enrolled
1;1;-1.7316968666316976;9556;1;-3.0781385481239893;-10.126075950484216;-0.4478770895114957;-2.8519141796797496;-3.701197167947771;-2.880037537609065;-3.310219477380027;-8.865465497764486;0;0;0;1;1;1;-3.07502402946968;0;-0.4236151106854453;-3.0069866396345164;-1.8631019633049577;-1.6337726182640795;-2.493632678733059;-0.4943525490553087;-2.203743379751111;-0.4303917461617935;-3.212215875019657;-2.1142872683847065;-1.416696693025454;-2.1372581878437247;-0.4688016815309918;-1.3994100326151115;-3.68973600827532;-1.3730189370110195;-0.1690195646558445;Enrolled
1;1;-1.7316968666316976;9254;1;-3.0781385481239893;-10.261073452510727;-0.4478770895114957;-1.1375591012023838;-1.5940928228489972;-1.3495296801241716;-2.2931890513419546;-8.952825667861427;1;0;0;1;0;0;-3.07502402946968;0;-0.4236151106854453;-3.2399677443300408;-2.1308463850552557;-1.5174797214083948;-2.5123201288793147;-0.4943525490553087;0.2121010094051557;-0.4303917461617935;-3.8827037599115646;-2.191745982538292;-1.658854478191616;-2.1616667107190715;-0.4688016815309918;-2.019614094898816;-4.896597121033111;-0.1743787505460719;0.0735312047229456;Enrolled
1;17;0.5429618062850633;9238;1;-3.0781385481239893;-10.155423233533456;-0.4478770895114957;-1.1375591012023838;-3.701197167947771;-1.9617328231181288;-2.2931890513419546;-8.872868902009989;1;0;0;1;0;0;-3.091808345807256;0;-0.4236151106854453;-3.2399677443300408;-2.264718595930404;-1.7500655151197644;-2.4910843900999176;-0.4943525490553087;-2.606384111277156;-0.4303917461617935;-3.8827037599115646;-1.8044524117703635;-1.7799333707746974;-2.2035098930301973;-0.4688016815309918;-3.2600222194662227;-4.643998283479154;-1.94628163488556;-0.5993515748440206;Enrolled
4;39;-1.7316968666316976;9991;0;-3.0781385481239893;-10.21411779963194;-0.4478770895114957;-1.1375591012023838;-1.5940928228489972;-1.3495296801241716;-1.615168767316573;-8.971580958616702;0;0;0;1;0;0;-2.806474968068472;0;-0.4236151106854453;-3.472948849025565;-1.8631019633049577;-1.982651308831134;-2.5547916059284512;-0.4943525490553087;-4.861172207823003;-0.4303917461617935;-4.217947702357519;-2.424122124999049;-1.7799333707746974;-2.1477189834215062;-0.4688016815309918;-2.515777344725778;-4.180900414630234;0.3988839473284681;-0.3215918228134705;Enrolled
2;39;-1.7316968666316976;8014;0;-3.0781385481239893;-10.137227918042926;-0.4478770895114957;-1.1375591012023838;-1.5940928228489972;-1.65563125162115;-1.954178909329264;-9.02093698692006;0;0;1;1;0;0;-2.806474968068472;0;0.1417135561656745;-2.774005534938992;-1.9969741741801064;-1.4011868245527102;-2.484713668517064;-0.4943525490553087;-0.8448309108507108;0.1539523643188277;-3.5474598174656107;-2.191745982538292;-1.416696693025454;-2.112849664549947;-0.4688016815309918;-0.6020048096789214;-4.012501189594263;-1.6857076813062235;0.1654657705358741;Enrolled
1;1;0.5429618062850633;9147;1;-3.0781385481239893;-10.1847705165827;-0.4478770895114957;-1.1375591012023838;-1.5940928228489972;-1.65563125162115;-1.954178909329264;-8.911366604086608;1;0;0;1;0;0;-3.1253769784824064;0;-0.4236151106854453;-3.472948849025565;-2.1977824904928296;-2.098944205686818;-2.5038258332656245;-0.4943525490553087;-6.55226328023239;-0.4303917461617935;-4.217947702357519;-2.2692046966918777;-1.9010122633577784;-2.098901937252382;-0.4688016815309918;-4.004267094206667;-4.896597121033111;-0.1743787505460719;0.0735312047229456;Enrolled
1;39;-1.7316968666316976;9500;1;-3.0781385481239893;-10.33150693182891;-0.4478770895114957;-4.566269258157115;-3.701197167947771;-2.880037537609065;-2.2931890513419546;-8.91580864663391;1;0;0;1;0;0;-2.856827917081198;0;-0.4236151106854453;-2.774005534938992;-2.0639102796176805;-1.4011868245527102;-2.4678585591965763;-0.4943525490553087;-0.8448309108507108;-0.4303917461617935;-3.212215875019657;-2.1142872683847065;-1.2956178004423726;-2.1321373790230345;-0.4688016815309918;-0.4691039391895559;-4.447532520937188;-0.7997562391364795;0.3512909567534956;Enrolled
1;44;-1.7316968666316976;9991;0;-6.54278189566412;-10.038034101336487;-0.4478770895114957;-1.1375591012023838;-1.5940928228489972;-1.65563125162115;-1.954178909329264;-8.774156845403278;0;0;0;1;0;0;-2.907180866093925;0;-0.0467293327846987;-3.2399677443300408;-2.264718595930404;-1.5174797214083948;-2.452860060602798;-0.4943525490553087;0.2121010094051557;0.1539523643188277;-3.5474598174656107;-2.346663410845464;-1.2956178004423726;-2.060047553617989;-0.4688016815309918;0.4612021542359994;-4.643998283479154;-1.94628163488556;-0.5993515748440206;Enrolled
1;1;-1.7316968666316976;9773;1;-3.0781385481239893;-10.06738138438573;-0.4478770895114957;-1.1375591012023838;-1.5940928228489972;-2.2678343946151074;-1.2761586253038824;-8.864478377198418;1;0;0;1;0;0;-3.1253769784824064;0;-0.4236151106854453;-3.2399677443300408;-2.331654701367978;-1.5174797214083948;-2.418882878657694;-0.4943525490553087;0.2121010094051557;-0.4303917461617935;-3.8827037599115646;-2.346663410845464;-1.658854478191616;-2.109362732830164;-0.4688016815309918;-2.019614094898816;-4.896597121033111;-0.1743787505460719;0.0735312047229456;Enrolled
2;39;-1.7316968666316976;9238;1;0.3865047994161424;-10.137227918042926;-0.4478770895114957;-1.1375591012023838;-1.5940928228489972;-1.3495296801241716;-1.615168767316573;-8.872868902009989;1;0;0;1;0;0;-2.907180866093925;0;-0.4236151106854453;-3.2399677443300408;-2.0639102796176805;-2.215237102542503;-3.0644493325567166;-0.4943525490553087;-8.243354352641777;-0.4303917461617935;-4.217947702357519;-2.191745982538292;-2.143170048523941;-2.6219417161414573;-0.4688016815309918;-6.981246593168445;-4.643998283479154;-1.94628163488556;-0.5993515748440206;Enrolled
1;1;-1.1630321984025074;9119;1;-3.0781385481239893;-10.043903557946336;-0.4478770895114957;-1.1375591012023838;-1.5940928228489972;-1.9617328231181288;-2.2931890513419546;-8.818577270876297;0;0;0;1;1;0;-3.1253769784824064;0;-0.4236151106854453;-3.472948849025565;-2.1977824904928296;-1.982651308831134;-2.4698486513205204;-0.4943525490553087;-4.861172207823003;-0.4303917461617935;-4.217947702357519;-2.2692046966918777;-1.9010122633577784;-2.098901937252382;2.8690795397519246;-4.004267094206667;-4.896597121033111;-0.1743787505460719;0.0735312047229456;Enrolled
1;39;-1.7316968666316976;9119;1;-3.0781385481239893;-10.038034101336487;-0.4478770895114957;-2.8519141796797496;-1.5940928228489972;-2.573935966112086;-2.2931890513419546;-8.922224930313346;0;0;0;1;1;0;-3.024671080456953;0;-0.4236151106854453;-3.472948849025565;-2.3985908068055526;-1.866358411975449;-2.520814423983347;-0.4943525490553087;-3.170081135413618;-0.4303917461617935;-4.217947702357519;-2.2692046966918777;-1.9010122633577784;-2.182588301874634;-0.4688016815309918;-4.004267094206667;-3.787968889546303;-0.0701491691143375;-0.7832207064698774;Enrolled
1;17;-0.5943675301733173;9119;1;-3.0781385481239893;-10.21411779963194;-0.4478770895114957;-2.8519141796797496;-1.5940928228489972;-1.3495296801241716;-2.971209335367337;-8.937525299087387;1;0;1;0;1;0;-3.1253769784824064;0;-0.4236151106854453;-3.472948849025565;-2.1308463850552557;-1.866358411975449;-2.452860060602798;-0.4943525490553087;-3.170081135413618;-0.4303917461617935;-4.217947702357519;-2.346663410845464;-1.7799333707746974;-2.1895621657326325;-0.4688016815309918;-2.515777344725778;-4.714164627244141;-0.7997562391364795;0.6975126194958008;Enrolled
2;39;-1.7316968666316976;9991;0;-3.0781385481239893;-10.33150693182891;-0.4478770895114957;-1.1375591012023838;-1.5940928228489972;-2.2678343946151074;-2.6321991933546456;-8.956774150125694;0;0;0;1;1;1;-2.73933770271817;0;-0.4236151106854453;-3.472948849025565;-2.1977824904928296;-1.7500655151197644;-2.5038258332656245;-0.4943525490553087;-1.4789900630042303;-0.4303917461617935;-4.217947702357519;-2.501580839152634;-1.537775585608535;-2.144929437794621;-0.4688016815309918;0.4612021542359994;-4.714164627244141;-0.7997562391364795;0.6975126194958008;Enrolled
2;39;-1.7316968666316976;9991;0;-3.0781385481239893;-10.155423233533456;-0.4478770895114957;-1.1375591012023838;-1.5940928228489972;-1.3495296801241716;-2.971209335367337;-8.795873497856753;0;0;0;1;1;0;-2.856827917081198;0;-0.4236151106854453;-3.472948849025565;-2.1308463850552557;-1.7500655151197644;-2.4656015037685046;-0.4943525490553087;-1.4789900630042303;-0.4303917461617935;-4.217947702357519;-2.191745982538292;-1.658854478191616;-2.16864057457707;-0.4688016815309918;-1.027287595244889;-4.012501189594263;-1.6857076813062235;0.1654657705358741;Enrolled
1;1;-0.5943675301733173;9500;1;-3.0781385481239893;-10.255203995900882;-0.4478770895114957;-4.566269258157115;-3.701197167947771;-2.573935966112086;-2.971209335367337;-8.98243928484344;1;0;0;1;0;1;-3.091808345807256;0;-0.4236151106854453;-3.0069866396345164;-2.1308463850552557;-1.6337726182640795;-2.3274842598522443;-0.4943525490553087;-2.203743379751111;-0.4303917461617935;-3.5474598174656107;-2.346663410845464;-1.416696693025454;-2.0549665958257;-0.4688016815309918;-0.6020048096789214;-4.223000220889228;-1.268789355579285;0.3610712297123178;Enrolled
1;44;-1.7316968666316976;9085;1;-6.54278189566412;-10.155423233533456;-0.4478770895114957;-1.1375591012023838;-3.701197167947771;-1.65563125162115;-2.6321991933546456;-8.872868902009989;1;0;0;1;0;0;-3.0582397131321044;1;-0.4236151106854453;-3.2399677443300408;-1.9969741741801064;-1.6337726182640795;-2.4120874424725365;-0.4943525490553087;-1.1971415509359995;-0.4303917461617935;-3.8827037599115646;-1.4946175551560208;-1.9010122633577784;-2.1407451195635083;-0.4688016815309918;-4.50043034403363;-4.223000220889228;-1.268789355579285;0.3610712297123178;Enrolled
1;1;-1.7316968666316976;9853;1;-3.0781385481239893;-10.21411779963194;-0.4478770895114957;-1.1375591012023838;-1.5940928228489972;-1.9617328231181288;-1.954178909329264;-8.94640938418199;0;0;0;1;0;1;-3.1253769784824064;0;-0.4236151106854453;-3.2399677443300408;-2.0639102796176805;-1.7500655151197644;-2.452860060602798;-0.4943525490553087;-2.606384111277156;-0.4303917461617935;-3.8827037599115646;-2.346663410845464;-1.658854478191616;-2.1721275062968526;-0.4688016815309918;-2.019614094898816;-3.787968889546303;-0.0701491691143375;-0.7832207064698774;Enrolled
1;1;-0.5943675301733173;9070;1;-3.0781385481239893;-10.1847705165827;-0.4478770895114957;-2.8519141796797496;-1.5940928228489972;-1.3495296801241716;-1.954178909329264;-8.932096135974017;0;0;0;1;0;1;-3.1253769784824064;0;-0.4236151106854453;-3.2399677443300408;-2.3985908068055526;-1.5174797214083948;-2.333939924559422;-0.4943525490553087;0.2121010094051557;-0.4303917461617935;-3.8827037599115646;-2.424122124999049;-1.416696693025454;-2.036137163785693;-0.4688016815309918;0.4612021542359994;-4.405432714678196;-1.2166745648634176;0.4060604853228998;Enrolled
1;1;-1.7316968666316976;9853;1;-3.0781385481239893;-10.190639973192548;-0.4478770895114957;-4.566269258157115;-3.701197167947771;-2.880037537609065;-2.2931890513419546;-8.914327965784809;0;0;0;1;0;0;-3.1253769784824064;0;-0.4236151106854453;-3.2399677443300408;-2.1977824904928296;-1.6337726182640795;-2.435871469885075;-0.4943525490553087;-1.1971415509359995;-0.4303917461617935;-3.8827037599115646;-2.191745982538292;-1.537775585608535;-2.1784039836435216;-0.4688016815309918;-0.7792059703314076;-3.787968889546303;-0.0701491691143375;-0.7832207064698774;Enrolled
1;1;-1.7316968666316976;9853;1;-3.0781385481239893;-9.96173116540846;-0.4478770895114957;-1.1375591012023838;-3.701197167947771;-1.9617328231181288;-1.2761586253038824;-8.790937895026419;1;0;1;1;0;0;-3.1253769784824064;0;-0.4236151106854453;-3.2399677443300408;-2.1977824904928296;-1.6337726182640795;-2.3713148243422757;-0.4943525490553087;-1.1971415509359995;-0.4303917461617935;-3.8827037599115646;-2.191745982538292;-1.658854478191616;-2.1302843239857268;-0.4688016815309918;-2.019614094898816;-4.643998283479154;-1.94628163488556;-0.5993515748440206;Enrolled
1;1;-1.7316968666316976;9853;1;-3.0781385481239893;-10.06738138438573;-0.4478770895114957;-1.1375591012023838;-1.5940928228489972;-1.9617328231181288;-2.2931890513419546;-8.812654547479895;0;0;0;1;0;0;-3.1085926621448308;0;-0.4236151106854453;-3.2399677443300408;-2.1977824904928296;-1.7500655151197644;-2.4273771742713843;-0.4943525490553087;-2.606384111277156;-0.4303917461617935;-3.8827037599115646;-2.2692046966918777;-1.537775585608535;-2.098901937252382;-0.4688016815309918;-0.7792059703314076;-4.643998283479154;-1.94628163488556;-0.5993515748440206;Enrolled
1;51;-1.7316968666316976;9070;1;-3.0781385481239893;-10.231726169461488;-0.4478770895114957;-4.566269258157115;-3.701197167947771;-2.880037537609065;-1.2761586253038824;-8.922224930313346;1;0;0;1;0;0;-3.07502402946968;0;-0.4236151106854453;-3.2399677443300408;-2.331654701367978;-1.6337726182640795;-2.442666906070232;-0.4943525490553087;-1.1971415509359995;-0.4303917461617935;-3.8827037599115646;-2.424122124999049;-1.658854478191616;-2.094717619021269;-0.4688016815309918;-2.019614094898816;-4.714164627244141;-0.7997562391364795;0.6975126194958008;Enrolled
1;17;-1.1630321984025074;9853;1;-3.0781385481239893;-10.249334539291032;-0.4478770895114957;-2.8519141796797496;-3.701197167947771;-2.2678343946151074;-1.2761586253038824;-8.977503682013104;1;0;0;1;0;0;-3.1253769784824064;0;-0.4236151106854453;-3.0069866396345164;-2.0639102796176805;-1.6337726182640795;-2.483439524200494;-0.4943525490553087;-2.203743379751111;-0.4303917461617935;-3.5474598174656107;-2.2692046966918777;-1.416696693025454;-2.0640326187992546;-0.4688016815309918;-0.6020048096789214;-4.012501189594263;-1.6857076813062235;0.1654657705358741;Enrolled
1;1;-1.1630321984025074;9853;1;-3.0781385481239893;-10.208248343022094;-0.4478770895114957;-1.1375591012023838;-1.5940928228489972;-1.65563125162115;-2.2931890513419546;-8.922224930313346;1;0;0;1;0;0;-3.1253769784824064;0;-0.4236151106854453;-3.2399677443300408;-2.1308463850552557;-1.866358411975449;-2.452860060602798;-0.4943525490553087;-4.01562667161831;-0.4303917461617935;-3.8827037599115646;-2.346663410845464;-1.658854478191616;-2.193049097452416;-0.4688016815309918;-2.019614094898816;-4.447532520937188;-0.7997562391364795;0.3512909567534956;Enrolled
1;43;-1.7316968666316976;9147;1;-3.0781385481239893;-10.196509429802395;-0.4478770895114957;-4.566269258157115;-1.5940928228489972;-1.3495296801241716;-1.615168767316573;-8.955787029559627;0;0;0;1;0;0;-3.07502402946968;0;0.1417135561656745;-2.3080433255479424;-1.59535754155466;-1.5174797214083948;-2.4953315376519343;3.4756540847459183;-3.170081135413618;0.7382964747994489;-2.54172799012775;-1.726993697616778;-1.2956178004423726;-2.179599503197901;-0.4688016815309918;-1.771532469985334;-4.896597121033111;-0.1743787505460719;0.0735312047229456;Enrolled
1;1;-1.1630321984025074;9500;1;-3.0781385481239893;-10.255203995900882;-0.4478770895114957;-1.1375591012023838;-1.5940928228489972;-1.3495296801241716;-1.954178909329264;-8.987868447956808;1;0;0;1;0;1;-3.091808345807256;0;-0.4236151106854453;-3.0069866396345164;-2.1308463850552557;-1.6337726182640795;-2.4212612815518453;-0.4943525490553087;-2.203743379751111;-0.4303917461617935;-3.5474598174656107;-2.346663410845464;-1.416696693025454;-2.098901937252382;-0.4688016815309918;-0.6020048096789214;-4.405432714678196;-1.2166745648634176;0.4060604853228998;Enrolled
1;39;-1.7316968666316976;9991;0;-3.0781385481239893;-10.21411779963194;-0.4478770895114957;-1.1375591012023838;-1.5940928228489972;-2.573935966112086;-2.971209335367337;-8.823512873706633;0;0;0;1;0;0;-3.0078867641193776;0;-0.4236151106854453;-3.472948849025565;-2.0639102796176805;-1.866358411975449;-2.520814423983347;-0.4943525490553087;-3.170081135413618;-0.4303917461617935;-4.217947702357519;-2.1142872683847065;-1.7799333707746974;-2.1477189834215062;-0.4688016815309918;-2.515777344725778;-3.787968889546303;-0.0701491691143375;-0.7832207064698774;Enrolled
1;39;-1.1630321984025074;9556;1;-3.0781385481239893;-10.155423233533456;-0.4478770895114957;-1.1375591012023838;-1.5940928228489972;-1.3495296801241716;-1.615168767316573;-8.729736419930257;1;0;0;1;0;0;-3.0078867641193776;0;-0.4236151106854453;-3.0069866396345164;-2.0639102796176805;-1.4011868245527102;-2.4601408851232995;-0.4943525490553087;0.2121010094051557;-0.4303917461617935;-3.212215875019657;-1.339700126848849;-1.537775585608535;-2.1323764831012832;-0.4688016815309918;-2.329716126040667;-4.223000220889228;-1.268789355579285;0.3610712297123178;Enrolled
1;39;-1.7316968666316976;9238;1;-3.0781385481239893;-9.920644969139518;-0.4478770895114957;-1.1375591012023838;-1.5940928228489972;-1.3495296801241716;-1.615168767316573;-8.823512873706633;1;0;0;1;0;0;-3.024671080456953;0;-0.4236151106854453;-3.2399677443300408;-2.1977824904928296;-1.7500655151197644;-2.261738413117198;-0.4943525490553087;-2.606384111277156;-0.4303917461617935;-3.8827037599115646;-2.191745982538292;-1.537775585608535;-1.9357135262389904;-0.4688016815309918;-0.7792059703314076;-4.643998283479154;-1.94628163488556;-0.5993515748440206;Enrolled
1;1;-1.7316968666316976;9147;1;-3.0781385481239893;-10.10846758065467;-0.4478770895114957;-1.1375591012023838;-1.5940928228489972;-1.65563125162115;-2.2931890513419546;-8.867933299179654;1;0;0;1;0;0;-3.1085926621448308;0;-0.4236151106854453;-3.472948849025565;-2.1977824904928296;-1.7500655151197644;-2.5038258332656245;-0.4943525490553087;-1.4789900630042303;-0.4303917461617935;-4.217947702357519;-2.346663410845464;-1.7799333707746974;-2.175614438016636;-0.4688016815309918;-2.515777344725778;-4.223000220889228;-1.268789355579285;0.3610712297123178;Enrolled
1;17;1.1116264745142534;9147;1;-3.0781385481239893;-10.208248343022094;-0.4478770895114957;-1.1375591012023838;-1.5940928228489972;-1.65563125162115;-1.615168767316573;-8.903469639558072;0;0;0;1;0;1;-3.1085926621448308;0;-0.4236151106854453;-3.472948849025565;-2.465526912243127;-1.6337726182640795;-2.432473751537667;-0.4943525490553087;0.2121010094051557;-0.4303917461617935;-4.217947702357519;-2.346663410845464;-1.7799333707746974;-2.1616667107190715;-0.4688016815309918;-2.515777344725778;-4.180900414630234;0.3988839473284681;-0.3215918228134705;Enrolled
1;16;-1.1630321984025074;9147;1;-3.0781385481239893;-10.143684320313758;-0.4478770895114957;-1.1375591012023838;-1.5940928228489972;-1.3495296801241716;-1.615168767316573;-8.909392362954474;1;0;0;1;0;1;-3.091808345807256;0;-0.4236151106854453;-3.472948849025565;-2.264718595930404;-1.866358411975449;-2.452860060602798;-0.4943525490553087;-3.170081135413618;-0.4303917461617935;-4.217947702357519;-2.2692046966918777;-1.658854478191616;-2.0936715394634917;-0.4688016815309918;-1.027287595244889;-4.447532520937188;-0.7997562391364795;0.3512909567534956;Enrolled
1;18;-1.1630321984025074;9853;1;-3.0781385481239893;-10.21411779963194;-0.4478770895114957;-2.8519141796797496;-3.701197167947771;-1.3495296801241716;-1.2761586253038824;-8.942954462200756;0;0;0;1;0;0;-3.1253769784824064;0;-0.4236151106854453;-3.0069866396345164;-1.9969741741801064;-1.5174797214083948;-2.452860060602798;-0.4943525490553087;-0.995821185172978;-0.4303917461617935;-3.5474598174656107;-2.1142872683847065;-1.416696693025454;-2.112849664549947;-0.4688016815309918;-0.6020048096789214;-4.012501189594263;-1.6857076813062235;0.1654657705358741;Enrolled
1;17;-0.5943675301733173;9147;1;-3.0781385481239893;-10.261073452510727;-0.4478770895114957;-2.8519141796797496;-1.5940928228489972;-2.573935966112086;-2.2931890513419546;-8.98243928484344;1;0;0;1;0;0;-3.1085926621448308;0;-0.4236151106854453;-3.472948849025565;-2.331654701367978;-1.866358411975449;-2.537803015210728;-0.4943525490553087;-3.170081135413618;-0.4303917461617935;-4.217947702357519;-2.1142872683847065;-1.7799333707746974;-2.018204371306864;-0.4688016815309918;-2.515777344725778;-4.447532520937188;-0.7997562391364795;0.3512909567534956;Enrolled
1;1;-1.7316968666316976;9500;1;-3.0781385481239893;-10.10846758065467;-0.4478770895114957;-1.1375591012023838;-3.701197167947771;-1.3495296801241716;-2.6321991933546456;-8.885207909085828;1;0;0;1;0;0;-3.1085926621448308;0;-0.4236151106854453;-3.0069866396345164;-2.1308463850552557;-1.6337726182640795;-2.4049522342997407;-0.4943525490553087;-2.203743379751111;-0.4303917461617935;-3.5474598174656107;-2.424122124999049;-1.537775585608535;-2.046179527540364;-0.4688016815309918;-1.6652117735938414;-3.68973600827532;-1.3730189370110195;-0.1690195646558445;Enrolled
1;1;-1.7316968666316976;9147;1;-3.0781385481239893;-10.22585671285164;-0.4478770895114957;-2.8519141796797496;-5.808301513046543;-1.043428108627193;-1.2761586253038824;-8.935551057955252;1;0;0;1;0;0;-3.1085926621448308;0;-0.4236151106854453;-3.472948849025565;-2.1977824904928296;-1.7500655151197644;-2.440118617437091;-0.4943525490553087;-1.4789900630042303;-0.4303917461617935;-4.217947702357519;-2.191745982538292;-1.658854478191616;-2.119823528407945;-0.4688016815309918;-1.027287595244889;-4.714164627244141;-0.7997562391364795;0.6975126194958008;Enrolled
4;7;-1.7316968666316976;9500;1;-10.007425243204253;-10.155423233533456;-0.4478770895114957;-1.1375591012023838;-1.5940928228489972;-2.573935966112086;-2.971209335367337;-8.872868902009989;1;0;0;1;0;0;-2.8903965497563493;0;-0.4236151106854453;-3.0069866396345164;-1.7292297524298088;-1.7500655151197644;-2.370040680025705;-0.4943525490553087;-3.4116655743292443;-0.4303917461617935;-3.5474598174656107;-2.346663410845464;-1.2956178004423726;-2.0931484996846024;-0.4688016815309918;0.4612021542359994;-4.223000220889228;-1.268789355579285;0.3610712297123178;Enrolled
1;39;-1.7316968666316976;9991;0;-3.0781385481239893;-10.155423233533456;-0.4478770895114957;-2.8519141796797496;-3.701197167947771;-2.2678343946151074;-1.2761586253038824;-8.945915823898957;0;0;0;1;1;0;-3.024671080456953;0;-0.4236151106854453;-3.472948849025565;-2.465526912243127;-1.7500655151197644;-2.452860060602798;-0.4943525490553087;-1.4789900630042303;-0.4303917461617935;-4.217947702357519;-2.501580839152634;-1.537775585608535;-2.091928073394384;-0.4688016815309918;0.4612021542359994;-4.223000220889228;-1.268789355579285;0.3610712297123178;Enrolled
1;1;-1.1630321984025074;9500;1;-3.0781385481239893;-10.137227918042926;-0.4478770895114957;-1.1375591012023838;-1.5940928228489972;-1.65563125162115;-1.954178909329264;-9.040679398241402;1;0;0;1;0;0;-3.1085926621448308;0;-0.4236151106854453;-3.0069866396345164;-2.1308463850552557;-1.5174797214083948;-2.3713997674665994;-0.4943525490553087;-0.995821185172978;-0.4303917461617935;-3.212215875019657;-2.1142872683847065;-1.416696693025454;-2.122613074034831;-0.4688016815309918;-1.3994100326151115;-4.405432714678196;-1.2166745648634176;0.4060604853228998;Enrolled
2;7;-1.7316968666316976;9500;1;-10.007425243204253;-10.21411779963194;-0.4478770895114957;-1.1375591012023838;-1.5940928228489972;-1.3495296801241716;-1.954178909329264;-8.922224930313346;1;0;0;1;0;0;-2.672200437367868;0;0.895485111967168;-2.075062220852418;-2.0639102796176805;-0.9360152371299711;-2.4171840197388192;-0.4943525490553087;0.2121010094051557;1.32264058528007;-2.54172799012775;-2.0368285542311204;-0.9323811226931288;-2.0793117200033677;-0.4688016815309918;0.4612021542359994;-4.012501189594263;-1.6857076813062235;0.1654657705358741;Enrolled
1;17;-1.7316968666316976;9853;1;-3.0781385481239893;-10.1847705165827;-0.4478770895114957;-1.1375591012023838;-1.5940928228489972;-2.2678343946151074;-1.954178909329264;-8.880272306255494;1;0;0;1;0;0;-3.1253769784824064;0;-0.4236151106854453;-3.0069866396345164;-2.1977824904928296;-1.5174797214083948;-2.478342946934211;-0.4943525490553087;-0.995821185172978;-0.4303917461617935;-3.5474598174656107;-2.346663410845464;-1.2956178004423726;-2.089935541222183;-0.4688016815309918;0.4612021542359994;-4.012501189594263;-1.6857076813062235;0.1654657705358741;Enrolled
2;39;-1.7316968666316976;9003;1;0.3865047994161424;-10.137227918042926;-0.4478770895114957;-1.1375591012023838;-1.5940928228489972;-1.3495296801241716;-1.2761586253038824;-8.922224930313346;0;0;1;1;0;0;-2.806474968068472;0;-0.4236151106854453;-3.2399677443300408;-2.1308463850552557;-1.5174797214083948;-2.408265009522825;-0.4943525490553087;0.2121010094051557;-0.4303917461617935;-3.8827037599115646;-2.0368285542311204;-1.416696693025454;-2.082164664327932;-0.4688016815309918;0.4612021542359994;-3.68973600827532;-1.3730189370110195;-0.1690195646558445;Enrolled
1;17;-1.7316968666316976;9238;1;-3.0781385481239893;-10.196509429802395;-0.4478770895114957;-2.8519141796797496;-3.701197167947771;-1.3495296801241716;-1.615168767316573;-8.955787029559627;0;0;0;1;0;1;-3.091808345807256;0;-0.4236151106854453;-3.2399677443300408;-2.0639102796176805;-1.7500655151197644;-2.516567276431331;-0.4943525490553087;-2.606384111277156;-0.4303917461617935;-3.8827037599115646;-1.9593698400775348;-1.537775585608535;-2.1407451195635083;-0.4688016815309918;-0.7792059703314076;-3.787968889546303;-0.0701491691143375;-0.7832207064698774;Enrolled
1;1;-0.0257028619441269;9500;1;-3.0781385481239893;-10.17890105997285;-0.4478770895114957;-1.1375591012023838;-1.5940928228489972;-1.65563125162115;-1.615168767316573;-8.91580864663391;1;0;0;1;0;1;-3.1253769784824064;0;-0.4236151106854453;-3.0069866396345164;-2.1977824904928296;-1.5174797214083948;-2.374712542689683;-0.4943525490553087;-0.995821185172978;-0.4303917461617935;-3.5474598174656107;-2.424122124999049;-1.2956178004423726;-2.1102593723913405;-0.4688016815309918;0.4612021542359994;-4.223000220889228;-1.268789355579285;0.3610712297123178;Enrolled
1;53;-1.7316968666316976;9085;1;-6.54278189566412;-10.096728667434972;-0.4478770895114957;-2.8519141796797496;-3.701197167947771;-2.2678343946151074;-2.971209335367337;-8.823512873706633;1;0;1;1;0;0;-3.07502402946968;0;0.895485111967168;-2.5410244302434672;-2.1308463850552557;-1.2848939276970257;-2.3891528447742645;-0.4943525490553087;-0.7273940308222817;0.7382964747994489;-2.8769719325737038;-1.8819111259239487;-1.537775585608535;-2.11145489194572;-0.4688016815309918;-2.84655284461042;-4.714164627244141;-0.7997562391364795;0.6975126194958008;Enrolled
1;39;-1.7316968666316976;9119;1;0.3865047994161424;-10.137227918042926;-0.4478770895114957;-2.8519141796797496;-1.5940928228489972;-2.2678343946151074;-2.2931890513419546;-9.02093698692006;0;0;0;1;1;0;-3.0078867641193776;0;-0.4236151106854453;-3.472948849025565;-1.930038068742532;-2.098944205686818;-2.5038258332656245;-0.4943525490553087;-6.55226328023239;-0.4303917461617935;-4.217947702357519;-2.1142872683847065;-2.02209115594086;-2.2035098930301973;-0.4688016815309918;-5.492756843687555;-4.012501189594263;-1.6857076813062235;0.1654657705358741;Enrolled
1;53;-1.7316968666316976;9670;1;-6.54278189566412;-10.096728667434972;-0.4478770895114957;-1.1375591012023838;-1.5940928228489972;-2.573935966112086;-1.954178909329264;-8.823512873706633;1;0;1;1;0;0;-3.07502402946968;0;-0.4236151106854453;-3.2399677443300408;-1.9969741741801064;-2.098944205686818;-2.452860060602798;-0.4943525490553087;-6.834111792300622;-0.4303917461617935;-3.8827037599115646;-2.1142872683847065;-2.02209115594086;-2.1616667107190715;-0.4688016815309918;-5.740838468601037;-4.714164627244141;-0.7997562391364795;0.6975126194958008;Enrolled
1;43;-1.7316968666316976;9085;1;-3.0781385481239893;-9.920644969139518;-0.4478770895114957;-1.1375591012023838;-1.5940928228489972;-1.9617328231181288;-3.310219477380027;-8.675444788796565;1;0;0;1;0;0;-3.1085926621448308;0;-0.4236151106854453;-3.472948849025565;-2.465526912243127;-2.215237102542503;-3.0644493325567166;9.43066403544776;-8.243354352641777;-0.4303917461617935;-4.217947702357519;-2.424122124999049;-1.658854478191616;-2.0047547770523484;1.2001389291104665;-1.027287595244889;-4.180900414630234;0.3988839473284681;-0.3215918228134705;Enrolled
1;17;-1.7316968666316976;9773;1;-3.0781385481239893;-10.208248343022094;-0.4478770895114957;-1.1375591012023838;-1.5940928228489972;-1.3495296801241716;-1.2761586253038824;-8.95331922814446;0;0;0;1;0;0;-3.1253769784824064;0;-0.4236151106854453;-3.2399677443300408;-2.264718595930404;-1.6337726182640795;-2.422280597005102;-0.4943525490553087;-1.1971415509359995;-0.4303917461617935;-3.8827037599115646;-2.191745982538292;-1.416696693025454;-2.101890735929115;-0.4688016815309918;0.4612021542359994;-3.787968889546303;-0.0701491691143375;-0.7832207064698774;Enrolled
1;39;-1.7316968666316976;8014;0;-3.0781385481239893;-10.137227918042926;-0.4478770895114957;-2.8519141796797496;-3.701197167947771;-2.2678343946151074;-2.2931890513419546;-8.93949954021952;0;0;0;1;1;1;-3.024671080456953;0;-0.4236151106854453;-3.2399677443300408;-2.3985908068055526;-1.7500655151197644;-2.440118617437091;-0.4943525490553087;-2.606384111277156;-0.4303917461617935;-3.8827037599115646;-2.191745982538292;-1.658854478191616;-2.1407451195635083;-0.4688016815309918;-2.019614094898816;-4.223000220889228;-1.268789355579285;0.3610712297123178;Enrolled
1;1;-1.1630321984025074;9070;1;-3.0781385481239893;-10.161292690143304;-0.4478770895114957;-2.8519141796797496;-3.701197167947771;-2.2678343946151074;-1.615168767316573;-8.858555653802016;1;0;0;1;1;1;-3.091808345807256;0;-0.4236151106854453;-3.2399677443300408;-2.1977824904928296;-1.5174797214083948;-2.484713668517064;-0.4943525490553087;0.2121010094051557;-0.4303917461617935;-3.8827037599115646;-2.501580839152634;-1.537775585608535;-2.0445058002479186;-0.4688016815309918;-0.7792059703314076;-4.896597121033111;-0.1743787505460719;0.0735312047229456;Enrolled
1;17;-1.1630321984025074;9119;1;-3.0781385481239893;-10.21411779963194;-0.4478770895114957;-2.8519141796797496;-1.5940928228489972;-1.3495296801241716;-1.954178909329264;-8.936044618238286;0;0;0;1;1;1;-3.1253769784824064;0;-0.4236151106854453;-3.472948849025565;-2.264718595930404;-1.7500655151197644;-2.376411401608558;-0.4943525490553087;-1.4789900630042303;-0.4303917461617935;-3.8827037599115646;-2.191745982538292;-1.416696693025454;-2.051828357152365;-0.4688016815309918;0.4612021542359994;-4.405432714678196;-1.2166745648634176;0.4060604853228998;Enrolled
1;18;-1.7316968666316976;9254;1;-3.0781385481239893;-10.22585671285164;-0.4478770895114957;-1.1375591012023838;-1.5940928228489972;-1.9617328231181288;-2.2931890513419546;-8.905937440973238;1;0;0;1;1;0;-2.991102447781802;0;-0.4236151106854453;-3.2399677443300408;-2.1308463850552557;-1.7500655151197644;-2.5547916059284512;-0.4943525490553087;-2.606384111277156;-0.4303917461617935;-3.8827037599115646;-2.1142872683847065;-1.7799333707746974;-2.119823528407945;-0.4688016815309918;-3.2600222194662227;-4.643998283479154;-1.94628163488556;-0.5993515748440206;Enrolled
1;1;-1.7316968666316976;9670;1;-3.0781385481239893;-10.173031603363002;-0.4478770895114957;-1.1375591012023838;-3.701197167947771;-1.9617328231181288;-1.954178909329264;-8.930615455124917;1;0;0;1;0;0;-3.1253769784824064;0;-0.4236151106854453;-3.2399677443300408;-2.331654701367978;-1.5174797214083948;-2.435871469885075;-0.4943525490553087;0.2121010094051557;-0.4303917461617935;-3.8827037599115646;-2.191745982538292;-1.7799333707746974;-2.119823528407945;-0.4688016815309918;-3.2600222194662227;-4.012501189594263;-1.6857076813062235;0.1654657705358741;Enrolled
1;17;-1.1630321984025074;9085;1;-3.0781385481239893;-10.196509429802395;-0.4478770895114957;-2.8519141796797496;-1.5940928228489972;-2.2678343946151074;-1.615168767316573;-8.953812788427493;1;0;0;1;0;0;-3.1085926621448308;0;-0.4236151106854453;-3.472948849025565;-1.930038068742532;-1.866358411975449;-2.452860060602798;3.4756540847459183;-3.170081135413618;-0.4303917461617935;-4.217947702357519;-2.346663410845464;-1.658854478191616;-2.1302843239857268;-0.4688016815309918;-1.027287595244889;-4.643998283479154;-1.94628163488556;-0.5993515748440206;Enrolled
1;1;-1.1630321984025074;9853;1;-3.0781385481239893;-10.196509429802395;-0.4478770895114957;-1.1375591012023838;-3.701197167947771;-1.65563125162115;-2.6321991933546456;-8.945422263615923;1;0;0;1;0;0;-3.091808345807256;0;-0.4236151106854453;-3.0069866396345164;-2.264718595930404;-1.5174797214083948;-2.376411401608558;-0.4943525490553087;-0.995821185172978;-0.4303917461617935;-3.5474598174656107;-2.346663410845464;-1.416696693025454;-2.036137163785693;-0.4688016815309918;-0.6020048096789214;-4.405432714678196;-1.2166745648634176;0.4060604853228998;Enrolled
1;17;-0.5943675301733173;9147;1;-3.0781385481239893;-10.1847705165827;-0.4478770895114957;-4.566269258157115;-1.5940928228489972;-2.880037537609065;-1.2761586253038824;-8.928641213992782;1;0;0;1;0;0;-3.1253769784824064;0;-0.4236151106854453;-3.472948849025565;-1.7292297524298088;-1.7500655151197644;-2.520814423983347;-0.4943525490553087;-1.4789900630042303;-0.4303917461617935;-4.217947702357519;-2.1142872683847065;-1.9010122633577784;-2.119823528407945;-0.4688016815309918;-4.004267094206667;-4.012501189594263;-1.6857076813062235;0.1654657705358741;Enrolled
1;1;-1.7316968666316976;9085;1;-3.0781385481239893;-10.32563747521906;-0.4478770895114957;-2.8519141796797496;-1.5940928228489972;-2.2678343946151074;-1.615168767316573;-9.026366150033429;1;0;0;1;0;0;-3.07502402946968;0;-0.4236151106854453;-3.2399677443300408;-1.9969741741801064;-1.7500655151197644;-2.4273771742713843;-0.4943525490553087;-2.606384111277156;-0.4303917461617935;-3.8827037599115646;-1.9593698400775348;-1.9010122633577784;-2.091928073394384;-0.4688016815309918;-4.50043034403363;-4.405432714678196;-1.2166745648634176;0.4060604853228998;Enrolled
1;1;-1.7316968666316976;9085;1;-3.0781385481239893;-10.21411779963194;-0.4478770895114957;-4.566269258157115;-3.701197167947771;-2.880037537609065;-1.615168767316573;-8.95479990899356;0;0;0;1;0;0;-3.1253769784824064;0;-0.4236151106854453;-3.2399677443300408;-1.8631019633049577;-1.7500655151197644;-2.478342946934211;-0.4943525490553087;-2.606384111277156;-0.4303917461617935;-3.8827037599115646;-1.649534983463192;-1.7799333707746974;-2.0465979593634747;-0.4688016815309918;-3.2600222194662227;-4.405432714678196;-1.2166745648634176;0.4060604853228998;Enrolled
1;1;-1.7316968666316976;9238;1;-3.0781385481239893;-10.290420735559971;-0.4478770895114957;-1.1375591012023838;-1.5940928228489972;-1.65563125162115;-1.954178909329264;-9.003662377013883;1;0;0;1;0;0;-3.091808345807256;0;-0.4236151106854453;-3.2399677443300408;-1.930038068742532;-1.866358411975449;-2.493632678733059;-0.4943525490553087;-4.01562667161831;-0.4303917461617935;-3.8827037599115646;-2.2692046966918777;-1.658854478191616;-2.119823528407945;-0.4688016815309918;-2.019614094898816;-3.68973600827532;-1.3730189370110195;-0.1690195646558445;Enrolled
1;17;-1.1630321984025074;9853;1;-3.0781385481239893;-10.17890105997285;-0.4478770895114957;-2.8519141796797496;-1.5940928228489972;-2.880037537609065;-1.2761586253038824;-8.892611313331331;1;0;0;1;0;0;-3.1085926621448308;0;-0.4236151106854453;-3.2399677443300408;-2.1977824904928296;-1.6337726182640795;-2.4018942879399714;-0.4943525490553087;-1.1971415509359995;-0.4303917461617935;-3.8827037599115646;-2.346663410845464;-1.537775585608535;-2.186772620105747;-0.4688016815309918;-0.7792059703314076;-4.896597121033111;-0.1743787505460719;0.0735312047229456;Enrolled
1;39;-1.7316968666316976;9500;1;-3.0781385481239893;-10.137227918042926;-0.4478770895114957;-2.8519141796797496;-1.5940928228489972;-2.573935966112086;-1.954178909329264;-8.913834405501776;0;0;0;1;0;1;-2.974318131444227;0;-0.4236151106854453;-3.0069866396345164;-2.264718595930404;-1.5174797214083948;-2.422280597005102;-0.4943525490553087;-0.995821185172978;-0.4303917461617935;-3.5474598174656107;-2.2692046966918777;-1.416696693025454;-2.132974242669257;-0.4688016815309918;-0.6020048096789214;-4.223000220889228;-1.268789355579285;0.3610712297123178;Enrolled
1;17;-1.7316968666316976;9147;1;-3.0781385481239893;-10.055642471166031;-0.4478770895114957;-1.1375591012023838;-1.5940928228489972;-1.3495296801241716;-1.954178909329264;-8.809693185781693;1;0;1;0;0;1;-3.1085926621448308;0;-0.4236151106854453;-3.472948849025565;-2.465526912243127;-1.6337726182640795;-2.4120874424725365;-0.4943525490553087;0.2121010094051557;-0.4303917461617935;-4.217947702357519;-2.5790395533062207;-1.658854478191616;-2.119823528407945;-0.4688016815309918;-1.027287595244889;-4.405432714678196;-1.2166745648634176;0.4060604853228998;Enrolled
1;1;-0.5943675301733173;9500;1;-3.0781385481239893;-10.167162146753151;-0.4478770895114957;-2.8519141796797496;-3.701197167947771;-1.65563125162115;-1.954178909329264;-8.919757128898178;1;0;0;1;0;1;-3.1085926621448308;0;-0.4236151106854453;-3.0069866396345164;-2.1308463850552557;-1.6337726182640795;-2.3998556570334584;-0.4943525490553087;-2.203743379751111;-0.4303917461617935;-3.5474598174656107;-2.424122124999049;-1.2956178004423726;-2.098901937252382;-0.4688016815309918;0.4612021542359994;-4.223000220889228;-1.268789355579285;0.3610712297123178;Enrolled
1;53;-1.7316968666316976;9085;1;-6.54278189566412;-10.096728667434972;-0.4478770895114957;-1.1375591012023838;-1.5940928228489972;-1.65563125162115;-1.615168767316573;-8.79932841983799;1;0;1;0;0;0;-3.041455396794529;0;0.895485111967168;-2.075062220852418;-1.59535754155466;-0.9360152371299711;-2.393399992326281;-0.4943525490553087;0.2121010094051557;0.7382964747994489;-2.8769719325737038;-1.8044524117703635;-1.1745389078592914;-2.0640326187992546;-0.4688016815309918;-0.3657365954756059;-4.714164627244141;-0.7997562391364795;0.6975126194958008;Enrolled
1;1;-1.7316968666316976;9238;1;-3.0781385481239893;-10.284551278950124;-0.4478770895114957;-2.8519141796797496;-1.5940928228489972;-1.9617328231181288;-1.954178909329264;-8.991816930221079;0;0;0;1;0;1;-3.091808345807256;0;-0.4236151106854453;-3.2399677443300408;-2.0639102796176805;-1.6337726182640795;-2.524212142330755;-0.4943525490553087;-1.1971415509359995;-0.4303917461617935;-3.8827037599115646;-2.2692046966918777;-1.537775585608535;-2.154692846861073;-0.4688016815309918;-0.7792059703314076;-4.405432714678196;-1.2166745648634176;0.4060604853228998;Enrolled
1;1;-1.7316968666316976;9085;1;-3.0781385481239893;-10.143684320313758;-0.4478770895114957;-2.8519141796797496;-3.701197167947771;-2.2678343946151074;-2.2931890513419546;-8.901001838142902;0;0;0;1;0;0;-3.091808345807256;0;-0.4236151106854453;-3.2399677443300408;-2.1308463850552557;-1.5174797214083948;-2.3800518138688087;-0.4943525490553087;0.2121010094051557;-0.4303917461617935;-3.8827037599115646;-2.1142872683847065;-1.537775585608535;-2.091928073394384;-0.4688016815309918;-0.7792059703314076;-4.012501189594263;-1.6857076813062235;0.1654657705358741;Enrolled
1;17;-1.7316968666316976;9147;1;-3.0781385481239893;-10.120206493874369;-0.4478770895114957;-2.8519141796797496;-3.701197167947771;-1.3495296801241716;-2.971209335367337;-8.90889880267144;1;0;0;1;1;0;-3.1253769784824064;0;-0.4236151106854453;-3.472948849025565;-2.3985908068055526;-1.6337726182640795;-2.452860060602798;-0.4943525490553087;0.2121010094051557;-0.4303917461617935;-4.217947702357519;-2.424122124999049;-1.658854478191616;-2.098901937252382;-0.4688016815309918;-1.027287595244889;-3.787968889546303;-0.0701491691143375;-0.7832207064698774;Enrolled
1;1;-1.1630321984025074;9085;1;-3.0781385481239893;-10.22585671285164;-0.4478770895114957;-2.8519141796797496;-1.5940928228489972;-2.573935966112086;-2.971209335367337;-8.959735511823897;1;0;0;1;1;0;-3.07502402946968;0;-0.4236151106854453;-3.472948849025565;-2.331654701367978;-1.7500655151197644;-2.478342946934211;-0.4943525490553087;-1.4789900630042303;-0.4303917461617935;-4.217947702357519;-1.8044524117703635;-1.7799333707746974;-2.1784039836435216;6.206960761034842;-2.515777344725778;-4.447532520937188;-0.7997562391364795;0.3512909567534956;Enrolled
1;1;-1.7316968666316976;9130;1;-3.0781385481239893;-10.137227918042926;-0.4478770895114957;-2.8519141796797496;-3.701197167947771;-2.573935966112086;-1.615168767316573;-8.833384079367304;1;0;0;1;0;0;-3.091808345807256;0;-0.4236151106854453;-3.2399677443300408;-2.0639102796176805;-1.5174797214083948;-2.384905697222248;-0.4943525490553087;0.2121010094051557;-0.4303917461617935;-3.8827037599115646;-2.191745982538292;-1.416696693025454;-2.077980346096819;-0.4688016815309918;0.4612021542359994;-3.68973600827532;-1.3730189370110195;-0.1690195646558445;Enrolled
1;1;-1.1630321984025074;9773;1;-3.0781385481239893;-10.143684320313758;-0.4478770895114957;-1.1375591012023838;-3.701197167947771;-1.3495296801241716;-1.615168767316573;-8.901001838142902;1;0;0;1;0;0;-3.1085926621448308;0;-0.4236151106854453;-3.2399677443300408;-2.3985908068055526;-1.6337726182640795;-2.442666906070232;-0.4943525490553087;-1.1971415509359995;-0.4303917461617935;-3.8827037599115646;-2.424122124999049;-1.537775585608535;-2.1700353471812965;-0.4688016815309918;-0.7792059703314076;-4.447532520937188;-0.7997562391364795;0.3512909567534956;Enrolled
1;1;-1.1630321984025074;9773;1;-3.0781385481239893;-10.202378886412244;-0.4478770895114957;-1.1375591012023838;-1.5940928228489972;-1.3495296801241716;-1.615168767316573;-8.888169270784031;1;0;0;1;0;1;-3.1085926621448308;0;-0.4236151106854453;-3.2399677443300408;-2.0639102796176805;-1.7500655151197644;-2.5038258332656245;-0.4943525490553087;-2.606384111277156;-0.4303917461617935;-3.8827037599115646;-2.1142872683847065;-1.7799333707746974;-2.13377125570551;-0.4688016815309918;-3.2600222194662227;-4.643998283479154;-1.94628163488556;-0.5993515748440206;Enrolled
1;1;-0.5943675301733173;9147;1;-3.0781385481239893;-10.173031603363002;-0.4478770895114957;-2.8519141796797496;-1.5940928228489972;-1.9617328231181288;-1.954178909329264;-8.90495032040717;1;0;0;1;0;1;-3.1085926621448308;0;-0.4236151106854453;-3.472948849025565;-2.465526912243127;-1.6337726182640795;-2.4732463696679283;-0.4943525490553087;0.2121010094051557;-0.4303917461617935;-4.217947702357519;-2.1142872683847065;-1.7799333707746974;-2.091928073394384;-0.4688016815309918;-2.515777344725778;-4.643998283479154;-1.94628163488556;-0.5993515748440206;Enrolled
1;1;-1.1630321984025074;9130;1;-3.0781385481239893;-10.096728667434972;-0.4478770895114957;-1.1375591012023838;-1.5940928228489972;-1.3495296801241716;-1.615168767316573;-8.875336703425157;1;0;0;1;0;0;-3.1253769784824064;0;-0.4236151106854453;-3.472948849025565;-2.1308463850552557;-1.7500655151197644;-2.376411401608558;1.4906507678453047;-1.4789900630042303;-0.4303917461617935;-4.217947702357519;-2.5790395533062207;-1.537775585608535;-2.0612430731723688;-0.4688016815309918;0.4612021542359994;-4.180900414630234;0.3988839473284681;-0.3215918228134705;Enrolled
1;1;-1.7316968666316976;9254;1;-3.0781385481239893;-10.079120297605428;-0.4478770895114957;-4.566269258157115;-1.5940928228489972;-2.880037537609065;-3.310219477380027;-8.857074972952915;1;0;0;1;0;0;-3.1085926621448308;0;-0.4236151106854453;-3.2399677443300408;-2.1977824904928296;-1.6337726182640795;-2.3815079788748403;-0.4943525490553087;-1.1971415509359995;-0.4303917461617935;-3.8827037599115646;-1.726993697616778;-1.9010122633577784;-2.057058754941256;-0.4688016815309918;-4.50043034403363;-4.447532520937188;-0.7997562391364795;0.3512909567534956;Enrolled
3;17;-1.7316968666316976;9238;1;-3.0781385481239893;-10.10846758065467;-0.4478770895114957;-1.1375591012023838;-1.5940928228489972;-1.3495296801241716;-1.615168767316573;-8.855594292103815;1;0;0;1;0;1;-3.07502402946968;0;-0.4236151106854453;-3.2399677443300408;-2.264718595930404;-1.866358411975449;-2.5445984513958853;-0.4943525490553087;-4.01562667161831;-0.4303917461617935;-3.8827037599115646;-1.9593698400775348;-1.658854478191616;-2.109362732830164;-0.4688016815309918;-2.019614094898816;-4.180900414630234;0.3988839473284681;-0.3215918228134705;Enrolled
1;1;-0.5943675301733173;9254;1;-3.0781385481239893;-10.161292690143304;-0.4478770895114957;-1.1375591012023838;-1.5940928228489972;-1.65563125162115;-1.954178909329264;-8.912353724652675;1;0;0;1;0;1;-3.1253769784824064;0;-0.4236151106854453;-3.2399677443300408;-2.1977824904928296;-1.5174797214083948;-2.5123201288793147;-0.4943525490553087;0.2121010094051557;-0.4303917461617935;-3.8827037599115646;-2.346663410845464;-1.537775585608535;-2.1616667107190715;-0.4688016815309918;-0.7792059703314076;-4.896597121033111;-0.1743787505460719;0.0735312047229456;Enrolled
1;1;-1.1630321984025074;9500;1;-3.0781385481239893;-10.155423233533456;-0.4478770895114957;-2.8519141796797496;-1.5940928228489972;-1.3495296801241716;-1.615168767316573;-8.897053355878635;1;0;0;1;0;1;-3.1253769784824064;0;-0.4236151106854453;-3.0069866396345164;-2.1977824904928296;-1.5174797214083948;-2.41123801275827;-0.4943525490553087;-0.995821185172978;-0.4303917461617935;-3.212215875019657;-2.1142872683847065;-1.416696693025454;-2.0832107438857097;-0.4688016815309918;-1.3994100326151115;-4.405432714678196;-1.2166745648634176;0.4060604853228998;Enrolled
1;15;-1.7316968666316976;9119;1;-3.0781385481239893;-9.979339535238;5.386005009793676;-2.8519141796797496;-5.808301513046543;-2.2678343946151074;-2.2931890513419546;-8.72480081709992;0;0;1;1;0;0;-3.1085926621448308;1;-0.4236151106854453;-3.2399677443300408;-2.0639102796176805;-1.982651308831134;-2.376411401608558;1.4906507678453047;-5.424869231959466;-0.4303917461617935;-4.217947702357519;-2.1142872683847065;-1.9010122633577784;-2.1616667107190715;-0.4688016815309918;-4.004267094206667;-4.714164627244141;-0.7997562391364795;0.6975126194958008;Enrolled
1;1;-1.7316968666316976;9119;1;-3.0781385481239893;-10.208248343022094;-0.4478770895114957;-4.566269258157115;-3.701197167947771;-2.880037537609065;-2.971209335367337;-8.95183854729536;0;0;0;1;1;0;-3.091808345807256;0;-0.4236151106854453;-3.472948849025565;-2.1977824904928296;-1.7500655151197644;-2.4732463696679283;-0.4943525490553087;-1.4789900630042303;-0.4303917461617935;-4.217947702357519;-2.424122124999049;-1.658854478191616;-2.109362732830164;2.8690795397519246;-1.027287595244889;-4.896597121033111;-0.1743787505460719;0.0735312047229456;Enrolled
1;1;-1.7316968666316976;9147;1;-3.0781385481239893;-10.196509429802395;-0.4478770895114957;-2.8519141796797496;-1.5940928228489972;-2.2678343946151074;-2.2931890513419546;-8.933083256540083;0;0;0;1;1;0;-3.091808345807256;0;-0.4236151106854453;-3.472948849025565;-2.1977824904928296;-1.6337726182640795;-2.452860060602798;-0.4943525490553087;0.2121010094051557;-0.4303917461617935;-4.217947702357519;-2.2692046966918777;-1.658854478191616;-2.077980346096819;-0.4688016815309918;-1.027287595244889;-4.714164627244141;-0.7997562391364795;0.6975126194958008;Enrolled
1;1;1.1116264745142534;9500;1;-3.0781385481239893;-10.202378886412244;-0.4478770895114957;-2.8519141796797496;-3.701197167947771;-2.573935966112086;-1.954178909329264;-8.950357866446259;1;0;0;1;1;0;-3.1253769784824064;0;-0.4236151106854453;-3.0069866396345164;-2.264718595930404;-1.5174797214083948;-2.352117716469392;-0.4943525490553087;-0.995821185172978;-0.4303917461617935;-3.212215875019657;-2.0368285542311204;-1.416696693025454;-2.1180800623388376;1.2001389291104665;-1.3994100326151115;-4.405432714678196;-1.2166745648634176;0.4060604853228998;Enrolled
1;1;-1.7316968666316976;9670;1;-3.0781385481239893;-10.120206493874369;-0.4478770895114957;-4.566269258157115;-1.5940928228489972;-2.2678343946151074;-1.954178909329264;-8.87434958285909;1;0;0;1;1;0;-3.1085926621448308;0;-0.4236151106854453;-3.2399677443300408;-2.1308463850552557;-1.7500655151197644;-2.4273771742713843;-0.4943525490553087;-2.606384111277156;-0.4303917461617935;-3.8827037599115646;-2.0368285542311204;-2.02209115594086;-2.2035098930301973;4.538020150393384;-5.740838468601037;-3.68973600827532;-1.3730189370110195;-0.1690195646558445;Enrolled
1;1;-0.5943675301733173;9670;1;-3.0781385481239893;-10.208248343022094;-0.4478770895114957;-4.566269258157115;-1.5940928228489972;-2.880037537609065;-1.954178909329264;-8.91037948352054;1;0;0;1;1;0;-3.1085926621448308;0;-0.4236151106854453;-3.472948849025565;-2.331654701367978;-1.866358411975449;-2.4698486513205204;-0.4943525490553087;-3.170081135413618;-0.4303917461617935;-4.217947702357519;-2.5790395533062207;-1.658854478191616;-2.119823528407945;-0.4688016815309918;-1.027287595244889;-4.643998283479154;-1.94628163488556;-0.5993515748440206;Enrolled
1;17;-1.1630321984025074;9254;1;-3.0781385481239893;-10.126075950484216;-0.4478770895114957;-1.1375591012023838;-1.5940928228489972;-2.2678343946151074;-2.971209335367337;-8.848190887858312;1;0;0;1;1;0;-3.091808345807256;0;-0.4236151106854453;-3.2399677443300408;-2.264718595930404;-1.5174797214083948;-2.461354356216488;-0.4943525490553087;0.2121010094051557;-0.4303917461617935;-3.8827037599115646;-2.2692046966918777;-1.537775585608535;-2.186772620105747;-0.4688016815309918;-0.7792059703314076;-4.896597121033111;-0.1743787505460719;0.0735312047229456;Enrolled
2;17;0.5429618062850633;9119;1;-3.0781385481239893;-10.17890105997285;-0.4478770895114957;-1.1375591012023838;-1.5940928228489972;-2.2678343946151074;-2.6321991933546456;-8.907911682105372;1;0;0;1;1;0;-3.07502402946968;0;-0.4236151106854453;-3.472948849025565;-2.1308463850552557;-1.7500655151197644;-2.391701133407406;-0.4943525490553087;-1.4789900630042303;-0.4303917461617935;-4.217947702357519;-2.424122124999049;-1.658854478191616;-2.025676368207912;2.8690795397519246;-1.027287595244889;-4.896597121033111;-0.1743787505460719;0.0735312047229456;Enrolled
1;17;-1.7316968666316976;9147;1;-3.0781385481239893;-10.21411779963194;-0.4478770895114957;-4.566269258157115;-1.5940928228489972;-2.573935966112086;-1.954178909329264;-8.901495398425936;1;0;0;1;1;0;-3.1253769784824064;0;-0.4236151106854453;-3.472948849025565;-1.930038068742532;-1.6337726182640795;-2.452860060602798;-0.4943525490553087;0.2121010094051557;-0.4303917461617935;-4.217947702357519;-2.2692046966918777;-1.658854478191616;-2.144929437794621;-0.4688016815309918;-1.027287595244889;-4.012501189594263;-1.6857076813062235;0.1654657705358741;Enrolled
1;44;-1.7316968666316976;9003;1;-6.54278189566412;-10.155423233533456;-0.4478770895114957;-4.566269258157115;-5.808301513046543;-1.65563125162115;-3.310219477380027;-8.872868902009989;1;0;0;1;1;0;-3.091808345807256;0;-0.4236151106854453;-3.2399677443300408;-1.9969741741801064;-1.7500655151197644;-2.4732463696679283;-0.4943525490553087;-2.606384111277156;-0.4303917461617935;-3.8827037599115646;-2.1142872683847065;-1.537775585608535;-2.1407451195635083;-0.4688016815309918;-0.7792059703314076;-3.787968889546303;-0.0701491691143375;-0.7832207064698774;Enrolled
1;17;-1.7316968666316976;9119;1;-3.0781385481239893;-10.149553776923607;-0.4478770895114957;-2.8519141796797496;-5.808301513046543;-1.3495296801241716;-1.2761586253038824;-8.903963199841105;1;0;0;1;1;0;-3.091808345807256;0;-0.4236151106854453;-3.472948849025565;-2.331654701367978;-1.7500655151197644;-2.452860060602798;-0.4943525490553087;-1.4789900630042303;-0.4303917461617935;-4.217947702357519;-2.346663410845464;-1.9010122633577784;-2.098901937252382;-0.4688016815309918;-4.004267094206667;-4.447532520937188;-0.7997562391364795;0.3512909567534956;Enrolled
1;17;-1.7316968666316976;9670;1;-3.0781385481239893;-10.137227918042926;-0.4478770895114957;-2.8519141796797496;-1.5940928228489972;-2.2678343946151074;-1.615168767316573;-9.040679398241402;1;0;0;1;0;1;-3.0078867641193776;0;-0.4236151106854453;-3.2399677443300408;-2.264718595930404;-1.5174797214083948;-2.489264183714963;-0.4943525490553087;0.2121010094051557;-0.4303917461617935;-3.8827037599115646;-2.191745982538292;-1.537775585608535;-2.11145489194572;-0.4688016815309918;-0.7792059703314076;-3.787968889546303;-0.0701491691143375;-0.7832207064698774;Enrolled
4;39;-1.7316968666316976;9003;1;-3.0781385481239893;-10.096728667434972;-0.4478770895114957;-1.1375591012023838;-1.5940928228489972;-1.3495296801241716;-1.954178909329264;-8.774156845403278;0;0;0;1;1;0;-2.9575338151066517;0;-0.4236151106854453;-3.2399677443300408;-1.9969741741801064;-1.6337726182640795;-2.452860060602798;-0.4943525490553087;-1.1971415509359995;-0.4303917461617935;-3.8827037599115646;-2.191745982538292;-1.416696693025454;-2.1058758011103804;-0.4688016815309918;0.4612021542359994;-4.405432714678196;-1.2166745648634176;0.4060604853228998;Enrolled
1;39;-1.7316968666316976;9500;1;-10.007425243204253;-10.155423233533456;-0.4478770895114957;-1.1375591012023838;-1.5940928228489972;-1.3495296801241716;-1.954178909329264;-8.872868902009989;0;0;0;1;0;0;-2.974318131444227;0;0.1417135561656745;-2.774005534938992;-1.9969741741801064;-1.4011868245527102;-2.4295614215256034;-0.4943525490553087;-0.8448309108507108;0.4461244195591382;-3.212215875019657;-2.0368285542311204;-1.2956178004423726;-2.1006952163747354;-0.4688016815309918;-0.4691039391895559;-4.180900414630234;0.3988839473284681;-0.3215918228134705;Enrolled
1;39;-1.7316968666316976;9991;0;-3.0781385481239893;-9.979339535238;11.219887109098847;-1.1375591012023838;-1.5940928228489972;-1.3495296801241716;-1.615168767316573;-8.72480081709992;0;0;0;1;0;1;-2.907180866093925;1;-0.4236151106854453;-3.472948849025565;-1.930038068742532;-1.7500655151197644;-2.5293087195970374;-0.4943525490553087;-1.4789900630042303;-0.4303917461617935;-4.217947702357519;-2.191745982538292;-1.658854478191616;-2.182588301874634;-0.4688016815309918;-1.027287595244889;-3.787968889546303;-0.0701491691143375;-0.7832207064698774;Enrolled
2;39;-1.7316968666316976;9991;0;-3.0781385481239893;-10.137227918042926;-0.4478770895114957;-1.1375591012023838;-1.5940928228489972;-1.3495296801241716;-1.2761586253038824;-8.774156845403278;0;0;0;1;1;0;-2.638631804692717;0;-0.4236151106854453;-3.472948849025565;-2.264718595930404;-1.7500655151197644;-2.5547916059284512;-0.4943525490553087;-1.4789900630042303;-0.4303917461617935;-4.217947702357519;-2.346663410845464;-1.658854478191616;-2.098901937252382;-0.4688016815309918;-1.027287595244889;-4.643998283479154;-1.94628163488556;-0.5993515748440206;Enrolled
4;39;-1.7316968666316976;9003;1;-3.0781385481239893;-10.137227918042926;-0.4478770895114957;-1.1375591012023838;-1.5940928228489972;-1.3495296801241716;-2.6321991933546456;-9.017482064938823;0;0;0;1;0;0;-2.7729063353933205;0;-0.4236151106854453;-3.2399677443300408;-1.7961658578673834;-1.982651308831134;-2.4018942879399714;3.4756540847459183;-5.424869231959466;-0.4303917461617935;-3.8827037599115646;-1.9593698400775348;-1.7799333707746974;-2.077980346096819;1.2001389291104665;-3.2600222194662227;-3.787968889546303;-0.0701491691143375;-0.7832207064698774;Enrolled
1;7;-1.7316968666316976;9119;1;-10.007425243204253;-9.861950403041034;-0.4478770895114957;-4.566269258157115;-5.808301513046543;-2.880037537609065;-1.954178909329264;-8.626088760493207;0;0;1;1;1;0;-2.9239651824315;0;-0.4236151106854453;-3.472948849025565;-2.3985908068055526;-1.7500655151197644;-2.3254456289457317;-0.4943525490553087;-1.4789900630042303;-0.4303917461617935;-4.217947702357519;-2.191745982538292;-1.7799333707746974;-1.944082162701216;-0.4688016815309918;-2.515777344725778;-4.012501189594263;-1.6857076813062235;0.1654657705358741;Enrolled
2;44;-1.7316968666316976;9991;0;-6.54278189566412;-10.096728667434972;-0.4478770895114957;-1.1375591012023838;-1.5940928228489972;-1.3495296801241716;-1.615168767316573;-8.823512873706633;0;0;0;1;0;0;-2.73933770271817;0;-0.0467293327846987;-3.2399677443300408;-2.1308463850552557;-1.7500655151197644;-2.440118617437091;-0.4943525490553087;-2.606384111277156;0.4461244195591382;-3.5474598174656107;-2.2692046966918777;-1.416696693025454;-2.098901937252382;-0.4688016815309918;-0.6020048096789214;-4.643998283479154;-1.94628163488556;-0.5993515748440206;Enrolled
1;18;-1.7316968666316976;9773;1;-3.0781385481239893;-10.1847705165827;-0.4478770895114957;-1.1375591012023838;-1.5940928228489972;-1.3495296801241716;-2.2931890513419546;-8.911366604086608;0;0;0;0;0;0;-3.1253769784824064;0;-0.4236151106854453;-3.2399677443300408;-2.331654701367978;-1.6337726182640795;-2.422280597005102;-0.4943525490553087;-1.1971415509359995;-0.4303917461617935;-3.8827037599115646;-2.501580839152634;-1.537775585608535;-2.1281921648701703;-0.4688016815309918;-0.7792059703314076;-4.405432714678196;-1.2166745648634176;0.4060604853228998;Enrolled
1;17;-1.7316968666316976;9147;1;-3.0781385481239893;-10.10259812404482;-0.4478770895114957;-2.8519141796797496;-1.5940928228489972;-1.65563125162115;-1.954178909329264;-8.805744703517425;1;0;1;1;1;0;-3.1253769784824064;0;-0.4236151106854453;-3.472948849025565;-2.1977824904928296;-2.215237102542503;-3.0644493325567166;-0.4943525490553087;-8.243354352641777;-0.4303917461617935;-4.217947702357519;-2.5790395533062207;-2.143170048523941;-2.6219417161414573;-0.4688016815309918;-6.981246593168445;-4.896597121033111;-0.1743787505460719;0.0735312047229456;Enrolled
1;15;-1.7316968666316976;33;1;-3.0781385481239893;-10.137227918042926;11.219887109098847;-4.566269258157115;-5.808301513046543;-2.880037537609065;-2.6321991933546456;-9.02093698692006;0;0;0;1;1;0;-3.091808345807256;1;-0.4236151106854453;-3.0069866396345164;-2.1308463850552557;-1.4011868245527102;-2.409175112460473;-0.4943525490553087;0.2121010094051557;-0.4303917461617935;-3.5474598174656107;-2.424122124999049;-1.658854478191616;-2.088441141674601;-0.4688016815309918;-2.7284187375087625;-4.714164627244141;-0.7997562391364795;0.6975126194958008;Enrolled
1;17;-1.7316968666316976;9130;1;-3.0781385481239893;-10.114337037264518;-0.4478770895114957;-1.1375591012023838;-1.5940928228489972;-1.9617328231181288;-1.954178909329264;-8.872868902009989;1;0;0;1;0;0;-3.07502402946968;0;-0.4236151106854453;-3.2399677443300408;-1.9969741741801064;-1.6337726182640795;-2.3713148243422757;-0.4943525490553087;-1.1971415509359995;-0.4303917461617935;-3.8827037599115646;-2.191745982538292;-1.658854478191616;-2.025676368207912;-0.4688016815309918;-2.019614094898816;-4.223000220889228;-1.268789355579285;0.3610712297123178;Enrolled
1;44;-1.7316968666316976;9130;1;-6.54278189566412;-10.096728667434972;-0.4478770895114957;-1.1375591012023838;-1.5940928228489972;-1.9617328231181288;-2.2931890513419546;-8.823512873706633;1;0;1;0;0;0;-3.091808345807256;0;-0.235172221735072;-3.2399677443300408;-2.0639102796176805;-1.866358411975449;-2.452860060602798;-0.4943525490553087;-4.01562667161831;-0.4303917461617935;-3.8827037599115646;-2.1142872683847065;-1.9010122633577784;-2.1616667107190715;-0.4688016815309918;-4.50043034403363;-4.223000220889228;-1.268789355579285;0.3610712297123178;Enrolled
1;17;-0.0257028619441269;9085;1;-3.0781385481239893;-10.29629019216982;-0.4478770895114957;-1.1375591012023838;-3.701197167947771;-2.573935966112086;-1.615168767316573;-8.991323369938044;0;0;0;1;0;0;-3.091808345807256;0;-0.4236151106854453;-3.2399677443300408;-2.1977824904928296;-1.5174797214083948;-2.393399992326281;-0.4943525490553087;0.2121010094051557;-0.4303917461617935;-3.8827037599115646;-2.346663410845464;-1.658854478191616;-2.036137163785693;-0.4688016815309918;-2.019614094898816;-4.012501189594263;-1.6857076813062235;0.1654657705358741;Enrolled
1;15;-1.7316968666316976;9556;1;-3.0781385481239893;-10.114337037264518;22.887651307709195;-1.1375591012023838;-3.701197167947771;-1.3495296801241716;-2.6321991933546456;-8.83831968219764;0;0;1;1;0;0;-3.1085926621448308;1;-0.4236151106854453;-3.0069866396345164;-2.0639102796176805;-2.215237102542503;-3.0644493325567166;7.445660718547146;-8.243354352641777;-0.4303917461617935;-3.5474598174656107;-2.1142872683847065;-1.9010122633577784;-2.13377125570551;-0.4688016815309918;-4.854832665338603;-4.714164627244141;-0.7997562391364795;0.6975126194958008;Enrolled
2;1;-1.7316968666316976;8014;0;-3.0781385481239893;-10.208248343022094;-0.4478770895114957;-1.1375591012023838;-1.5940928228489972;-1.3495296801241716;-1.615168767316573;-8.949864306163224;1;0;0;1;0;0;-2.672200437367868;0;1.0839280009175412;-1.8420811161568935;-1.8631019633049577;-0.8197223402742865;-2.3509285152771446;-0.4943525490553087;0.2121010094051557;0.1539523643188277;-3.5474598174656107;-2.0368285542311204;-1.2956178004423726;-2.0421147611391595;-0.4688016815309918;0.4612021542359994;-4.896597121033111;-0.1743787505460719;0.0735312047229456;Enrolled
1;39;-1.7316968666316976;9991;0;-3.0781385481239893;-10.33150693182891;-0.4478770895114957;-1.1375591012023838;-1.5940928228489972;-1.9617328231181288;-2.2931890513419546;-8.91877000833211;0;0;0;1;0;0;-2.9575338151066517;0;-0.4236151106854453;-3.472948849025565;-2.1977824904928296;-1.7500655151197644;-2.4910843900999176;-0.4943525490553087;-1.4789900630042303;-0.4303917461617935;-4.217947702357519;-2.424122124999049;-1.658854478191616;-2.077980346096819;-0.4688016815309918;-1.027287595244889;-4.896597121033111;-0.1743787505460719;0.0735312047229456;Enrolled
1;16;-1.1630321984025074;9070;1;-3.0781385481239893;-10.137814863703912;-0.4478770895114957;-2.8519141796797496;-5.808301513046543;-2.2678343946151074;-3.310219477380027;-8.909885923237507;1;0;0;1;0;0;-3.1253769784824064;0;-0.4236151106854453;-3.2399677443300408;-2.0639102796176805;-2.098944205686818;-2.5038258332656245;1.4906507678453047;-6.834111792300622;-0.4303917461617935;-3.8827037599115646;-2.1142872683847065;-1.658854478191616;-2.1616667107190715;6.206960761034842;-2.019614094898816;-4.896597121033111;-0.1743787505460719;0.0735312047229456;Enrolled
1;1;-1.7316968666316976;9147;1;-3.0781385481239893;-10.143684320313758;-0.4478770895114957;-1.1375591012023838;-1.5940928228489972;-1.65563125162115;-1.954178909329264;-8.866452618330554;1;0;0;1;0;0;-3.1253769784824064;0;-0.4236151106854453;-3.472948849025565;-2.264718595930404;-1.7500655151197644;-2.452860060602798;-0.4943525490553087;-1.4789900630042303;-0.4303917461617935;-4.217947702357519;-2.346663410845464;-1.658854478191616;-2.109362732830164;-0.4688016815309918;-1.027287595244889;-4.643998283479154;-1.94628163488556;-0.5993515748440206;Enrolled
1;17;-1.1630321984025074;9119;1;-3.0781385481239893;-10.137227918042926;-0.4478770895114957;-2.8519141796797496;-5.808301513046543;-2.573935966112086;-2.971209335367337;-8.937031738804352;1;0;0;1;1;0;-3.07502402946968;0;-0.4236151106854453;-3.472948849025565;-2.1308463850552557;-1.6337726182640795;-2.4953315376519343;-0.4943525490553087;0.2121010094051557;-0.4303917461617935;-4.217947702357519;-2.191745982538292;-1.7799333707746974;-2.1700353471812965;-0.4688016815309918;-2.515777344725778;-4.223000220889228;-1.268789355579285;0.3610712297123178;Enrolled
1;1;-0.0257028619441269;9147;1;-3.0781385481239893;-10.21411779963194;-0.4478770895114957;-1.1375591012023838;-1.5940928228489972;-1.9617328231181288;-2.2931890513419546;-8.908405242388406;1;0;0;1;1;0;-3.1253769784824064;0;-0.4236151106854453;-3.472948849025565;-2.3985908068055526;-1.7500655151197644;-2.478342946934211;-0.4943525490553087;-1.4789900630042303;-0.4303917461617935;-4.217947702357519;-2.0368285542311204;-1.9010122633577784;-2.1895621657326325;-0.4688016815309918;-4.004267094206667;-4.447532520937188;-0.7997562391364795;0.3512909567534956;Enrolled
1;17;-1.7316968666316976;9147;1;-3.0781385481239893;-10.22585671285164;-0.4478770895114957;-2.8519141796797496;-1.5940928228489972;-1.3495296801241716;-1.615168767316573;-8.930121894841882;1;0;0;1;1;0;-3.1085926621448308;0;-0.4236151106854453;-3.472948849025565;-2.1308463850552557;-1.982651308831134;-2.5293087195970374;-0.4943525490553087;-4.861172207823003;-0.4303917461617935;-4.217947702357519;-2.5790395533062207;-1.658854478191616;-2.1302843239857268;-0.4688016815309918;-1.027287595244889;-4.223000220889228;-1.268789355579285;0.3610712297123178;Enrolled
1;1;-1.7316968666316976;9670;1;-3.0781385481239893;-10.173031603363002;-0.4478770895114957;-2.8519141796797496;-1.5940928228489972;-2.2678343946151074;-1.615168767316573;-8.882246547387627;0;0;0;1;1;0;-3.1085926621448308;0;-0.4236151106854453;-3.472948849025565;-2.264718595930404;-1.7500655151197644;-2.4273771742713843;-0.4943525490553087;-1.4789900630042303;-0.4303917461617935;-4.217947702357519;-2.501580839152634;-1.658854478191616;-2.1616667107190715;-0.4688016815309918;-1.027287595244889;-4.896597121033111;-0.1743787505460719;0.0735312047229456;Enrolled
1;1;-1.1630321984025074;9500;1;-3.0781385481239893;-10.137227918042926;-0.4478770895114957;-1.1375591012023838;-1.5940928228489972;-1.3495296801241716;-1.615168767316573;-9.025872589750394;1;0;0;1;1;0;-3.0582397131321044;0;-0.4236151106854453;-3.0069866396345164;-2.1977824904928296;-1.5174797214083948;-2.410388583553661;-0.4943525490553087;-0.995821185172978;-0.4303917461617935;-3.212215875019657;-2.0368285542311204;-1.416696693025454;-2.098901937252382;-0.4688016815309918;-1.3994100326151115;-3.68973600827532;-1.3730189370110195;-0.1690195646558445;Enrolled
1;17;1.1116264745142534;9670;1;-3.0781385481239893;-10.272812365730427;-0.4478770895114957;-2.8519141796797496;-1.5940928228489972;-2.2678343946151074;-1.2761586253038824;-8.965164674937265;0;0;0;1;1;0;-3.07502402946968;0;-0.4236151106854453;-3.2399677443300408;-2.1308463850552557;-1.5174797214083948;-2.438298411052137;-0.4943525490553087;0.2121010094051557;-0.4303917461617935;-3.8827037599115646;-2.1142872683847065;-1.658854478191616;-2.025676368207912;-0.4688016815309918;-2.019614094898816;-3.787968889546303;-0.0701491691143375;-0.7832207064698774;Enrolled
1;1;-1.1630321984025074;9254;1;-3.0781385481239893;-10.1847705165827;-0.4478770895114957;-2.8519141796797496;-1.5940928228489972;-2.2678343946151074;-3.310219477380027;-8.914821526067842;1;0;0;1;1;0;-3.1253769784824064;0;-0.4236151106854453;-3.2399677443300408;-1.9969741741801064;-1.6337726182640795;-2.5038258332656245;-0.4943525490553087;-1.1971415509359995;-0.4303917461617935;-3.8827037599115646;-2.1142872683847065;-1.7799333707746974;-2.1895621657326325;-0.4688016815309918;-3.2600222194662227;-4.643998283479154;-1.94628163488556;-0.5993515748440206;Enrolled
1;53;-1.7316968666316976;9003;1;-6.54278189566412;-10.155423233533456;-0.4478770895114957;-1.1375591012023838;-1.5940928228489972;-1.3495296801241716;-1.615168767316573;-8.872868902009989;1;0;1;1;1;0;-3.091808345807256;0;0.895485111967168;-1.8420811161568935;-1.7292297524298088;-0.9360152371299711;-2.425060548009593;-0.4943525490553087;-0.4925202707654224;1.0304685300397594;-2.54172799012775;-2.0368285542311204;-1.1745389078592914;-2.135514721774617;-0.4688016815309918;-1.027287595244889;-4.714164627244141;-0.7997562391364795;0.6975126194958008;Enrolled
1;17;-1.7316968666316976;9773;1;-3.0781385481239893;-10.167162146753151;-0.4478770895114957;-1.1375591012023838;-1.5940928228489972;-1.3495296801241716;-1.2761586253038824;-8.8965597955956;1;0;0;1;1;0;-3.1253769784824064;0;-0.4236151106854453;-3.2399677443300408;-2.3985908068055526;-1.5174797214083948;-2.418882878657694;-0.4943525490553087;0.2121010094051557;-0.4303917461617935;-3.8827037599115646;-2.424122124999049;-1.537775585608535;-2.052874436710144;-0.4688016815309918;-0.7792059703314076;-4.223000220889228;-1.268789355579285;0.3610712297123178;Enrolled
1;16;0.5429618062850633;9085;1;-3.0781385481239893;-10.131945407094063;-0.4478770895114957;-1.1375591012023838;-1.5940928228489972;-1.65563125162115;-1.954178909329264;-8.902976079275037;1;0;0;1;1;0;-3.1253769784824064;0;-0.4236151106854453;-3.472948849025565;-2.0639102796176805;-1.6337726182640795;-2.4018942879399714;3.4756540847459183;0.2121010094051557;-0.4303917461617935;-4.217947702357519;-2.424122124999049;-1.537775585608535;-2.1030862554834946;-0.4688016815309918;0.4612021542359994;-4.643998283479154;-1.94628163488556;-0.5993515748440206;Enrolled
1;43;-1.7316968666316976;8014;0;-3.0781385481239893;-10.155423233533456;-0.4478770895114957;-1.1375591012023838;-5.808301513046543;-2.573935966112086;-3.310219477380027;-9.02093698692006;0;0;0;1;1;0;-2.5211415903296883;0;1.2723708898679147;-1.6091000114613692;-1.8631019633049577;-0.7034294434186017;-2.386212511618411;-0.4943525490553087;0.2121010094051557;1.6148126405203806;-2.206484047681796;-2.0368285542311204;-0.8113022301100478;-2.0855881973500363;-0.4688016815309918;0.4612021542359994;-4.180900414630234;0.3988839473284681;-0.3215918228134705;Enrolled
1;1;-1.7316968666316976;9500;1;-3.0781385481239893;-10.090859210825124;-0.4478770895114957;-4.566269258157115;-3.701197167947771;-1.3495296801241716;-1.615168767316573;-8.901001838142902;0;0;0;1;0;0;-3.1085926621448308;0;-0.4236151106854453;-2.774005534938992;-2.264718595930404;-1.4011868245527102;-2.3247175466975443;-0.4943525490553087;-0.8448309108507108;-0.4303917461617935;-3.212215875019657;-2.346663410845464;-1.2956178004423726;-2.014617813062156;-0.4688016815309918;-0.4691039391895559;-4.180900414630234;0.3988839473284681;-0.3215918228134705;Enrolled
1;7;-1.7316968666316976;9991;0;-10.007425243204253;-10.21411779963194;-0.4478770895114957;-4.566269258157115;-5.808301513046543;-2.573935966112086;-2.971209335367337;-8.922224930313346;0;0;0;1;0;0;-2.974318131444227;0;-0.4236151106854453;-3.472948849025565;-2.465526912243127;-1.6337726182640795;-2.289769588081753;-0.4943525490553087;0.2121010094051557;-0.4303917461617935;-4.217947702357519;-2.501580839152634;-1.537775585608535;-2.036137163785693;-0.4688016815309918;0.4612021542359994;-4.405432714678196;-1.2166745648634176;0.4060604853228998;Enrolled
1;1;-1.1630321984025074;9085;1;-3.0781385481239893;-10.155423233533456;-0.4478770895114957;-1.1375591012023838;-1.5940928228489972;-1.3495296801241716;-1.954178909329264;-8.877804504840325;0;0;0;1;0;0;-3.091808345807256;0;-0.4236151106854453;-3.472948849025565;-2.331654701367978;-1.7500655151197644;-2.4656015037685046;-0.4943525490553087;-1.4789900630042303;-0.4303917461617935;-4.217947702357519;-2.2692046966918777;-1.9010122633577784;-2.182588301874634;-0.4688016815309918;-4.004267094206667;-4.896597121033111;-0.1743787505460719;0.0735312047229456;Enrolled
1;1;-1.7316968666316976;9773;1;-3.0781385481239893;-10.038034101336487;-0.4478770895114957;-2.8519141796797496;-3.701197167947771;-2.2678343946151074;-2.6321991933546456;-8.832890519084271;1;0;0;1;0;0;-3.1085926621448308;0;-0.4236151106854453;-3.2399677443300408;-2.331654701367978;-1.5174797214083948;-2.3509285152771446;-0.4943525490553087;0.2121010094051557;-0.4303917461617935;-3.8827037599115646;-2.424122124999049;-1.537775585608535;-1.9942939814745675;-0.4688016815309918;-0.7792059703314076;-4.405432714678196;-1.2166745648634176;0.4060604853228998;Enrolled
1;39;-1.7316968666316976;9991;0;-3.0781385481239893;-10.137227918042926;-0.4478770895114957;-2.8519141796797496;-3.701197167947771;-2.2678343946151074;-3.310219477380027;-8.88422078851976;0;0;0;1;0;0;-3.0078867641193776;0;-0.4236151106854453;-3.472948849025565;-1.9969741741801064;-1.7500655151197644;-2.4273771742713843;-0.4943525490553087;-1.4789900630042303;-0.4303917461617935;-4.217947702357519;-2.191745982538292;-1.658854478191616;-2.1616667107190715;-0.4688016815309918;-1.027287595244889;-4.012501189594263;-1.6857076813062235;0.1654657705358741;Enrolled
1;1;-1.7316968666316976;9119;1;-3.0781385481239893;-10.167162146753151;-0.4478770895114957;-1.1375591012023838;-1.5940928228489972;-1.3495296801241716;-1.954178909329264;-8.900014717576836;1;0;0;1;1;0;-3.1085926621448308;0;-0.4236151106854453;-3.472948849025565;-2.1308463850552557;-1.866358411975449;-2.520814423983347;-0.4943525490553087;-3.170081135413618;-0.4303917461617935;-4.217947702357519;-2.2692046966918777;-1.9010122633577784;-2.036137163785693;2.8690795397519246;-4.004267094206667;-4.896597121033111;-0.1743787505460719;0.0735312047229456;Enrolled
1;1;-1.7316968666316976;9773;1;-3.0781385481239893;-10.231726169461488;-0.4478770895114957;-2.8519141796797496;-1.5940928228489972;-2.2678343946151074;-2.6321991933546456;-8.975035880597938;0;0;0;1;1;0;-3.1085926621448308;0;-0.4236151106854453;-3.2399677443300408;-2.0639102796176805;-1.7500655151197644;-2.440118617437091;-0.4943525490553087;-2.606384111277156;-0.4303917461617935;-3.8827037599115646;-2.191745982538292;-1.7799333707746974;-2.091928073394384;-0.4688016815309918;-3.2600222194662227;-4.896597121033111;-0.1743787505460719;0.0735312047229456;Enrolled
1;1;-1.7316968666316976;9147;1;-3.0781385481239893;-10.149553776923607;-0.4478770895114957;-4.566269258157115;-1.5940928228489972;-2.573935966112086;-1.2761586253038824;-8.905937440973238;0;0;0;1;1;0;-3.1085926621448308;0;-0.4236151106854453;-3.472948849025565;-2.331654701367978;-1.6337726182640795;-2.4630532151353632;-0.4943525490553087;0.2121010094051557;-0.4303917461617935;-4.217947702357519;-2.346663410845464;-1.658854478191616;-2.1030862554834946;2.8690795397519246;-1.027287595244889;-3.68973600827532;-1.3730189370110195;-0.1690195646558445;Enrolled
1;1;-1.7316968666316976;9119;1;-3.0781385481239893;-10.149553776923607;-0.4478770895114957;-4.566269258157115;-3.701197167947771;-2.2678343946151074;-3.310219477380027;-8.843748845311008;0;0;0;1;1;0;-3.1253769784824064;0;-0.4236151106854453;-3.472948849025565;-2.1308463850552557;-1.982651308831134;-2.3509285152771446;-0.4943525490553087;-4.861172207823003;-0.4303917461617935;-4.217947702357519;-2.424122124999049;-1.7799333707746974;-2.1616667107190715;1.2001389291104665;-2.515777344725778;-4.896597121033111;-0.1743787505460719;0.0735312047229456;Enrolled
1;1;-0.0257028619441269;9147;1;-3.0781385481239893;-10.231726169461488;-0.4478770895114957;-2.8519141796797496;-1.5940928228489972;-1.65563125162115;-1.615168767316573;-8.937031738804352;1;0;0;1;1;0;-3.1085926621448308;0;-0.4236151106854453;-3.472948849025565;-2.465526912243127;-1.7500655151197644;-2.516567276431331;-0.4943525490553087;-1.4789900630042303;-0.4303917461617935;-4.217947702357519;-2.501580839152634;-1.658854478191616;-2.109362732830164;-0.4688016815309918;-1.027287595244889;-4.223000220889228;-1.268789355579285;0.3610712297123178;Enrolled
1;44;-1.7316968666316976;9991;0;-6.54278189566412;-10.155423233533456;-0.4478770895114957;-1.1375591012023838;-1.5940928228489972;-1.3495296801241716;-1.615168767316573;-8.872868902009989;0;0;0;1;0;0;-2.907180866093925;0;-0.0467293327846987;-3.2399677443300408;-1.9969741741801064;-1.7500655151197644;-2.440118617437091;-0.4943525490553087;-2.606384111277156;0.4461244195591382;-3.5474598174656107;-2.2692046966918777;-1.2956178004423726;-2.119823528407945;-0.4688016815309918;0.4612021542359994;-4.643998283479154;-1.94628163488556;-0.5993515748440206;Enrolled
1;44;-1.7316968666316976;9085;1;-6.54278189566412;-10.096728667434972;-0.4478770895114957;-2.8519141796797496;-5.808301513046543;-1.3495296801241716;-2.6321991933546456;-8.823512873706633;0;0;1;0;0;0;-3.024671080456953;0;-0.0467293327846987;-3.2399677443300408;-2.0639102796176805;-1.7500655151197644;-2.4273771742713843;-0.4943525490553087;-2.606384111277156;-0.1382196909214829;-3.8827037599115646;-1.5720762693096064;-1.9010122633577784;-2.1407451195635083;-0.4688016815309918;-4.50043034403363;-4.223000220889228;-1.268789355579285;0.3610712297123178;Enrolled
2;39;-1.7316968666316976;9500;1;-3.0781385481239893;-10.33150693182891;-0.4478770895114957;-1.1375591012023838;-1.5940928228489972;-2.2678343946151074;-2.6321991933546456;-8.872868902009989;0;0;0;1;1;1;-2.8736122334187737;0;-0.4236151106854453;-2.774005534938992;-1.7292297524298088;-2.098944205686818;-2.5547916059284512;1.4906507678453047;-7.18642243238591;-0.4303917461617935;-3.212215875019657;-1.726993697616778;-2.02209115594086;-2.2035098930301973;1.2001389291104665;-6.050940499742889;-4.180900414630234;0.3988839473284681;-0.3215918228134705;Enrolled
1;44;-1.7316968666316976;9130;1;-6.54278189566412;-10.155423233533456;-0.4478770895114957;-1.1375591012023838;-1.5940928228489972;-2.2678343946151074;-1.615168767316573;-8.872868902009989;1;0;0;1;0;1;-3.091808345807256;0;-0.4236151106854453;-3.2399677443300408;-2.0639102796176805;-1.7500655151197644;-2.452860060602798;-0.4943525490553087;-2.606384111277156;-0.4303917461617935;-3.8827037599115646;-2.2692046966918777;-1.658854478191616;-2.1721275062968526;-0.4688016815309918;-2.019614094898816;-3.68973600827532;-1.3730189370110195;-0.1690195646558445;Enrolled
2;39;-1.7316968666316976;8014;0;-3.0781385481239893;-10.096728667434972;-0.4478770895114957;-1.1375591012023838;-5.808301513046543;-1.3495296801241716;-1.2761586253038824;-8.665573583135894;0;0;0;1;1;0;-2.688984753705443;0;0.5185993340664212;-2.075062220852418;-1.3945492252419371;-1.1686010308413406;-2.435871469885075;-0.4943525490553087;-1.3252545109670133;1.906984695760691;-2.206484047681796;-1.726993697616778;-1.05346001527621;-2.1616667107190715;-0.4688016815309918;-0.8919703452920809;-4.223000220889228;-1.268789355579285;0.3610712297123178;Enrolled
1;1;0.5429618062850633;9500;1;-3.0781385481239893;-10.155423233533456;-0.4478770895114957;-2.8519141796797496;-5.808301513046543;-1.3495296801241716;-1.2761586253038824;-8.931602575690983;1;0;0;1;1;0;-3.1253769784824064;0;-0.4236151106854453;-3.0069866396345164;-2.1308463850552557;-1.5174797214083948;-2.4510398542178438;-0.4943525490553087;-0.995821185172978;-0.4303917461617935;-3.212215875019657;-2.2692046966918777;-1.2956178004423726;-2.0465979593634747;-0.4688016815309918;-0.4691039391895559;-4.012501189594263;-1.6857076813062235;0.1654657705358741;Enrolled
1;17;-0.0257028619441269;9254;1;-3.0781385481239893;-10.202378886412244;-0.4478770895114957;-2.8519141796797496;-3.701197167947771;-2.2678343946151074;-3.310219477380027;-8.941473781351654;1;0;0;1;1;0;-3.1085926621448308;0;-0.4236151106854453;-3.2399677443300408;-2.331654701367978;-1.6337726182640795;-2.442666906070232;-0.4943525490553087;-1.1971415509359995;-0.4303917461617935;-3.8827037599115646;-2.0368285542311204;-1.9010122633577784;-2.119823528407945;-0.4688016815309918;-4.50043034403363;-4.896597121033111;-0.1743787505460719;0.0735312047229456;Enrolled
1;44;-1.7316968666316976;9003;1;-3.0781385481239893;-10.21411779963194;-0.4478770895114957;-4.566269258157115;-5.808301513046543;-2.880037537609065;-1.954178909329264;-8.922224930313346;1;0;0;1;1;0;-3.07502402946968;0;0.3301564451160479;-2.5410244302434672;-1.8631019633049577;-1.4011868245527102;-2.489264183714963;3.4756540847459183;-1.6668890710497182;0.1539523643188277;-3.212215875019657;-1.8044524117703635;-1.658854478191616;-2.109362732830164;-0.4688016815309918;-3.2600222194662227;-4.180900414630234;0.3988839473284681;-0.3215918228134705;Enrolled
1;17;-1.1630321984025074;9070;1;-3.0781385481239893;-10.02629518811679;-0.4478770895114957;-2.8519141796797496;-3.701197167947771;-2.573935966112086;-2.971209335367337;-8.852139370122579;1;0;0;1;1;0;-3.091808345807256;0;-0.4236151106854453;-3.2399677443300408;-2.331654701367978;-1.6337726182640795;-2.4630532151353632;-0.4943525490553087;-1.1971415509359995;-0.4303917461617935;-3.8827037599115646;-2.2692046966918777;-1.658854478191616;-2.119823528407945;-0.4688016815309918;-2.019614094898816;-3.787968889546303;-0.0701491691143375;-0.7832207064698774;Enrolled
1;44;-1.7316968666316976;9119;1;-6.54278189566412;-10.038034101336487;-0.4478770895114957;-1.1375591012023838;-5.808301513046543;-1.9617328231181288;-3.310219477380027;-8.774156845403278;0;0;0;1;1;0;-3.091808345807256;0;-0.4236151106854453;-3.472948849025565;-1.7292297524298088;-2.215237102542503;-3.0644493325567166;-0.4943525490553087;-8.243354352641777;-0.4303917461617935;-4.217947702357519;-2.0368285542311204;-1.9010122633577784;-2.182588301874634;-0.4688016815309918;-4.004267094206667;-4.180900414630234;0.3988839473284681;-0.3215918228134705;Enrolled
1;1;-1.7316968666316976;9119;1;-3.0781385481239893;-10.038034101336487;-0.4478770895114957;-2.8519141796797496;-3.701197167947771;-2.573935966112086;-2.971209335367337;-8.806731824083492;0;0;0;0;1;1;-3.1253769784824064;0;-0.4236151106854453;-3.472948849025565;-2.465526912243127;-1.6337726182640795;-2.340735360744579;-0.4943525490553087;0.2121010094051557;-0.4303917461617935;-4.217947702357519;-2.5790395533062207;-1.537775585608535;-2.027768527323468;-0.4688016815309918;0.4612021542359994;-4.714164627244141;-0.7997562391364795;0.6975126194958008;Enrolled
1;44;-1.7316968666316976;9254;1;-6.54278189566412;-9.920644969139518;-0.4478770895114957;-1.1375591012023838;-5.808301513046543;-1.3495296801241716;-2.971209335367337;-8.675444788796565;0;0;0;0;1;0;-2.991102447781802;0;-0.0467293327846987;-2.774005534938992;-1.8631019633049577;-1.2848939276970257;-2.2935920210314644;-0.4943525490553087;0.2121010094051557;-0.1382196909214829;-3.8827037599115646;-2.0368285542311204;-1.416696693025454;-2.050084891083258;-0.4688016815309918;0.4612021542359994;-4.405432714678196;-1.2166745648634176;0.4060604853228998;Enrolled
1;51;-1.7316968666316976;9147;1;-3.0781385481239893;-10.237595626071336;-0.4478770895114957;-4.566269258157115;-5.808301513046543;-2.880037537609065;-3.310219477380027;-8.945915823898957;0;0;1;1;1;0;-2.8903965497563493;0;-0.0467293327846987;-3.0069866396345164;-1.7292297524298088;-1.866358411975449;-2.452860060602798;-0.4943525490553087;-4.619587768907378;0.4461244195591382;-3.212215875019657;-2.191745982538292;-1.7799333707746974;-2.1895621657326325;-0.4688016815309918;-4.190328312891778;-4.714164627244141;-0.7997562391364795;0.6975126194958008;Enrolled
1;16;-0.5943675301733173;9853;1;-3.0781385481239893;-10.131945407094063;-0.4478770895114957;-1.1375591012023838;-1.5940928228489972;-1.3495296801241716;-2.2931890513419546;-8.915315086350875;1;0;0;1;0;1;-3.041455396794529;0;-0.4236151106854453;-3.2399677443300408;-2.1308463850552557;-1.7500655151197644;-2.3381870721114377;1.4906507678453047;-2.606384111277156;-0.4303917461617935;-3.8827037599115646;-2.346663410845464;-1.537775585608535;-2.119823528407945;-0.4688016815309918;-0.7792059703314076;-4.896597121033111;-0.1743787505460719;0.0735312047229456;Enrolled
1;39;-1.7316968666316976;9147;1;-3.0781385481239893;-10.137227918042926;11.219887109098847;-1.1375591012023838;-1.5940928228489972;-1.3495296801241716;-1.954178909329264;-8.849178008424378;0;0;0;1;0;0;-3.024671080456953;1;-0.4236151106854453;-3.472948849025565;-1.9969741741801064;-1.982651308831134;-2.5293087195970374;-0.4943525490553087;-4.861172207823003;-0.4303917461617935;-4.217947702357519;-2.2692046966918777;-1.658854478191616;-2.2035098930301973;2.8690795397519246;-1.027287595244889;-3.68973600827532;-1.3730189370110195;-0.1690195646558445;Enrolled
1;42;-1.7316968666316976;9003;1;-3.0781385481239893;-10.096728667434972;-0.4478770895114957;-1.1375591012023838;-1.5940928228489972;-2.2678343946151074;-2.6321991933546456;-8.823512873706633;1;0;0;1;1;0;-3.0078867641193776;0;-0.4236151106854453;-3.2399677443300408;-1.8631019633049577;-1.6337726182640795;-2.4698486513205204;-0.4943525490553087;-1.1971415509359995;-0.4303917461617935;-3.8827037599115646;-2.1142872683847065;-1.658854478191616;-2.119823528407945;-0.4688016815309918;-2.019614094898816;-3.787968889546303;-0.0701491691143375;-0.7832207064698774;Enrolled
1;17;1.1116264745142534;9254;1;-3.0781385481239893;-10.284551278950124;-0.4478770895114957;-2.8519141796797496;-1.5940928228489972;-2.2678343946151074;-2.2931890513419546;-8.960722632389963;1;0;0;1;1;0;-3.1085926621448308;0;-0.4236151106854453;-3.2399677443300408;-1.930038068742532;-1.6337726182640795;-2.5140189877981896;-0.4943525490553087;-1.1971415509359995;-0.4303917461617935;-3.8827037599115646;-2.0368285542311204;-1.7799333707746974;-2.2035098930301973;-0.4688016815309918;-3.2600222194662227;-4.643998283479154;-1.94628163488556;-0.5993515748440206;Enrolled
1;1;-1.7316968666316976;9670;1;-3.0781385481239893;-10.137227918042926;-0.4478770895114957;-2.8519141796797496;-1.5940928228489972;-1.3495296801241716;-1.2761586253038824;-8.828448476536968;0;0;0;1;1;0;-3.07502402946968;0;-0.4236151106854453;-3.2399677443300408;-2.3985908068055526;-1.6337726182640795;-2.4120874424725365;-0.4943525490553087;-1.1971415509359995;-0.4303917461617935;-3.8827037599115646;-2.2692046966918777;-1.537775585608535;-2.109362732830164;-0.4688016815309918;-0.7792059703314076;-4.447532520937188;-0.7997562391364795;0.3512909567534956;Enrolled
1;17;-0.5943675301733173;9147;1;-3.0781385481239893;-10.202378886412244;-0.4478770895114957;-4.566269258157115;-1.5940928228489972;-2.880037537609065;-2.2931890513419546;-8.941473781351654;1;0;1;1;1;0;-3.1085926621448308;0;-0.4236151106854453;-3.472948849025565;-2.1308463850552557;-1.7500655151197644;-2.5038258332656245;-0.4943525490553087;-1.4789900630042303;-0.4303917461617935;-4.217947702357519;-1.9593698400775348;-1.9010122633577784;-2.119823528407945;-0.4688016815309918;-4.004267094206667;-4.714164627244141;-0.7997562391364795;0.6975126194958008;Enrolled
1;43;-1.7316968666316976;9147;1;-3.0781385481239893;-10.196509429802395;-0.4478770895114957;-1.1375591012023838;-1.5940928228489972;-1.65563125162115;-1.954178909329264;-8.971580958616702;0;0;0;1;1;0;-3.0078867641193776;0;-0.4236151106854453;-3.472948849025565;-1.9969741741801064;-1.866358411975449;-2.5038258332656245;1.4906507678453047;-3.170081135413618;-0.4303917461617935;-4.217947702357519;-2.0368285542311204;-1.658854478191616;-2.1407451195635083;-0.4688016815309918;-1.027287595244889;-4.643998283479154;-1.94628163488556;-0.5993515748440206;Enrolled
1;1;-0.5943675301733173;9119;1;-3.0781385481239893;-10.231726169461488;-0.4478770895114957;-2.8519141796797496;-3.701197167947771;-2.573935966112086;-2.2931890513419546;-8.966151795503333;0;0;0;1;1;1;-3.1085926621448308;0;-0.4236151106854453;-3.472948849025565;-2.1308463850552557;-1.6337726182640795;-2.4630532151353632;-0.4943525490553087;0.2121010094051557;-0.4303917461617935;-4.217947702357519;-2.0368285542311204;-1.7799333707746974;-2.1407451195635083;-0.4688016815309918;-2.515777344725778;-4.405432714678196;-1.2166745648634176;0.4060604853228998;Enrolled
1;1;0.5429618062850633;9119;1;-3.0781385481239893;-10.149553776923607;-0.4478770895114957;-2.8519141796797496;-1.5940928228489972;-2.2678343946151074;-1.954178909329264;-8.888662831067064;0;0;0;0;1;1;-3.1253769784824064;0;-0.4236151106854453;-3.472948849025565;-2.3985908068055526;-1.6337726182640795;-2.442666906070232;-0.4943525490553087;0.2121010094051557;-0.4303917461617935;-4.217947702357519;-2.346663410845464;-1.658854478191616;-2.119823528407945;-0.4688016815309918;-1.027287595244889;-4.714164627244141;-0.7997562391364795;0.6975126194958008;Enrolled
1;39;-1.7316968666316976;9003;1;0.3865047994161424;-10.137227918042926;-0.4478770895114957;-1.1375591012023838;-1.5940928228489972;-2.880037537609065;-3.310219477380027;-8.823512873706633;0;0;1;1;1;0;-3.024671080456953;0;-0.4236151106854453;-3.2399677443300408;-2.1308463850552557;-1.5174797214083948;-2.3056256061868923;-0.4943525490553087;0.2121010094051557;-0.4303917461617935;-3.8827037599115646;-2.1142872683847065;-1.416696693025454;-2.0475489406655187;-0.4688016815309918;0.4612021542359994;-3.68973600827532;-1.3730189370110195;-0.1690195646558445;Enrolled
1;43;-1.7316968666316976;9085;1;-3.0781385481239893;-10.155423233533456;-0.4478770895114957;-1.1375591012023838;-1.5940928228489972;-2.2678343946151074;-1.615168767316573;-8.872868902009989;1;0;0;0;0;0;-3.1085926621448308;0;-0.4236151106854453;-3.2399677443300408;-1.9969741741801064;-1.6337726182640795;-2.4018942879399714;-0.4943525490553087;-1.1971415509359995;-0.4303917461617935;-3.8827037599115646;-2.0368285542311204;-1.7799333707746974;-2.13377125570551;-0.4688016815309918;-3.2600222194662227;-4.012501189594263;-1.6857076813062235;0.1654657705358741;Enrolled
1;1;-0.5943675301733173;9500;1;-3.0781385481239893;-10.202378886412244;-0.4478770895114957;-4.566269258157115;-3.701197167947771;-2.2678343946151074;-2.971209335367337;-8.94789006503109;1;0;0;1;0;1;-3.1085926621448308;0;-0.4236151106854453;-3.0069866396345164;-2.0639102796176805;-1.7500655151197644;-2.4197323083719606;-0.4943525490553087;-3.4116655743292443;-0.4303917461617935;-3.5474598174656107;-2.2692046966918777;-1.537775585608535;-2.1574823924879585;-0.4688016815309918;-1.6652117735938414;-4.223000220889228;-1.268789355579285;0.3610712297123178;Enrolled
1;17;-1.7316968666316976;9147;1;-3.0781385481239893;-9.967600622018306;-0.4478770895114957;-2.8519141796797496;-1.5940928228489972;-2.2678343946151074;-2.2931890513419546;-8.830422717669103;1;0;0;1;0;0;-3.1085926621448308;0;-0.4236151106854453;-3.472948849025565;-2.1308463850552557;-2.098944205686818;-2.5038258332656245;-0.4943525490553087;-6.55226328023239;-0.4303917461617935;-4.217947702357519;-1.9593698400775348;-2.143170048523941;-2.6219417161414573;-0.4688016815309918;-6.981246593168445;-4.180900414630234;0.3988839473284681;-0.3215918228134705;Enrolled
1;17;-1.7316968666316976;9085;1;-3.0781385481239893;-10.1847705165827;-0.4478770895114957;-2.8519141796797496;-1.5940928228489972;-2.2678343946151074;-1.615168767316573;-8.930121894841882;1;0;0;1;0;0;-3.07502402946968;0;-0.4236151106854453;-3.472948849025565;-1.930038068742532;-1.866358411975449;-2.4868372425479013;3.4756540847459183;-3.170081135413618;-0.4303917461617935;-4.217947702357519;-2.0368285542311204;-1.9010122633577784;-2.182588301874634;1.2001389291104665;-4.004267094206667;-4.643998283479154;-1.94628163488556;-0.5993515748440206;Enrolled
1;1;-1.7316968666316976;9147;1;-3.0781385481239893;-10.167162146753151;-0.4478770895114957;-1.1375591012023838;-1.5940928228489972;-1.9617328231181288;-1.954178909329264;-8.911860164369642;0;0;0;1;0;1;-3.1253769784824064;0;-0.4236151106854453;-3.472948849025565;-2.0639102796176805;-1.7500655151197644;-2.4747025346739604;-0.4943525490553087;-1.4789900630042303;-0.4303917461617935;-4.217947702357519;-2.2692046966918777;-1.537775585608535;-2.119823528407945;-0.4688016815309918;0.4612021542359994;-4.012501189594263;-1.6857076813062235;0.1654657705358741;Enrolled
2;39;-1.7316968666316976;9500;1;-3.0781385481239893;-10.137227918042926;-0.4478770895114957;-1.1375591012023838;-1.5940928228489972;-1.3495296801241716;-1.615168767316573;-8.976516561447038;1;0;0;1;0;0;-2.7729063353933205;0;-0.4236151106854453;-3.0069866396345164;-2.264718595930404;-1.6337726182640795;-2.4447055369767456;-0.4943525490553087;-2.203743379751111;-0.4303917461617935;-3.5474598174656107;-2.346663410845464;-1.537775585608535;-2.113128619238165;-0.4688016815309918;-1.6652117735938414;-4.896597121033111;-0.1743787505460719;0.0735312047229456;Enrolled
1;1;-1.1630321984025074;9147;1;-3.0781385481239893;-10.167162146753151;-0.4478770895114957;-4.566269258157115;-3.701197167947771;-2.573935966112086;-2.971209335367337;-8.91728932748301;1;1;1;1;1;0;-3.091808345807256;0;-0.4236151106854453;-3.472948849025565;-2.3985908068055526;-1.6337726182640795;-2.391701133407406;-0.4943525490553087;0.2121010094051557;-0.4303917461617935;-4.217947702357519;-2.191745982538292;-1.537775585608535;-2.144929437794621;4.538020150393384;0.4612021542359994;-3.68973600827532;-1.3730189370110195;-0.1690195646558445;Enrolled
1;43;-0.5943675301733173;9254;1;-3.0781385481239893;-10.126075950484216;-0.4478770895114957;-4.566269258157115;-5.808301513046543;-2.880037537609065;-3.310219477380027;-8.911860164369642;0;0;0;1;1;0;-3.1085926621448308;0;-0.4236151106854453;-3.2399677443300408;-1.8631019633049577;-1.866358411975449;-2.4273771742713843;-0.4943525490553087;-4.01562667161831;-0.4303917461617935;-3.8827037599115646;-2.2692046966918777;-1.658854478191616;-2.1616667107190715;-0.4688016815309918;-2.019614094898816;-4.180900414630234;0.3988839473284681;-0.3215918228134705;Enrolled
2;42;-1.7316968666316976;9991;0;-3.0781385481239893;-10.155423233533456;-0.4478770895114957;-4.566269258157115;-5.808301513046543;-2.880037537609065;-3.310219477380027;-8.872868902009989;0;0;0;1;1;0;-2.974318131444227;0;-0.0467293327846987;-4.171892163112139;-2.6663352285558504;-1.982651308831134;-2.4273771742713843;-0.4943525490553087;0.2121010094051557;-0.4303917461617935;-4.217947702357519;-2.501580839152634;-1.9010122633577784;-2.098901937252382;-0.4688016815309918;-4.004267094206667;-4.180900414630234;0.3988839473284681;-0.3215918228134705;Enrolled
1;39;-1.7316968666316976;9119;1;-3.0781385481239893;-10.272812365730427;-0.4478770895114957;-2.8519141796797496;-3.701197167947771;-2.2678343946151074;-2.6321991933546456;-8.893104873614366;0;0;0;1;1;0;-2.856827917081198;0;-0.4236151106854453;-3.472948849025565;-2.331654701367978;-2.215237102542503;-3.0644493325567166;-0.4943525490553087;-8.243354352641777;-0.4303917461617935;-4.217947702357519;-2.346663410845464;-2.02209115594086;-2.1616667107190715;-0.4688016815309918;-5.492756843687555;-4.447532520937188;-0.7997562391364795;0.3512909567534956;Enrolled
2;44;-1.7316968666316976;9119;1;-6.54278189566412;-9.979339535238;-0.4478770895114957;-1.1375591012023838;-1.5940928228489972;-1.3495296801241716;-1.615168767316573;-8.72480081709992;0;0;1;1;1;0;-2.73933770271817;0;0.1417135561656745;-3.0069866396345164;-1.7961658578673834;-1.6337726182640795;-2.333939924559422;-0.4943525490553087;-2.203743379751111;-0.1382196909214829;-3.8827037599115646;-1.726993697616778;-1.416696693025454;-2.009509683981001;-0.4688016815309918;0.4612021542359994;-4.223000220889228;-1.268789355579285;0.3610712297123178;Enrolled
1;1;-1.7316968666316976;9070;1;-3.0781385481239893;-10.190639973192548;-0.4478770895114957;-1.1375591012023838;-1.5940928228489972;-1.65563125162115;-1.615168767316573;-8.862504136066285;1;0;0;1;0;0;-3.1085926621448308;0;-0.4236151106854453;-3.2399677443300408;-2.1308463850552557;-1.982651308831134;-2.5293087195970374;-0.4943525490553087;-5.424869231959466;-0.4303917461617935;-3.8827037599115646;-2.501580839152634;-1.7799333707746974;-2.1616667107190715;-0.4688016815309918;-3.2600222194662227;-4.896597121033111;-0.1743787505460719;0.0735312047229456;Enrolled
1;1;-1.7316968666316976;9085;1;-3.0781385481239893;-10.30215964877967;-0.4478770895114957;-1.1375591012023838;-1.5940928228489972;-1.65563125162115;-1.954178909329264;-9.008104419561183;0;1;0;1;0;0;-3.07502402946968;0;-0.4236151106854453;-3.2399677443300408;-1.930038068742532;-1.7500655151197644;-2.452860060602798;-0.4943525490553087;-2.606384111277156;-0.4303917461617935;-3.8827037599115646;-1.649534983463192;-1.9010122633577784;-2.1407451195635083;-0.4688016815309918;-4.50043034403363;-4.405432714678196;-1.2166745648634176;0.4060604853228998;Enrolled
1;17;-1.7316968666316976;9853;1;-3.0781385481239893;-10.261073452510727;-0.4478770895114957;-4.566269258157115;-1.5940928228489972;-2.573935966112086;-1.615168767316573;-8.990829809655011;1;0;0;1;0;0;-3.1085926621448308;0;-0.4236151106854453;-3.2399677443300408;-2.264718595930404;-1.6337726182640795;-2.435871469885075;-0.4943525490553087;-1.1971415509359995;-0.4303917461617935;-3.8827037599115646;-2.346663410845464;-1.537775585608535;-2.1616667107190715;-0.4688016815309918;-0.7792059703314076;-3.787968889546303;-0.0701491691143375;-0.7832207064698774;Enrolled
1;43;-1.7316968666316976;9670;1;-3.0781385481239893;-10.032164644726638;-0.4478770895114957;-1.1375591012023838;-1.5940928228489972;-2.880037537609065;-3.310219477380027;-9.02093698692006;0;0;1;1;0;0;-3.091808345807256;0;-0.4236151106854453;-3.2399677443300408;-1.9969741741801064;-1.6337726182640795;-2.442666906070232;-0.4943525490553087;-1.1971415509359995;-0.4303917461617935;-3.8827037599115646;-2.346663410845464;-1.537775585608535;-2.0110312543990174;-0.4688016815309918;-0.7792059703314076;-4.012501189594263;-1.6857076813062235;0.1654657705358741;Enrolled
1;44;-1.7316968666316976;9085;1;-6.54278189566412;-10.096728667434972;-0.4478770895114957;-2.8519141796797496;-3.701197167947771;-2.573935966112086;-1.954178909329264;-8.823512873706633;1;0;0;1;0;0;-3.091808345807256;0;-0.0467293327846987;-3.2399677443300408;-2.0639102796176805;-1.6337726182640795;-2.340735360744579;-0.4943525490553087;-1.1971415509359995;-0.4303917461617935;-3.8827037599115646;-2.0368285542311204;-1.9010122633577784;-2.057058754941256;-0.4688016815309918;-4.50043034403363;-4.012501189594263;-1.6857076813062235;0.1654657705358741;Enrolled
1;1;-1.7316968666316976;9853;1;-3.0781385481239893;-10.084989754215275;-0.4478770895114957;-1.1375591012023838;-3.701197167947771;-1.3495296801241716;-3.310219477380027;-8.860036334651117;0;0;0;1;0;0;-3.1253769784824064;0;-0.4236151106854453;-3.2399677443300408;-2.264718595930404;-1.6337726182640795;-2.4120874424725365;-0.4943525490553087;-1.1971415509359995;-0.4303917461617935;-3.8827037599115646;-1.8819111259239487;-1.7799333707746974;-2.2035098930301973;-0.4688016815309918;-3.2600222194662227;-4.643998283479154;-1.94628163488556;-0.5993515748440206;Enrolled
1;1;-1.7316968666316976;9070;1;-3.0781385481239893;-10.196509429802395;-0.4478770895114957;-1.1375591012023838;-1.5940928228489972;-1.3495296801241716;-2.2931890513419546;-8.898534036727735;0;0;0;0;0;1;-3.1253769784824064;0;-0.4236151106854453;-3.2399677443300408;-2.331654701367978;-1.6337726182640795;-2.4630532151353632;-0.4943525490553087;-1.1971415509359995;-0.4303917461617935;-3.8827037599115646;-2.424122124999049;-1.537775585608535;-2.077980346096819;-0.4688016815309918;-0.7792059703314076;-4.714164627244141;-0.7997562391364795;0.6975126194958008;Enrolled
1;1;-0.0257028619441269;9500;1;-3.0781385481239893;-10.096728667434972;-0.4478770895114957;-4.566269258157115;-1.5940928228489972;-2.880037537609065;-2.971209335367337;-8.854113611254714;1;0;0;1;0;0;-3.142161294819981;0;-0.4236151106854453;-2.774005534938992;-1.8631019633049577;-1.6337726182640795;-2.429415805177898;-0.4943525490553087;-2.958694751362444;-0.4303917461617935;-3.212215875019657;-1.8819111259239487;-1.537775585608535;-2.1005756645448272;-0.4688016815309918;-2.329716126040667;-4.447532520937188;-0.7997562391364795;0.3512909567534956;Enrolled
1;1;-0.0257028619441269;9238;1;-3.0781385481239893;-10.1847705165827;-0.4478770895114957;-1.1375591012023838;-3.701197167947771;-2.2678343946151074;-2.2931890513419546;-8.909392362954474;1;1;0;1;0;0;-3.1253769784824064;0;-0.4236151106854453;-3.2399677443300408;-2.1977824904928296;-1.6337726182640795;-2.461354356216488;-0.4943525490553087;-1.1971415509359995;-0.4303917461617935;-3.8827037599115646;-2.346663410845464;-1.9010122633577784;-2.1407451195635083;-0.4688016815309918;-4.50043034403363;-4.012501189594263;-1.6857076813062235;0.1654657705358741;Enrolled
1;53;-1.7316968666316976;9085;1;-6.54278189566412;-10.155423233533456;-0.4478770895114957;-1.1375591012023838;-3.701197167947771;-1.3495296801241716;-1.615168767316573;-8.872868902009989;1;0;1;0;0;0;-3.024671080456953;0;0.895485111967168;-2.5410244302434672;-2.1977824904928296;-1.2848939276970257;-2.395523566357117;-0.4943525490553087;-0.7273940308222817;0.7382964747994489;-2.8769719325737038;-1.9593698400775348;-1.416696693025454;-2.077980346096819;-0.4688016815309918;-2.019614094898816;-4.714164627244141;-0.7997562391364795;0.6975126194958008;Enrolled
1;18;-1.7316968666316976;9500;1;-3.0781385481239893;-10.167162146753151;-0.4478770895114957;-1.1375591012023838;-3.701197167947771;-1.3495296801241716;-2.6321991933546456;-8.893598433897399;0;0;0;1;0;1;-3.091808345807256;0;-0.4236151106854453;-2.774005534938992;-2.264718595930404;-2.215237102542503;-3.0644493325567166;15.3856739861496;-8.243354352641777;-0.4303917461617935;-3.212215875019657;-2.346663410845464;-2.143170048523941;-2.6219417161414573;12.882723203600674;-6.981246593168445;-4.643998283479154;-1.94628163488556;-0.5993515748440206;Enrolled
1;1;-0.5943675301733173;9085;1;-3.0781385481239893;-10.126075950484216;-0.4478770895114957;-4.566269258157115;-5.808301513046543;-2.2678343946151074;-2.971209335367337;-8.91728932748301;1;0;0;1;0;0;-3.1253769784824064;0;-0.4236151106854453;-3.472948849025565;-1.8631019633049577;-1.866358411975449;-2.435871469885075;3.4756540847459183;-3.170081135413618;-0.4303917461617935;-4.217947702357519;-2.346663410845464;-1.537775585608535;-2.136560801332396;-0.4688016815309918;0.4612021542359994;-4.643998283479154;-1.94628163488556;-0.5993515748440206;Enrolled
1;17;-1.7316968666316976;9853;1;-3.0781385481239893;-10.061511927775882;-0.4478770895114957;-2.8519141796797496;-3.701197167947771;-2.573935966112086;-2.6321991933546456;-8.881752987104594;0;0;1;1;0;0;-3.1253769784824064;0;-0.4236151106854453;-3.2399677443300408;-2.264718595930404;-1.7500655151197644;-2.3891528447742645;-0.4943525490553087;-2.606384111277156;-0.4303917461617935;-3.8827037599115646;-2.191745982538292;-1.7799333707746974;-2.175614438016636;-0.4688016815309918;-3.2600222194662227;-4.180900414630234;0.3988839473284681;-0.3215918228134705;Enrolled
1;51;-1.7316968666316976;9238;1;-3.0781385481239893;-10.202378886412244;-0.4478770895114957;-1.1375591012023838;-5.808301513046543;-1.9617328231181288;-3.310219477380027;-8.95874839125783;0;0;1;1;0;0;-3.091808345807256;0;0.5185993340664212;-2.075062220852418;-1.59535754155466;-1.2848939276970257;-2.4210064526885318;-0.4943525490553087;-2.0939322711530983;0.7382964747994489;-2.54172799012775;-2.191745982538292;-1.7799333707746974;-2.1616667107190715;-0.4688016815309918;-4.748511968947111;-4.405432714678196;-1.2166745648634176;0.4060604853228998;Enrolled
1;1;-0.0257028619441269;9500;1;-3.0781385481239893;-10.22585671285164;-0.4478770895114957;-1.1375591012023838;-1.5940928228489972;-2.573935966112086;-2.971209335367337;-8.971580958616702;1;0;0;1;0;0;-3.1085926621448308;0;-0.4236151106854453;-3.0069866396345164;-1.9969741741801064;-1.7500655151197644;-2.409539153839395;-0.4943525490553087;-3.4116655743292443;-0.4303917461617935;-3.5474598174656107;-2.424122124999049;-1.2956178004423726;-2.0938209794600926;-0.4688016815309918;0.4612021542359994;-4.405432714678196;-1.2166745648634176;0.4060604853228998;Enrolled
1;44;-1.7316968666316976;9085;1;-3.0781385481239893;-10.096728667434972;-0.4478770895114957;-2.8519141796797496;-5.808301513046543;-2.573935966112086;-2.971209335367337;-8.823512873706633;0;0;0;1;0;0;-3.091808345807256;0;-0.4236151106854453;-3.2399677443300408;-2.331654701367978;-1.5174797214083948;-2.336366865726484;-0.4943525490553087;0.2121010094051557;-0.4303917461617935;-3.8827037599115646;-2.2692046966918777;-1.7799333707746974;-2.077980346096819;-0.4688016815309918;-3.2600222194662227;-4.012501189594263;-1.6857076813062235;0.1654657705358741;Enrolled
2;39;-1.7316968666316976;9991;0;-3.0781385481239893;-10.096728667434972;-0.4478770895114957;-1.1375591012023838;-1.5940928228489972;-1.3495296801241716;-1.2761586253038824;-8.872868902009989;0;0;0;1;0;0;-2.856827917081198;0;-0.4236151106854453;-3.472948849025565;-2.465526912243127;-2.215237102542503;-3.0644493325567166;-0.4943525490553087;-8.243354352641777;-0.4303917461617935;-4.217947702357519;-2.5790395533062207;-2.143170048523941;-2.6219417161414573;-0.4688016815309918;-6.981246593168445;-4.643998283479154;-1.94628163488556;-0.5993515748440206;Enrolled
1;1;0.5429618062850633;9670;1;-3.0781385481239893;-10.21411779963194;-0.4478770895114957;-4.566269258157115;-3.701197167947771;-2.2678343946151074;-1.2761586253038824;-8.96170975295603;1;0;0;1;0;0;-3.1253769784824064;0;-0.4236151106854453;-3.2399677443300408;-2.1308463850552557;-1.7500655151197644;-2.4910843900999176;-0.4943525490553087;-2.606384111277156;-0.4303917461617935;-3.8827037599115646;-2.1142872683847065;-1.537775585608535;-2.11145489194572;-0.4688016815309918;-0.7792059703314076;-4.714164627244141;-0.7997562391364795;0.6975126194958008;Enrolled
1;39;-1.7316968666316976;8014;0;-3.0781385481239893;-10.21411779963194;11.219887109098847;-2.8519141796797496;-3.701197167947771;-2.2678343946151074;-1.954178909329264;-8.924692731728513;0;0;1;1;0;0;-3.0078867641193776;1;-0.0467293327846987;-3.2399677443300408;-2.3985908068055526;-1.5174797214083948;-2.4868372425479013;-0.4943525490553087;0.2121010094051557;-0.4303917461617935;-3.8827037599115646;-2.501580839152634;-1.658854478191616;-2.1302843239857268;-0.4688016815309918;-2.019614094898816;-4.714164627244141;-0.7997562391364795;0.6975126194958008;Enrolled
1;1;-1.7316968666316976;9254;1;-3.0781385481239893;-10.33150693182891;-0.4478770895114957;-1.1375591012023838;-1.5940928228489972;-1.9617328231181288;-2.2931890513419546;-9.012052901825454;1;0;0;1;0;0;-3.07502402946968;0;-0.4236151106854453;-3.2399677443300408;-2.264718595930404;-1.6337726182640795;-2.4732463696679283;-0.4943525490553087;-1.1971415509359995;-0.4303917461617935;-3.8827037599115646;-2.501580839152634;-1.537775585608535;-2.077980346096819;-0.4688016815309918;-0.7792059703314076;-4.223000220889228;-1.268789355579285;0.3610712297123178;Enrolled
2;39;-1.7316968666316976;9991;0;-3.0781385481239893;-10.21411779963194;-0.4478770895114957;-1.1375591012023838;-1.5940928228489972;-1.3495296801241716;-1.2761586253038824;-8.675444788796565;0;0;0;1;0;0;-2.856827917081198;0;-0.4236151106854453;-3.472948849025565;-1.9969741741801064;-1.982651308831134;-2.478342946934211;-0.4943525490553087;-4.861172207823003;-0.4303917461617935;-4.217947702357519;-2.2692046966918777;-1.658854478191616;-2.1302843239857268;-0.4688016815309918;-1.027287595244889;-4.643998283479154;-1.94628163488556;-0.5993515748440206;Enrolled
1;42;-1.7316968666316976;9500;1;-3.0781385481239893;-10.33150693182891;-0.4478770895114957;-4.566269258157115;-1.5940928228489972;-2.880037537609065;-1.954178909329264;-8.75935003691227;0;0;0;1;1;0;-3.0582397131321044;0;0.1417135561656745;-3.2399677443300408;-2.331654701367978;-1.866358411975449;-2.3254456289457317;-0.4943525490553087;-4.01562667161831;0.7382964747994489;-3.5474598174656107;-2.346663410845464;-1.658854478191616;-2.0204459704190207;-0.4688016815309918;-2.7284187375087625;-3.787968889546303;-0.0701491691143375;-0.7832207064698774;Enrolled
1;1;1.1116264745142534;9500;1;-3.0781385481239893;-10.10846758065467;-0.4478770895114957;-2.8519141796797496;-1.5940928228489972;-2.573935966112086;-1.615168767316573;-8.907418121822339;1;0;0;1;0;0;-3.1085926621448308;0;-0.4236151106854453;-3.0069866396345164;-2.1308463850552557;-1.6337726182640795;-2.3794693479683278;-0.4943525490553087;-2.203743379751111;-0.4303917461617935;-3.5474598174656107;-2.346663410845464;-1.416696693025454;-2.075190800469933;-0.4688016815309918;-0.6020048096789214;-4.223000220889228;-1.268789355579285;0.3610712297123178;Enrolled
1;44;-1.7316968666316976;9085;1;-6.54278189566412;-10.038034101336487;-0.4478770895114957;-1.1375591012023838;-1.5940928228489972;-1.3495296801241716;-1.615168767316573;-8.774156845403278;0;0;0;1;0;0;-3.091808345807256;0;-0.0467293327846987;-3.2399677443300408;-2.264718595930404;-1.5174797214083948;-2.4018942879399714;-0.4943525490553087;0.2121010094051557;-0.1382196909214829;-3.8827037599115646;-1.5720762693096064;-1.9010122633577784;-2.119823528407945;-0.4688016815309918;-4.50043034403363;-4.223000220889228;-1.268789355579285;0.3610712297123178;Enrolled
1;18;-0.0257028619441269;9853;1;-3.0781385481239893;-10.196509429802395;-0.4478770895114957;-1.1375591012023838;-1.5940928228489972;-2.2678343946151074;-1.2761586253038824;-8.903963199841105;1;0;0;1;0;0;-3.1085926621448308;0;-0.4236151106854453;-3.2399677443300408;-2.264718595930404;-1.6337726182640795;-2.418882878657694;-0.4943525490553087;-1.1971415509359995;-0.4303917461617935;-3.8827037599115646;-2.346663410845464;-1.537775585608535;-2.1616667107190715;-0.4688016815309918;-0.7792059703314076;-3.787968889546303;-0.0701491691143375;-0.7832207064698774;Enrolled
5;1;-0.5943675301733173;9085;1;-3.0781385481239893;-10.137814863703912;-0.4478770895114957;-1.1375591012023838;-1.5940928228489972;-2.2678343946151074;-1.954178909329264;-8.923705611162447;1;0;0;1;0;0;-3.07502402946968;0;-0.4236151106854453;-3.472948849025565;-1.930038068742532;-1.6337726182640795;-2.442666906070232;3.4756540847459183;0.2121010094051557;-0.4303917461617935;-4.217947702357519;-2.191745982538292;-1.7799333707746974;-2.1477189834215062;1.2001389291104665;-2.515777344725778;-4.643998283479154;-1.94628163488556;-0.5993515748440206;Enrolled
1;17;-1.7316968666316976;9773;1;-3.0781385481239893;-10.137227918042926;-0.4478770895114957;-1.1375591012023838;-1.5940928228489972;-1.3495296801241716;-2.2931890513419546;-8.937031738804352;0;0;0;1;0;0;-3.07502402946968;0;-0.4236151106854453;-3.2399677443300408;-2.264718595930404;-1.6337726182640795;-2.4630532151353632;-0.4943525490553087;-1.1971415509359995;-0.4303917461617935;-3.8827037599115646;-2.346663410845464;-1.537775585608535;-2.126797392265944;-0.4688016815309918;-0.7792059703314076;-3.787968889546303;-0.0701491691143375;-0.7832207064698774;Enrolled
1;43;-1.7316968666316976;9500;1;-3.0781385481239893;-10.173031603363002;-0.4478770895114957;-1.1375591012023838;-1.5940928228489972;-2.2678343946151074;-1.954178909329264;-8.916795767199977;0;0;0;1;0;1;-3.1253769784824064;0;-0.4236151106854453;-3.0069866396345164;-2.0639102796176805;-1.6337726182640795;-2.4447055369767456;-0.4943525490553087;-2.203743379751111;-0.4303917461617935;-3.5474598174656107;-2.424122124999049;-1.9010122633577784;-2.0612430731723688;-0.4688016815309918;-4.854832665338603;-3.68973600827532;-1.3730189370110195;-0.1690195646558445;Enrolled
1;16;-1.7316968666316976;9070;1;-3.0781385481239893;-10.06738138438573;-0.4478770895114957;-2.8519141796797496;-3.701197167947771;-2.573935966112086;-2.971209335367337;-8.793405696441585;1;0;0;1;0;0;-3.1253769784824064;0;-0.4236151106854453;-3.2399677443300408;-2.3985908068055526;-2.098944205686818;-2.299962742614318;-0.4943525490553087;-6.834111792300622;-0.4303917461617935;-3.8827037599115646;-2.424122124999049;-1.658854478191616;-2.098901937252382;-0.4688016815309918;-2.019614094898816;-4.643998283479154;-1.94628163488556;-0.5993515748440206;Enrolled
1;17;-1.7316968666316976;9085;1;-3.0781385481239893;-10.10846758065467;-0.4478770895114957;-4.566269258157115;-1.5940928228489972;-2.880037537609065;-1.615168767316573;-8.888662831067064;1;0;0;1;0;0;-3.1253769784824064;0;-0.4236151106854453;-3.472948849025565;-1.9969741741801064;-1.982651308831134;-2.478342946934211;-0.4943525490553087;-4.861172207823003;-0.4303917461617935;-4.217947702357519;-2.0368285542311204;-1.7799333707746974;-2.1281921648701703;2.8690795397519246;-2.515777344725778;-4.447532520937188;-0.7997562391364795;0.3512909567534956;Enrolled
1;44;-0.5943675301733173;9085;1;-6.54278189566412;-10.038034101336487;-0.4478770895114957;-2.8519141796797496;-1.5940928228489972;-2.2678343946151074;-3.310219477380027;-8.774156845403278;1;0;0;1;0;0;-3.1085926621448308;0;-0.4236151106854453;-3.472948849025565;-2.1308463850552557;-2.098944205686818;-2.4018942879399714;1.4906507678453047;-6.55226328023239;-0.4303917461617935;-4.217947702357519;-2.346663410845464;-1.7799333707746974;-1.9803462541770025;-0.4688016815309918;-2.515777344725778;-4.180900414630234;0.3988839473284681;-0.3215918228134705;Enrolled
1;1;-1.7316968666316976;9085;1;-3.0781385481239893;-10.1847705165827;-0.4478770895114957;-1.1375591012023838;-1.5940928228489972;-2.573935966112086;-1.954178909329264;-8.888662831067064;0;0;0;1;0;0;-3.1253769784824064;0;-0.4236151106854453;-3.2399677443300408;-1.930038068742532;-1.5174797214083948;-2.452860060602798;-0.4943525490553087;0.2121010094051557;-0.4303917461617935;-3.8827037599115646;-1.726993697616778;-1.658854478191616;-2.088441141674601;-0.4688016815309918;-2.019614094898816;-4.405432714678196;-1.2166745648634176;0.4060604853228998;Enrolled
1;17;0.5429618062850633;9500;1;-3.0781385481239893;-10.114337037264518;-0.4478770895114957;-2.8519141796797496;-3.701197167947771;-1.9617328231181288;-2.6321991933546456;-8.86743973889662;1;0;0;1;0;0;-3.1253769784824064;0;-0.4236151106854453;-3.0069866396345164;-2.1977824904928296;-1.4011868245527102;-2.433201833785854;-0.4943525490553087;0.2121010094051557;-0.4303917461617935;-3.212215875019657;-2.2692046966918777;-1.2956178004423726;-2.0893377812357774;-0.4688016815309918;-0.4691039391895559;-4.012501189594263;-1.6857076813062235;0.1654657705358741;Enrolled
1;17;-1.7316968666316976;9130;1;-3.0781385481239893;-10.079120297605428;-0.4478770895114957;-4.566269258157115;-5.808301513046543;-2.880037537609065;-3.310219477380027;-8.863984816915385;1;0;1;0;0;0;-3.1253769784824064;0;-0.4236151106854453;-3.2399677443300408;-2.1977824904928296;-1.6337726182640795;-2.432473751537667;-0.4943525490553087;-1.1971415509359995;-0.4303917461617935;-3.8827037599115646;-2.0368285542311204;-1.537775585608535;-2.0291632999276947;-0.4688016815309918;-0.7792059703314076;-4.714164627244141;-0.7997562391364795;0.6975126194958008;Enrolled
1;44;-1.7316968666316976;9085;1;-6.54278189566412;-10.155423233533456;-0.4478770895114957;-4.566269258157115;-3.701197167947771;-2.880037537609065;-1.615168767316573;-8.872868902009989;1;0;0;1;0;0;-3.07502402946968;0;-0.235172221735072;-3.2399677443300408;-1.930038068742532;-1.866358411975449;-2.4656015037685046;-0.4943525490553087;-4.01562667161831;-0.1382196909214829;-3.8827037599115646;-1.9593698400775348;-1.537775585608535;-2.1058758011103804;-0.4688016815309918;-0.7792059703314076;-4.223000220889228;-1.268789355579285;0.3610712297123178;Enrolled
1;17;-1.1630321984025074;9238;1;-3.0781385481239893;-10.137814863703912;-0.4478770895114957;-4.566269258157115;-3.701197167947771;-2.573935966112086;-2.6321991933546456;-8.842268164461908;1;0;0;1;0;0;-3.1085926621448308;0;-0.4236151106854453;-3.2399677443300408;-1.8631019633049577;-2.098944205686818;-2.478342946934211;-0.4943525490553087;-6.834111792300622;-0.4303917461617935;-3.8827037599115646;-2.0368285542311204;-1.9010122633577784;-2.182588301874634;-0.4688016815309918;-4.50043034403363;-4.896597121033111;-0.1743787505460719;0.0735312047229456;Enrolled
1;1;-1.7316968666316976;9070;1;-3.0781385481239893;-10.190639973192548;-0.4478770895114957;-1.1375591012023838;-1.5940928228489972;-2.2678343946151074;-2.6321991933546456;-8.888662831067064;0;0;0;1;0;1;-3.1253769784824064;0;-0.235172221735072;-3.2399677443300408;-2.264718595930404;-1.5174797214083948;-2.452860060602798;1.4906507678453047;0.2121010094051557;-0.4303917461617935;-3.8827037599115646;-2.0368285542311204;-1.537775585608535;-2.155689113365605;-0.4688016815309918;-0.7792059703314076;-4.012501189594263;-1.6857076813062235;0.1654657705358741;Enrolled
1;17;-1.7316968666316976;9119;1;-3.0781385481239893;-10.084989754215275;-0.4478770895114957;-1.1375591012023838;-1.5940928228489972;-1.3495296801241716;-1.954178909329264;-8.886195029651896;0;0;0;1;1;0;-3.1253769784824064;0;-0.4236151106854453;-3.472948849025565;-2.1308463850552557;-1.866358411975449;-2.5038258332656245;-0.4943525490553087;-3.170081135413618;-0.4303917461617935;-4.217947702357519;-2.501580839152634;-1.7799333707746974;-2.1616667107190715;1.2001389291104665;-2.515777344725778;-3.68973600827532;-1.3730189370110195;-0.1690195646558445;Enrolled
1;1;-1.1630321984025074;9773;1;-3.0781385481239893;-10.137227918042926;-0.4478770895114957;-1.1375591012023838;-1.5940928228489972;-2.2678343946151074;-1.954178909329264;-9.03080819258073;1;0;0;1;1;1;-3.1085926621448308;0;-0.4236151106854453;-3.2399677443300408;-2.264718595930404;-1.7500655151197644;-2.452860060602798;-0.4943525490553087;-2.606384111277156;-0.4303917461617935;-3.8827037599115646;-2.346663410845464;-1.416696693025454;-2.1078683332825814;-0.4688016815309918;0.4612021542359994;-3.787968889546303;-0.0701491691143375;-0.7832207064698774;Enrolled
1;17;-1.1630321984025074;9147;1;-3.0781385481239893;-10.155423233533456;-0.4478770895114957;-2.8519141796797496;-1.5940928228489972;-1.9617328231181288;-1.954178909329264;-8.912353724652675;1;0;0;1;1;0;-3.091808345807256;0;-0.4236151106854453;-3.472948849025565;-2.264718595930404;-1.982651308831134;-2.5293087195970374;-0.4943525490553087;-4.861172207823003;-0.4303917461617935;-4.217947702357519;-2.1142872683847065;-1.658854478191616;-2.109362732830164;-0.4688016815309918;-1.027287595244889;-4.447532520937188;-0.7997562391364795;0.3512909567534956;Enrolled
1;43;-1.7316968666316976;9070;1;-3.0781385481239893;-10.231726169461488;-0.4478770895114957;-2.8519141796797496;-3.701197167947771;-2.2678343946151074;-1.954178909329264;-8.959241951540863;1;0;0;1;1;0;-3.1085926621448308;0;0.1417135561656745;-3.2399677443300408;-2.331654701367978;-1.866358411975449;-2.4698486513205204;-0.4943525490553087;-4.01562667161831;-0.1382196909214829;-3.8827037599115646;-1.9593698400775348;-1.658854478191616;-2.1895621657326325;-0.4688016815309918;-2.019614094898816;-4.012501189594263;-1.6857076813062235;0.1654657705358741;Enrolled
1;44;-1.7316968666316976;9119;1;-6.54278189566412;-9.861950403041034;-0.4478770895114957;-2.8519141796797496;-3.701197167947771;-1.3495296801241716;-1.954178909329264;-8.626088760493207;0;0;0;1;1;1;-3.091808345807256;0;0.1417135561656745;-3.0069866396345164;-1.9969741741801064;-1.5174797214083948;-2.343647690756643;-0.4943525490553087;-0.995821185172978;-0.1382196909214829;-3.8827037599115646;-2.191745982538292;-1.416696693025454;-2.0309067659968023;-0.4688016815309918;0.4612021542359994;-4.223000220889228;-1.268789355579285;0.3610712297123178;Enrolled
1;43;-1.7316968666316976;9147;1;-3.0781385481239893;-10.155423233533456;-0.4478770895114957;-1.1375591012023838;-1.5940928228489972;-1.3495296801241716;-1.954178909329264;-8.86892041974572;0;0;0;1;1;0;-3.0582397131321044;0;-0.4236151106854453;-3.472948849025565;-2.465526912243127;-2.215237102542503;-3.0644493325567166;-0.4943525490553087;-8.243354352641777;-0.4303917461617935;-4.217947702357519;-2.2692046966918777;-1.7799333707746974;-2.0640326187992546;2.8690795397519246;-2.515777344725778;-3.68973600827532;-1.3730189370110195;-0.1690195646558445;Enrolled
1;17;-1.1630321984025074;9147;1;-3.0781385481239893;-10.137227918042926;-0.4478770895114957;-1.1375591012023838;-1.5940928228489972;-2.2678343946151074;-1.954178909329264;-8.976516561447038;1;0;0;1;1;1;-3.0582397131321044;0;-0.4236151106854453;-3.472948849025565;-2.331654701367978;-1.866358411975449;-2.435871469885075;-0.4943525490553087;-3.170081135413618;-0.4303917461617935;-4.217947702357519;-2.2692046966918777;-1.7799333707746974;-2.179599503197901;-0.4688016815309918;-2.515777344725778;-4.447532520937188;-0.7997562391364795;0.3512909567534956;Enrolled
1;1;-1.7316968666316976;9119;1;-3.0781385481239893;-10.17890105997285;-0.4478770895114957;-1.1375591012023838;-1.5940928228489972;-1.9617328231181288;-2.2931890513419546;-8.871881781443923;0;0;0;1;1;0;-3.1085926621448308;0;-0.4236151106854453;-3.472948849025565;-2.331654701367978;-1.6337726182640795;-2.5445984513958853;-0.4943525490553087;0.2121010094051557;-0.4303917461617935;-4.217947702357519;-2.346663410845464;-1.7799333707746974;-2.119823528407945;-0.4688016815309918;-2.515777344725778;-4.447532520937188;-0.7997562391364795;0.3512909567534956;Enrolled
1;1;-1.1630321984025074;9773;1;-3.0781385481239893;-10.137814863703912;-0.4478770895114957;-4.566269258157115;-3.701197167947771;-2.880037537609065;-2.6321991933546456;-8.871881781443923;0;0;0;1;1;0;-3.1085926621448308;0;-0.4236151106854453;-3.2399677443300408;-2.1977824904928296;-1.6337726182640795;-2.422280597005102;-0.4943525490553087;-1.1971415509359995;1.32264058528007;-2.54172799012775;-1.726993697616778;-1.1745389078592914;-2.1616667107190715;1.2001389291104665;-1.027287595244889;-4.714164627244141;-0.7997562391364795;0.6975126194958008;Enrolled
1;43;-1.7316968666316976;9119;1;-3.0781385481239893;-10.061511927775882;-0.4478770895114957;-4.566269258157115;-3.701197167947771;-2.880037537609065;-2.971209335367337;-9.02093698692006;0;0;0;1;1;0;-3.1253769784824064;0;-0.4236151106854453;-3.472948849025565;-2.1977824904928296;-1.7500655151197644;-2.440118617437091;-0.4943525490553087;-1.4789900630042303;-0.4303917461617935;-4.217947702357519;-2.1142872683847065;-1.7799333707746974;-2.13377125570551;-0.4688016815309918;-2.515777344725778;-4.012501189594263;-1.6857076813062235;0.1654657705358741;Enrolled
1;17;-1.1630321984025074;9254;1;-3.0781385481239893;-10.22585671285164;-0.4478770895114957;-1.1375591012023838;-1.5940928228489972;-1.9617328231181288;-1.954178909329264;-8.916302206916942;0;0;0;1;1;1;-3.1253769784824064;0;-0.4236151106854453;-3.2399677443300408;-1.9969741741801064;-1.866358411975449;-2.520814423983347;-0.4943525490553087;-4.01562667161831;-0.4303917461617935;-3.8827037599115646;-2.2692046966918777;-1.658854478191616;-2.119823528407945;-0.4688016815309918;-2.019614094898816;-3.787968889546303;-0.0701491691143375;-0.7832207064698774;Enrolled
1;1;-1.7316968666316976;9254;1;-3.0781385481239893;-10.196509429802395;-0.4478770895114957;-1.1375591012023838;-1.5940928228489972;-1.3495296801241716;-2.6321991933546456;-8.933083256540083;0;0;0;1;1;0;-3.1085926621448308;0;-0.4236151106854453;-3.2399677443300408;-2.1308463850552557;-1.7500655151197644;-2.414635731105678;-0.4943525490553087;-2.606384111277156;-0.4303917461617935;-3.8827037599115646;-2.0368285542311204;-1.9010122633577784;-2.077980346096819;-0.4688016815309918;-4.50043034403363;-4.447532520937188;-0.7997562391364795;0.3512909567534956;Enrolled
1;39;-1.7316968666316976;9085;1;-3.0781385481239893;-10.137227918042926;-0.4478770895114957;-1.1375591012023838;-1.5940928228489972;-1.3495296801241716;-1.954178909329264;-8.831903398518204;1;0;1;0;1;0;-3.0078867641193776;0;-0.4236151106854453;-3.2399677443300408;-2.3985908068055526;-2.215237102542503;-3.0644493325567166;-0.4943525490553087;-8.243354352641777;-0.4303917461617935;-3.8827037599115646;-2.501580839152634;-2.143170048523941;-2.6219417161414573;-0.4688016815309918;-6.981246593168445;-4.714164627244141;-0.7997562391364795;0.6975126194958008;Enrolled
2;39;-1.7316968666316976;9991;0;-3.0781385481239893;-10.155423233533456;-0.4478770895114957;-1.1375591012023838;-1.5940928228489972;-1.3495296801241716;-1.615168767316573;-8.883727228236728;0;0;0;1;1;0;-2.806474968068472;0;-0.4236151106854453;-3.472948849025565;-2.331654701367978;-1.7500655151197644;-2.516567276431331;-0.4943525490553087;-1.4789900630042303;-0.4303917461617935;-4.217947702357519;-2.424122124999049;-1.7799333707746974;-2.1477189834215062;-0.4688016815309918;-2.515777344725778;-4.896597121033111;-0.1743787505460719;0.0735312047229456;Enrolled
1;43;-1.7316968666316976;9119;1;-3.0781385481239893;-10.167162146753151;-0.4478770895114957;-2.8519141796797496;-1.5940928228489972;-2.2678343946151074;-1.954178909329264;-9.02093698692006;0;0;0;1;1;0;-3.1085926621448308;0;-0.4236151106854453;-3.472948849025565;-2.264718595930404;-1.6337726182640795;-2.452860060602798;-0.4943525490553087;0.2121010094051557;-0.4303917461617935;-4.217947702357519;-2.0368285542311204;-1.9010122633577784;-2.182588301874634;-0.4688016815309918;-4.004267094206667;-4.012501189594263;-1.6857076813062235;0.1654657705358741;Enrolled
1;17;-1.7316968666316976;9500;1;-3.0781385481239893;-10.167162146753151;-0.4478770895114957;-2.8519141796797496;-3.701197167947771;-2.2678343946151074;-2.2931890513419546;-8.899027597010768;0;0;0;1;1;1;-3.1085926621448308;0;-0.4236151106854453;-3.0069866396345164;-2.0639102796176805;-1.5174797214083948;-2.4259210092653527;-0.4943525490553087;-0.995821185172978;-0.4303917461617935;-3.5474598174656107;-2.191745982538292;-1.416696693025454;-2.1023888689721653;-0.4688016815309918;-0.6020048096789214;-3.787968889546303;-0.0701491691143375;-0.7832207064698774;Enrolled
1;43;-1.1630321984025074;9500;1;-3.0781385481239893;-10.120206493874369;-0.4478770895114957;-1.1375591012023838;-3.701197167947771;-1.3495296801241716;-1.2761586253038824;-8.90198895870897;0;0;0;1;1;1;-3.07502402946968;0;-0.4236151106854453;-2.774005534938992;-2.264718595930404;-2.215237102542503;-3.0644493325567166;15.3856739861496;-8.243354352641777;-0.4303917461617935;-3.212215875019657;-2.346663410845464;-2.143170048523941;-2.6219417161414573;12.882723203600674;-6.981246593168445;-4.643998283479154;-1.94628163488556;-0.5993515748440206;Enrolled
1;44;-1.7316968666316976;9003;1;-6.54278189566412;-10.155423233533456;-0.4478770895114957;-4.566269258157115;-5.808301513046543;-2.880037537609065;-3.310219477380027;-8.872868902009989;0;0;0;1;1;0;-3.091808345807256;0;-0.235172221735072;-3.0069866396345164;-1.930038068742532;-1.866358411975449;-2.520814423983347;-0.4943525490553087;-4.619587768907378;-0.4303917461617935;-3.8827037599115646;-1.8819111259239487;-1.9010122633577784;-2.1407451195635083;-0.4688016815309918;-4.50043034403363;-3.787968889546303;-0.0701491691143375;-0.7832207064698774;Enrolled
1;1;-1.1630321984025074;9670;1;-3.0781385481239893;-10.202378886412244;-0.4478770895114957;-2.8519141796797496;-1.5940928228489972;-2.2678343946151074;-2.6321991933546456;-8.941473781351654;0;0;0;1;1;1;-3.1085926621448308;0;-0.4236151106854453;-3.2399677443300408;-2.1308463850552557;-1.5174797214083948;-2.395523566357117;-0.4943525490553087;0.2121010094051557;-0.4303917461617935;-3.8827037599115646;-2.2692046966918777;-1.416696693025454;-2.089935541222183;-0.4688016815309918;0.4612021542359994;-4.405432714678196;-1.2166745648634176;0.4060604853228998;Enrolled
1;1;-1.7316968666316976;9853;1;-3.0781385481239893;-10.272812365730427;-0.4478770895114957;-1.1375591012023838;-1.5940928228489972;-1.3495296801241716;-2.6321991933546456;-8.950357866446259;1;0;0;1;1;0;-2.722553386380594;0;-0.4236151106854453;-3.2399677443300408;-2.1977824904928296;-1.6337726182640795;-2.432473751537667;-0.4943525490553087;-1.1971415509359995;-0.4303917461617935;-3.8827037599115646;-2.191745982538292;-1.537775585608535;-2.1281921648701703;-0.4688016815309918;-0.7792059703314076;-4.896597121033111;-0.1743787505460719;0.0735312047229456;Enrolled
1;18;-1.7316968666316976;9085;1;-3.0781385481239893;-10.29629019216982;-0.4478770895114957;-2.8519141796797496;-1.5940928228489972;-2.573935966112086;-2.2931890513419546;-8.998233213900514;0;0;0;0;1;0;-3.07502402946968;0;-0.4236151106854453;-3.2399677443300408;-2.1308463850552557;-1.6337726182640795;-2.3509285152771446;-0.4943525490553087;-1.1971415509359995;-0.4303917461617935;-3.8827037599115646;-2.1142872683847065;-1.658854478191616;-2.0026626179367923;-0.4688016815309918;-2.019614094898816;-4.405432714678196;-1.2166745648634176;0.4060604853228998;Enrolled
1;1;-1.7316968666316976;9070;1;-3.0781385481239893;-10.143684320313758;-0.4478770895114957;-2.8519141796797496;-3.701197167947771;-2.2678343946151074;-1.615168767316573;-8.840293923329774;1;0;0;1;1;0;-3.1085926621448308;0;-0.4236151106854453;-3.2399677443300408;-2.331654701367978;-1.6337726182640795;-2.483439524200494;-0.4943525490553087;-1.1971415509359995;-0.4303917461617935;-3.8827037599115646;-2.191745982538292;-1.7799333707746974;-2.1616667107190715;4.538020150393384;-3.2600222194662227;-4.896597121033111;-0.1743787505460719;0.0735312047229456;Enrolled
1;44;-1.7316968666316976;9003;1;-6.54278189566412;-10.096728667434972;-0.4478770895114957;-2.8519141796797496;-1.5940928228489972;-1.3495296801241716;-1.954178909329264;-8.823512873706633;0;0;0;1;1;0;-3.07502402946968;0;-0.4236151106854453;-3.2399677443300408;-1.930038068742532;-1.7500655151197644;-2.4656015037685046;-0.4943525490553087;-2.606384111277156;-0.4303917461617935;-3.8827037599115646;-1.8044524117703635;-1.658854478191616;-2.182588301874634;-0.4688016815309918;-2.019614094898816;-3.787968889546303;-0.0701491691143375;-0.7832207064698774;Enrolled
1;1;-1.7316968666316976;9070;1;-3.0781385481239893;-10.096728667434972;-0.4478770895114957;-1.1375591012023838;-1.5940928228489972;-2.2678343946151074;-2.6321991933546456;-8.831903398518204;0;0;0;1;1;0;-3.091808345807256;0;-0.235172221735072;-3.2399677443300408;-2.264718595930404;-1.5174797214083948;-2.3800518138688087;1.4906507678453047;0.2121010094051557;-0.4303917461617935;-3.8827037599115646;-2.0368285542311204;-1.658854478191616;-2.1407451195635083;-0.4688016815309918;-2.019614094898816;-4.012501189594263;-1.6857076813062235;0.1654657705358741;Enrolled
1;42;-1.7316968666316976;9119;1;-3.0781385481239893;-10.120206493874369;-0.4478770895114957;-2.8519141796797496;-1.5940928228489972;-1.9617328231181288;-2.2931890513419546;-8.934563937389186;0;0;0;1;1;0;-3.1085926621448308;0;-0.0467293327846987;-3.472948849025565;-2.3985908068055526;-1.7500655151197644;-2.4630532151353632;-0.4943525490553087;-1.4789900630042303;-0.4303917461617935;-4.217947702357519;-2.424122124999049;-1.9010122633577784;-2.1407451195635083;-0.4688016815309918;-4.004267094206667;-3.787968889546303;-0.0701491691143375;-0.7832207064698774;Enrolled
1;44;-1.7316968666316976;9119;1;-6.54278189566412;-10.096728667434972;-0.4478770895114957;-4.566269258157115;-5.808301513046543;-2.573935966112086;-3.310219477380027;-8.823512873706633;0;0;0;1;1;0;-3.041455396794529;0;0.1417135561656745;-3.0069866396345164;-1.9969741741801064;-1.866358411975449;-2.3509285152771446;-0.4943525490553087;-4.619587768907378;-0.1382196909214829;-3.8827037599115646;-2.0368285542311204;-2.02209115594086;-2.036137163785693;-0.4688016815309918;-5.740838468601037;-4.223000220889228;-1.268789355579285;0.3610712297123178;Enrolled
1;17;-1.7316968666316976;9070;1;-3.0781385481239893;-10.149553776923607;-0.4478770895114957;-1.1375591012023838;-1.5940928228489972;-1.65563125162115;-1.954178909329264;-8.897053355878635;0;0;0;1;1;0;-3.1253769784824064;0;-0.4236151106854453;-3.2399677443300408;-2.331654701367978;-1.5174797214083948;-2.435871469885075;-0.4943525490553087;0.2121010094051557;-0.4303917461617935;-3.8827037599115646;-2.191745982538292;-1.537775585608535;-2.1700353471812965;6.206960761034842;-0.7792059703314076;-3.68973600827532;-1.3730189370110195;-0.1690195646558445;Enrolled
1;1;-1.7316968666316976;9147;1;-3.0781385481239893;-10.155423233533456;-0.4478770895114957;-1.1375591012023838;-1.5940928228489972;-1.3495296801241716;-1.615168767316573;-8.928147653709749;0;0;1;1;1;1;-3.0582397131321044;0;-0.4236151106854453;-3.472948849025565;-2.264718595930404;-1.6337726182640795;-2.520814423983347;-0.4943525490553087;0.2121010094051557;-0.4303917461617935;-4.217947702357519;-2.1142872683847065;-1.9010122633577784;-2.1616667107190715;-0.4688016815309918;-4.004267094206667;-3.787968889546303;-0.0701491691143375;-0.7832207064698774;Enrolled
1;18;0.5429618062850633;9119;1;-3.0781385481239893;-10.120206493874369;-0.4478770895114957;-4.566269258157115;-5.808301513046543;-2.880037537609065;-2.971209335367337;-8.8965597955956;1;0;0;1;1;0;-3.1085926621448308;0;-0.4236151106854453;-3.472948849025565;-2.1977824904928296;-1.6337726182640795;-2.461354356216488;-0.4943525490553087;0.2121010094051557;-0.4303917461617935;-4.217947702357519;-2.2692046966918777;-1.537775585608535;-2.006249176599931;-0.4688016815309918;0.4612021542359994;-4.223000220889228;-1.268789355579285;0.3610712297123178;Enrolled
1;1;-0.5943675301733173;9070;1;-3.0781385481239893;-10.272812365730427;-0.4478770895114957;-1.1375591012023838;-1.5940928228489972;-1.3495296801241716;-1.615168767316573;-8.983426405409508;1;0;0;1;1;1;-3.0582397131321044;0;-0.4236151106854453;-3.2399677443300408;-2.3985908068055526;-1.5174797214083948;-2.4698486513205204;-0.4943525490553087;0.2121010094051557;-0.4303917461617935;-3.8827037599115646;-2.501580839152634;-1.416696693025454;-2.112849664549947;-0.4688016815309918;0.4612021542359994;-4.896597121033111;-0.1743787505460719;0.0735312047229456;Enrolled
1;43;-1.7316968666316976;9070;1;-3.0781385481239893;-9.979339535238;-0.4478770895114957;-2.8519141796797496;-5.808301513046543;-2.2678343946151074;-3.310219477380027;-9.02093698692006;0;0;0;1;1;0;-2.7896906517308966;0;-0.235172221735072;-3.2399677443300408;-2.1977824904928296;-1.6337726182640795;-2.248996969951491;1.4906507678453047;-1.1971415509359995;-0.4303917461617935;-3.8827037599115646;-2.1142872683847065;-1.658854478191616;-1.9315292080078776;-0.4688016815309918;-2.019614094898816;-4.012501189594263;-1.6857076813062235;0.1654657705358741;Enrolled
1;39;-1.7316968666316976;9500;1;-3.0781385481239893;-10.272812365730427;-0.4478770895114957;-2.8519141796797496;-1.5940928228489972;-1.3495296801241716;-1.615168767316573;-8.892611313331331;1;0;0;1;1;0;-2.974318131444227;0;-0.4236151106854453;-3.0069866396345164;-2.331654701367978;-1.4011868245527102;-2.346560020259049;-0.4943525490553087;0.2121010094051557;-0.4303917461617935;-3.5474598174656107;-2.424122124999049;-1.2956178004423726;-2.0325506051225544;-0.4688016815309918;0.4612021542359994;-4.896597121033111;-0.1743787505460719;0.0735312047229456;Enrolled
1;51;-1.7316968666316976;9119;1;-3.0781385481239893;-10.161292690143304;-0.4478770895114957;-4.566269258157115;-1.5940928228489972;-2.880037537609065;-1.615168767316573;-8.914327965784809;1;0;0;1;1;0;-3.1085926621448308;0;-0.4236151106854453;-3.472948849025565;-2.1308463850552557;-2.215237102542503;-3.0644493325567166;-0.4943525490553087;-8.243354352641777;-0.4303917461617935;-4.217947702357519;-2.424122124999049;-2.02209115594086;-2.2035098930301973;-0.4688016815309918;-5.492756843687555;-4.896597121033111;-0.1743787505460719;0.0735312047229456;Enrolled
1;17;-1.7316968666316976;9119;1;-3.0781385481239893;-10.202378886412244;-0.4478770895114957;-1.1375591012023838;-1.5940928228489972;-1.3495296801241716;-1.615168767316573;-8.948383625314124;0;0;0;1;1;0;-3.091808345807256;0;-0.4236151106854453;-3.472948849025565;-2.3985908068055526;-1.6337726182640795;-2.2591901244840566;-0.4943525490553087;0.2121010094051557;-0.4303917461617935;-4.217947702357519;-2.346663410845464;-1.537775585608535;-2.048092358911057;-0.4688016815309918;0.4612021542359994;-4.405432714678196;-1.2166745648634176;0.4060604853228998;Enrolled
1;17;-0.0257028619441269;9119;1;-3.0781385481239893;-10.10259812404482;-0.4478770895114957;-1.1375591012023838;-1.5940928228489972;-1.3495296801241716;-2.6321991933546456;-8.857568533235948;1;0;0;1;1;0;-3.1253769784824064;0;-0.4236151106854453;-3.472948849025565;-2.264718595930404;-1.7500655151197644;-2.4273771742713843;-0.4943525490553087;-1.4789900630042303;-0.4303917461617935;-4.217947702357519;-2.424122124999049;-1.7799333707746974;-2.008241708772132;1.2001389291104665;-2.515777344725778;-4.896597121033111;-0.1743787505460719;0.0735312047229456;Enrolled
1;43;-1.7316968666316976;9670;1;-3.0781385481239893;-10.143684320313758;-0.4478770895114957;-4.566269258157115;-1.5940928228489972;-2.2678343946151074;-1.954178909329264;-8.919757128898178;0;0;0;1;1;0;-3.1085926621448308;0;-0.4236151106854453;-3.2399677443300408;-1.6622936469922345;-1.7500655151197644;-2.4273771742713843;-0.4943525490553087;-2.606384111277156;-0.4303917461617935;-3.8827037599115646;-2.346663410845464;-1.658854478191616;-2.0675195505190374;-0.4688016815309918;-2.019614094898816;-4.012501189594263;-1.6857076813062235;0.1654657705358741;Enrolled
1;39;-1.7316968666316976;9119;1;-3.0781385481239893;-10.10259812404482;-0.4478770895114957;-1.1375591012023838;-1.5940928228489972;-1.3495296801241716;-1.954178909329264;-8.970100277767601;0;0;1;1;1;0;-3.024671080456953;0;-0.4236151106854453;-3.472948849025565;-1.9969741741801064;-2.098944205686818;-2.5547916059284512;-0.4943525490553087;-6.55226328023239;-0.4303917461617935;-4.217947702357519;-2.1142872683847065;-2.02209115594086;-2.1616667107190715;-0.4688016815309918;-5.492756843687555;-4.714164627244141;-0.7997562391364795;0.6975126194958008;Enrolled
1;44;-1.7316968666316976;9119;1;-6.54278189566412;-10.096728667434972;-0.4478770895114957;-2.8519141796797496;-1.5940928228489972;-2.2678343946151074;-2.2931890513419546;-8.823512873706633;1;0;0;1;1;0;-3.0582397131321044;0;-0.4236151106854453;-3.472948849025565;-2.1977824904928296;-2.215237102542503;-3.0644493325567166;-0.4943525490553087;-8.243354352641777;-0.4303917461617935;-4.217947702357519;-2.501580839152634;-1.9010122633577784;-2.13377125570551;-0.4688016815309918;-4.004267094206667;-4.447532520937188;-0.7997562391364795;0.3512909567534956;Enrolled
1;1;-1.7316968666316976;9003;1;-3.0781385481239893;-10.07325084099558;-0.4478770895114957;-1.1375591012023838;-1.5940928228489972;-1.3495296801241716;-1.615168767316573;-8.859049214085049;0;0;0;1;1;1;-3.1085926621448308;0;-0.4236151106854453;-3.2399677443300408;-2.1977824904928296;-1.7500655151197644;-2.452860060602798;3.4756540847459183;-2.606384111277156;-0.4303917461617935;-3.8827037599115646;-2.191745982538292;-1.658854478191616;-2.098901937252382;-0.4688016815309918;-2.019614094898816;-3.787968889546303;-0.0701491691143375;-0.7832207064698774;Enrolled
1;1;-1.7316968666316976;9773;1;-3.0781385481239893;-10.096728667434972;-0.4478770895114957;-4.566269258157115;-5.808301513046543;-2.2678343946151074;-1.954178909329264;-8.85608785238685;1;0;0;0;1;0;-2.940749498769076;0;-0.4236151106854453;-3.2399677443300408;-2.264718595930404;-1.5174797214083948;-2.223514083620078;-0.4943525490553087;0.2121010094051557;-0.4303917461617935;-3.8827037599115646;-2.501580839152634;-1.537775585608535;-2.0445058002479186;-0.4688016815309918;-0.7792059703314076;-4.405432714678196;-1.2166745648634176;0.4060604853228998;Enrolled
1;44;-1.7316968666316976;9003;1;-3.0781385481239893;-10.096728667434972;-0.4478770895114957;-2.8519141796797496;-3.701197167947771;-2.2678343946151074;-2.2931890513419546;-8.823512873706633;0;0;0;1;1;0;-3.091808345807256;0;-0.4236151106854453;-3.2399677443300408;-2.0639102796176805;-1.5174797214083948;-2.489264183714963;-0.4943525490553087;0.2121010094051557;-0.4303917461617935;-3.8827037599115646;-2.0368285542311204;-1.537775585608535;-2.129122013272988;-0.4688016815309918;-0.7792059703314076;-3.68973600827532;-1.3730189370110195;-0.1690195646558445;Enrolled
1;1;-1.1630321984025074;9670;1;-3.0781385481239893;-10.231726169461488;-0.4478770895114957;-4.566269258157115;-3.701197167947771;-2.573935966112086;-2.2931890513419546;-8.968126036635468;1;0;0;1;1;0;-3.091808345807256;0;-0.4236151106854453;-3.2399677443300408;-2.1308463850552557;-1.6337726182640795;-2.3509285152771446;-0.4943525490553087;-1.1971415509359995;-0.4303917461617935;-3.8827037599115646;-2.191745982538292;-1.416696693025454;-2.119823528407945;-0.4688016815309918;0.4612021542359994;-4.405432714678196;-1.2166745648634176;0.4060604853228998;Enrolled
1;39;-1.7316968666316976;9130;1;-3.0781385481239893;-10.038034101336487;-0.4478770895114957;-1.1375591012023838;-1.5940928228489972;-1.3495296801241716;-2.2931890513419546;-8.72480081709992;1;0;0;1;1;0;-3.024671080456953;0;-0.4236151106854453;-3.472948849025565;-1.930038068742532;-1.7500655151197644;-2.3636699584428515;1.4906507678453047;-1.4789900630042303;-0.4303917461617935;-4.217947702357519;-2.2692046966918777;-1.7799333707746974;-2.119823528407945;-0.4688016815309918;-2.515777344725778;-4.643998283479154;-1.94628163488556;-0.5993515748440206;Enrolled
1;53;-1.7316968666316976;9003;1;-3.0781385481239893;-10.155423233533456;-0.4478770895114957;-1.1375591012023838;-3.701197167947771;-1.3495296801241716;-1.615168767316573;-8.872868902009989;0;0;1;1;1;0;-3.07502402946968;0;0.895485111967168;-1.8420811161568935;-1.4614853306795117;-1.052308133985656;-2.4630532151353632;-0.4943525490553087;-1.1971415509359995;1.0304685300397594;-1.8712401052358416;-1.8044524117703635;-1.05346001527621;-2.143069740988985;-0.4688016815309918;-1.3994100326151115;-4.714164627244141;-0.7997562391364795;0.6975126194958008;Enrolled
1;17;-1.7316968666316976;9119;1;-3.0781385481239893;-10.173031603363002;-0.4478770895114957;-1.1375591012023838;-3.701197167947771;-2.2678343946151074;-2.2931890513419546;-8.942954462200756;0;0;0;1;1;0;-3.091808345807256;0;-0.4236151106854453;-3.472948849025565;-2.1308463850552557;-1.7500655151197644;-2.478342946934211;-0.4943525490553087;-1.4789900630042303;-0.4303917461617935;-4.217947702357519;-2.1142872683847065;-2.143170048523941;-2.6219417161414573;-0.4688016815309918;-6.981246593168445;-4.012501189594263;-1.6857076813062235;0.1654657705358741;Enrolled
1;1;0.5429618062850633;9773;1;-3.0781385481239893;-10.1847705165827;-0.4478770895114957;-1.1375591012023838;-5.808301513046543;-1.9617328231181288;-3.310219477380027;-8.892117753048298;1;0;0;1;1;0;-3.0582397131321044;0;-0.4236151106854453;-3.2399677443300408;-2.1308463850552557;-1.6337726182640795;-2.3815079788748403;-0.4943525490553087;-1.1971415509359995;-0.4303917461617935;-3.8827037599115646;-2.0368285542311204;-1.7799333707746974;-2.175614438016636;-0.4688016815309918;-3.2600222194662227;-4.643998283479154;-1.94628163488556;-0.5993515748440206;Enrolled
1;1;-1.7316968666316976;9147;1;-3.0781385481239893;-10.126075950484216;-0.4478770895114957;-1.1375591012023838;-1.5940928228489972;-1.3495296801241716;-2.2931890513419546;-8.89113063248223;0;0;0;1;1;0;-3.1253769784824064;0;-0.4236151106854453;-3.472948849025565;-2.0639102796176805;-1.982651308831134;-2.376411401608558;-0.4943525490553087;-4.861172207823003;-0.4303917461617935;-4.217947702357519;-2.1142872683847065;-1.7799333707746974;-2.1058758011103804;-0.4688016815309918;-2.515777344725778;-4.714164627244141;-0.7997562391364795;0.6975126194958008;Enrolled
1;43;-1.7316968666316976;9773;1;-3.0781385481239893;-10.167162146753151;-0.4478770895114957;-1.1375591012023838;-1.5940928228489972;-1.3495296801241716;-1.954178909329264;-8.901495398425936;1;0;0;1;1;0;-3.0582397131321044;0;-0.4236151106854453;-3.2399677443300408;-1.6622936469922345;-1.866358411975449;-2.4868372425479013;5.460657401646532;-4.01562667161831;-0.4303917461617935;-3.8827037599115646;-1.8819111259239487;-1.7799333707746974;-2.1058758011103804;-0.4688016815309918;-3.2600222194662227;-3.787968889546303;-0.0701491691143375;-0.7832207064698774;Enrolled
1;1;-1.1630321984025074;9773;1;-3.0781385481239893;-10.126075950484216;-0.4478770895114957;-4.566269258157115;-3.701197167947771;-2.2678343946151074;-2.6321991933546456;-8.842761724744943;1;0;0;1;1;0;-3.1085926621448308;0;-0.4236151106854453;-3.2399677443300408;-2.1977824904928296;-1.6337726182640795;-2.483439524200494;-0.4943525490553087;-1.1971415509359995;-0.4303917461617935;-3.8827037599115646;-1.9593698400775348;-1.537775585608535;-2.1030862554834946;-0.4688016815309918;-0.7792059703314076;-4.714164627244141;-0.7997562391364795;0.6975126194958008;Enrolled
2;39;-1.1630321984025074;9991;0;-3.0781385481239893;-10.038034101336487;-0.4478770895114957;-1.1375591012023838;-1.5940928228489972;-1.3495296801241716;-1.615168767316573;-8.922224930313346;0;0;0;1;0;0;-2.7057690700430186;0;-0.4236151106854453;-3.472948849025565;-2.0639102796176805;-1.866358411975449;-2.520814423983347;-0.4943525490553087;-3.170081135413618;-0.1382196909214829;-4.217947702357519;-2.191745982538292;-1.658854478191616;-2.098901937252382;-0.4688016815309918;-1.027287595244889;-4.643998283479154;-1.94628163488556;-0.5993515748440206;Enrolled
1;39;-1.7316968666316976;9003;1;-3.0781385481239893;-10.137227918042926;-0.4478770895114957;-2.8519141796797496;-3.701197167947771;-1.65563125162115;-2.6321991933546456;-8.873856022576057;0;0;0;1;1;0;-3.024671080456953;1;-0.4236151106854453;-3.0069866396345164;-2.331654701367978;-1.4011868245527102;-2.3727709893483078;-0.4943525490553087;0.2121010094051557;-0.4303917461617935;-3.8827037599115646;-2.2692046966918777;-1.537775585608535;-2.0612430731723688;-0.4688016815309918;-0.7792059703314076;-4.714164627244141;-0.7997562391364795;0.6975126194958008;Enrolled
1;17;-0.0257028619441269;9119;1;-3.0781385481239893;-10.126075950484216;-0.4478770895114957;-1.1375591012023838;-1.5940928228489972;-1.9617328231181288;-1.954178909329264;-8.88964995163313;1;0;0;1;1;0;-3.1253769784824064;0;-0.4236151106854453;-3.472948849025565;-2.331654701367978;-1.7500655151197644;-2.452860060602798;-0.4943525490553087;-1.4789900630042303;-0.4303917461617935;-4.217947702357519;-2.191745982538292;-1.7799333707746974;-2.077980346096819;4.538020150393384;-2.515777344725778;-4.896597121033111;-0.1743787505460719;0.0735312047229456;Enrolled
2;43;-1.7316968666316976;9085;1;-3.0781385481239893;-9.979339535238;-0.4478770895114957;-1.1375591012023838;-1.5940928228489972;-1.3495296801241716;-1.954178909329264;-8.922224930313346;0;0;0;1;1;0;-3.07502402946968;0;-0.4236151106854453;-3.472948849025565;-2.0639102796176805;-2.215237102542503;-3.0644493325567166;3.4756540847459183;-8.243354352641777;-0.4303917461617935;-4.217947702357519;-2.1142872683847065;-1.7799333707746974;-2.13377125570551;1.2001389291104665;-2.515777344725778;-4.643998283479154;-1.94628163488556;-0.5993515748440206;Enrolled
1;39;-1.7316968666316976;8014;0;-3.0781385481239893;-10.33150693182891;-0.4478770895114957;-1.1375591012023838;-1.5940928228489972;-1.65563125162115;-1.954178909329264;-8.979971483428272;0;0;0;1;1;0;-2.7729063353933205;0;-0.4236151106854453;-3.2399677443300408;-2.264718595930404;-1.6337726182640795;-2.483439524200494;-0.4943525490553087;-1.1971415509359995;-0.1382196909214829;-3.8827037599115646;-2.0368285542311204;-1.7799333707746974;-2.1616667107190715;1.2001389291104665;-3.2600222194662227;-4.896597121033111;-0.1743787505460719;0.0735312047229456;Enrolled
1;39;-1.7316968666316976;9500;1;-3.0781385481239893;-10.21411779963194;-0.4478770895114957;-1.1375591012023838;-1.5940928228489972;-1.3495296801241716;-1.615168767316573;-9.02093698692006;0;0;0;1;1;0;-2.856827917081198;0;-0.4236151106854453;-3.0069866396345164;-1.7961658578673834;-1.5174797214083948;-2.4868372425479013;-0.4943525490553087;-0.995821185172978;-0.4303917461617935;-3.5474598174656107;-1.726993697616778;-1.658854478191616;-2.094717619021269;-0.4688016815309918;-2.7284187375087625;-3.68973600827532;-1.3730189370110195;-0.1690195646558445;Enrolled
1;1;-1.7316968666316976;9147;1;-3.0781385481239893;-9.944122795578911;-0.4478770895114957;-1.1375591012023838;-1.5940928228489972;-2.2678343946151074;-1.954178909329264;-8.791925015592486;0;0;0;1;1;0;-2.974318131444227;0;-0.4236151106854453;-3.472948849025565;-1.9969741741801064;-1.866358411975449;-2.5547916059284512;-0.4943525490553087;-3.170081135413618;-0.4303917461617935;-4.217947702357519;-2.0368285542311204;-2.02209115594086;-2.077980346096819;-0.4688016815309918;-5.492756843687555;-4.896597121033111;-0.1743787505460719;0.0735312047229456;Enrolled
1;1;-1.7316968666316976;9119;1;-3.0781385481239893;-10.061511927775882;-0.4478770895114957;-1.1375591012023838;-1.5940928228489972;-1.3495296801241716;-1.615168767316573;-8.78156024964878;1;0;0;1;1;0;-3.1253769784824064;0;-0.4236151106854453;-3.472948849025565;-2.331654701367978;-1.7500655151197644;-2.5547916059284512;-0.4943525490553087;-1.4789900630042303;-0.4303917461617935;-4.217947702357519;-2.346663410845464;-2.02209115594086;-1.9524507991634408;-0.4688016815309918;-5.492756843687555;-4.447532520937188;-0.7997562391364795;0.3512909567534956;Enrolled
1;44;-1.7316968666316976;9003;1;-6.54278189566412;-10.096728667434972;-0.4478770895114957;-1.1375591012023838;-1.5940928228489972;-1.3495296801241716;-3.310219477380027;-8.823512873706633;0;0;0;1;1;1;-3.091808345807256;0;-0.4236151106854453;-3.2399677443300408;-2.0639102796176805;-1.6337726182640795;-2.359422810890835;-0.4943525490553087;-1.1971415509359995;-0.4303917461617935;-3.8827037599115646;-1.9593698400775348;-1.416696693025454;-2.107270573714608;-0.4688016815309918;0.4612021542359994;-3.787968889546303;-0.0701491691143375;-0.7832207064698774;Enrolled
1;44;-1.7316968666316976;9130;1;-6.54278189566412;-10.038034101336487;-0.4478770895114957;-4.566269258157115;-3.701197167947771;-2.880037537609065;-2.2931890513419546;-8.774156845403278;1;0;0;1;1;0;-3.1085926621448308;0;-0.235172221735072;-3.2399677443300408;-1.930038068742532;-1.6337726182640795;-2.4732463696679283;-0.4943525490553087;-1.1971415509359995;-0.1382196909214829;-3.8827037599115646;-2.0368285542311204;-1.9010122633577784;-2.1616667107190715;-0.4688016815309918;-4.50043034403363;-4.012501189594263;-1.6857076813062235;0.1654657705358741;Enrolled
1;1;-1.7316968666316976;9254;1;-3.0781385481239893;-9.979339535238;-0.4478770895114957;-1.1375591012023838;-1.5940928228489972;-1.3495296801241716;-1.615168767316573;-8.819564391442364;1;0;0;1;1;0;-3.041455396794529;0;-0.4236151106854453;-3.2399677443300408;-2.264718595930404;-1.5174797214083948;-2.418882878657694;-0.4943525490553087;0.2121010094051557;-0.4303917461617935;-3.8827037599115646;-2.191745982538292;-1.537775585608535;-2.11145489194572;-0.4688016815309918;-0.7792059703314076;-4.896597121033111;-0.1743787505460719;0.0735312047229456;Enrolled
1;17;1.1116264745142534;9147;1;-3.0781385481239893;-10.137814863703912;-0.4478770895114957;-1.1375591012023838;-1.5940928228489972;-1.9617328231181288;-1.954178909329264;-8.906431001256271;1;0;0;1;1;0;-3.091808345807256;0;-0.4236151106854453;-3.472948849025565;-2.331654701367978;-1.866358411975449;-2.418882878657694;1.4906507678453047;-3.170081135413618;-0.4303917461617935;-4.217947702357519;-2.0368285542311204;-1.9010122633577784;-2.098901937252382;-0.4688016815309918;-4.004267094206667;-4.643998283479154;-1.94628163488556;-0.5993515748440206;Enrolled
1;17;-1.1630321984025074;9773;1;-3.0781385481239893;-10.190639973192548;-0.4478770895114957;-2.8519141796797496;-3.701197167947771;-2.2678343946151074;-2.6321991933546456;-8.883233667953693;1;0;0;1;1;0;-3.091808345807256;0;-0.4236151106854453;-3.2399677443300408;-2.0639102796176805;-1.866358411975449;-2.367917105994868;-0.4943525490553087;-4.01562667161831;-0.4303917461617935;-3.8827037599115646;-1.9593698400775348;-1.658854478191616;-2.193049097452416;-0.4688016815309918;-2.019614094898816;-4.643998283479154;-1.94628163488556;-0.5993515748440206;Enrolled
1;1;-1.1630321984025074;9147;1;-3.0781385481239893;-10.167162146753151;-0.4478770895114957;-2.8519141796797496;-3.701197167947771;-1.3495296801241716;-1.954178909329264;-8.920744249464246;0;0;0;1;1;0;-3.1085926621448308;0;-0.4236151106854453;-3.472948849025565;-2.1977824904928296;-1.6337726182640795;-2.5140189877981896;-0.4943525490553087;0.2121010094051557;-0.4303917461617935;-4.217947702357519;-1.9593698400775348;-1.9010122633577784;-2.057058754941256;-0.4688016815309918;-4.004267094206667;-4.714164627244141;-0.7997562391364795;0.6975126194958008;Enrolled
1;15;-1.7316968666316976;9500;1;-3.0781385481239893;-9.803255836942547;11.219887109098847;-4.566269258157115;-5.808301513046543;-2.880037537609065;-2.6321991933546456;-8.576732732189852;1;0;0;1;0;0;-3.1253769784824064;1;-0.4236151106854453;-3.0069866396345164;-1.7961658578673834;-1.7500655151197644;-2.474520513984499;-0.4943525490553087;-3.4116655743292443;-0.4303917461617935;-3.5474598174656107;-2.191745982538292;-1.537775585608535;-2.102249391837272;-0.4688016815309918;-1.6652117735938414;-4.223000220889228;-1.268789355579285;0.3610712297123178;Enrolled
1;17;-1.7316968666316976;9130;1;-3.0781385481239893;-10.10846758065467;-0.4478770895114957;-4.566269258157115;-1.5940928228489972;-2.880037537609065;-1.954178909329264;-8.89113063248223;1;0;0;1;0;1;-3.1253769784824064;0;-0.4236151106854453;-3.2399677443300408;-2.331654701367978;-1.5174797214083948;-2.410388583553661;1.4906507678453047;0.2121010094051557;-0.4303917461617935;-3.8827037599115646;-2.346663410845464;-1.416696693025454;-2.077980346096819;-0.4688016815309918;0.4612021542359994;-4.714164627244141;-0.7997562391364795;0.6975126194958008;Enrolled
1;17;-1.1630321984025074;9853;1;-3.0781385481239893;-10.090859210825124;-0.4478770895114957;-4.566269258157115;-3.701197167947771;-2.880037537609065;-2.2931890513419546;-8.871881781443923;1;0;0;1;0;0;-3.1085926621448308;0;-0.4236151106854453;-3.2399677443300408;-2.264718595930404;-1.6337726182640795;-2.483439524200494;1.4906507678453047;-1.1971415509359995;-0.4303917461617935;-3.8827037599115646;-2.424122124999049;-1.658854478191616;-2.1721275062968526;-0.4688016815309918;-2.019614094898816;-4.180900414630234;0.3988839473284681;-0.3215918228134705;Enrolled
1;43;-1.7316968666316976;9130;1;-3.0781385481239893;-10.33150693182891;11.219887109098847;-4.566269258157115;-5.808301513046543;-2.573935966112086;-3.310219477380027;-9.02093698692006;0;0;0;1;0;0;-3.1085926621448308;1;-0.4236151106854453;-3.472948849025565;-2.1308463850552557;-1.6337726182640795;-2.30724356713482;3.4756540847459183;0.2121010094051557;-0.4303917461617935;-4.217947702357519;-2.424122124999049;-1.537775585608535;-1.988316384121101;-0.4688016815309918;0.4612021542359994;-4.643998283479154;-1.94628163488556;-0.5993515748440206;Enrolled
1;44;-1.7316968666316976;9003;1;-6.54278189566412;-10.096728667434972;-0.4478770895114957;-1.1375591012023838;-1.5940928228489972;-1.65563125162115;-2.971209335367337;-8.823512873706633;0;0;0;1;0;0;-3.1085926621448308;0;-0.4236151106854453;-3.2399677443300408;-1.59535754155466;-1.866358411975449;-2.4698486513205204;-0.4943525490553087;-4.01562667161831;-0.4303917461617935;-3.8827037599115646;-1.8819111259239487;-1.658854478191616;-2.1407451195635083;-0.4688016815309918;-2.019614094898816;-3.787968889546303;-0.0701491691143375;-0.7832207064698774;Enrolled
1;17;-0.5943675301733173;9070;1;-3.0781385481239893;-10.06738138438573;-0.4478770895114957;-4.566269258157115;-5.808301513046543;-2.2678343946151074;-2.6321991933546456;-8.758856476629237;1;0;0;1;0;1;-3.091808345807256;0;-0.4236151106854453;-3.2399677443300408;-2.3985908068055526;-1.5174797214083948;-2.4273771742713843;-0.4943525490553087;0.2121010094051557;-0.4303917461617935;-3.8827037599115646;-2.501580839152634;-1.416696693025454;-2.0221894364881283;-0.4688016815309918;0.4612021542359994;-4.180900414630234;0.3988839473284681;-0.3215918228134705;Enrolled
1;18;-0.0257028619441269;9119;1;-3.0781385481239893;-10.131945407094063;-0.4478770895114957;-1.1375591012023838;-1.5940928228489972;-1.65563125162115;-2.2931890513419546;-8.8980404764447;1;0;1;1;1;0;-3.1253769784824064;0;-0.4236151106854453;-3.472948849025565;-2.0639102796176805;-1.866358411975449;-2.520814423983347;-0.4943525490553087;-3.170081135413618;-0.4303917461617935;-4.217947702357519;-2.2692046966918777;-1.7799333707746974;-2.1477189834215062;-0.4688016815309918;-2.515777344725778;-4.714164627244141;-0.7997562391364795;0.6975126194958008;Enrolled
1;1;-1.7316968666316976;9119;1;-3.0781385481239893;-9.96173116540846;-0.4478770895114957;-1.1375591012023838;-1.5940928228489972;-1.9617328231181288;-1.954178909329264;-8.770208363139009;1;0;0;1;1;0;-3.1253769784824064;0;-0.4236151106854453;-3.472948849025565;-2.1977824904928296;-1.7500655151197644;-2.5293087195970374;-0.4943525490553087;-1.4789900630042303;-0.4303917461617935;-4.217947702357519;-2.1142872683847065;-1.9010122633577784;-2.182588301874634;4.538020150393384;-4.004267094206667;-4.896597121033111;-0.1743787505460719;0.0735312047229456;Enrolled
1;43;-1.7316968666316976;9147;1;-3.0781385481239893;-10.084989754215275;-0.4478770895114957;-1.1375591012023838;-1.5940928228489972;-2.2678343946151074;-2.2931890513419546;-8.946902944465023;0;0;0;1;0;0;-3.1085926621448308;0;-0.4236151106854453;-3.472948849025565;-2.0639102796176805;-1.6337726182640795;-2.478342946934211;-0.4943525490553087;0.2121010094051557;-0.4303917461617935;-4.217947702357519;-2.2692046966918777;-1.9010122633577784;-2.175614438016636;-0.4688016815309918;-4.004267094206667;-4.012501189594263;-1.6857076813062235;0.1654657705358741;Enrolled
1;1;-1.7316968666316976;9238;1;-3.0781385481239893;-10.137814863703912;-0.4478770895114957;-1.1375591012023838;-3.701197167947771;-2.880037537609065;-2.6321991933546456;-8.892611313331331;0;0;0;1;0;0;-3.091808345807256;0;-0.4236151106854453;-3.2399677443300408;-2.0639102796176805;-2.098944205686818;-2.452860060602798;-0.4943525490553087;-6.834111792300622;-0.4303917461617935;-4.217947702357519;-2.191745982538292;-2.143170048523941;-2.6219417161414573;-0.4688016815309918;-6.981246593168445;-4.643998283479154;-1.94628163488556;-0.5993515748440206;Enrolled
1;39;-1.7316968666316976;8014;0;-3.0781385481239893;-10.096728667434972;-0.4478770895114957;-1.1375591012023838;-3.701197167947771;-1.3495296801241716;-1.954178909329264;-8.996258972768379;0;0;0;1;0;0;-2.991102447781802;0;-0.4236151106854453;-3.2399677443300408;-1.8631019633049577;-1.866358411975449;-2.520814423983347;1.4906507678453047;-4.01562667161831;-0.4303917461617935;-3.8827037599115646;-2.2692046966918777;-1.537775585608535;-2.153298074256846;-0.4688016815309918;-0.7792059703314076;-3.787968889546303;-0.0701491691143375;-0.7832207064698774;Enrolled
1;39;-1.7316968666316976;9147;1;-3.0781385481239893;-10.137227918042926;-0.4478770895114957;-1.1375591012023838;-1.5940928228489972;-1.3495296801241716;-1.954178909329264;-8.826474235404834;0;0;1;1;0;0;-2.73933770271817;0;-0.4236151106854453;-3.472948849025565;-2.3985908068055526;-1.6337726182640795;-2.4732463696679283;-0.4943525490553087;0.2121010094051557;-0.4303917461617935;-4.217947702357519;-2.346663410845464;-1.537775585608535;-2.11145489194572;-0.4688016815309918;0.4612021542359994;-4.896597121033111;-0.1743787505460719;0.0735312047229456;Enrolled
1;39;-1.7316968666316976;9991;0;-3.0781385481239893;-10.038034101336487;-0.4478770895114957;-1.1375591012023838;-1.5940928228489972;-1.3495296801241716;-1.954178909329264;-8.830916277952138;0;0;0;1;0;0;-2.991102447781802;0;-0.4236151106854453;-3.472948849025565;-2.1308463850552557;-1.7500655151197644;-2.452860060602798;-0.4943525490553087;-1.4789900630042303;-0.4303917461617935;-4.217947702357519;-2.2692046966918777;-1.658854478191616;-2.15120591514129;-0.4688016815309918;-1.027287595244889;-4.180900414630234;0.3988839473284681;-0.3215918228134705;Enrolled
1;18;-1.1630321984025074;9147;1;-3.0781385481239893;-10.243465082681183;-0.4478770895114957;-2.8519141796797496;-1.5940928228489972;-1.9617328231181288;-2.2931890513419546;-8.977997242296139;1;0;0;1;0;0;-3.07502402946968;0;-0.4236151106854453;-3.472948849025565;-2.264718595930404;-1.866358411975449;-2.452860060602798;1.4906507678453047;-3.170081135413618;-0.4303917461617935;-4.217947702357519;-2.2692046966918777;-1.7799333707746974;-2.091928073394384;-0.4688016815309918;-2.515777344725778;-4.643998283479154;-1.94628163488556;-0.5993515748440206;Enrolled
1;1;-0.0257028619441269;9147;1;-3.0781385481239893;-10.137227918042926;-0.4478770895114957;-2.8519141796797496;-1.5940928228489972;-2.2678343946151074;-1.954178909329264;-8.991323369938044;1;0;0;1;0;0;-3.024671080456953;0;-0.4236151106854453;-3.472948849025565;-2.0639102796176805;-1.982651308831134;-2.5293087195970374;-0.4943525490553087;-4.861172207823003;-0.4303917461617935;-4.217947702357519;-1.8819111259239487;-2.02209115594086;-2.1616667107190715;-0.4688016815309918;-5.492756843687555;-4.180900414630234;0.3988839473284681;-0.3215918228134705;Enrolled
1;1;-0.0257028619441269;9853;1;-3.0781385481239893;-10.131945407094063;-0.4478770895114957;-1.1375591012023838;-3.701197167947771;-1.9617328231181288;-1.615168767316573;-8.885701469368863;1;0;0;1;0;0;-3.1253769784824064;0;-0.4236151106854453;-3.2399677443300408;-2.331654701367978;-1.6337726182640795;-2.442666906070232;-0.4943525490553087;-1.1971415509359995;-0.4303917461617935;-3.8827037599115646;-2.424122124999049;-1.537775585608535;-2.11145489194572;-0.4688016815309918;-0.7792059703314076;-4.447532520937188;-0.7997562391364795;0.3512909567534956;Enrolled
1;1;-1.7316968666316976;9853;1;-3.0781385481239893;-10.137227918042926;-0.4478770895114957;-1.1375591012023838;-1.5940928228489972;-1.3495296801241716;-1.615168767316573;-9.045615001071736;1;0;1;0;0;0;-3.0582397131321044;0;-0.4236151106854453;-3.0069866396345164;-2.1308463850552557;-1.5174797214083948;-2.478342946934211;-0.4943525490553087;-0.995821185172978;-0.4303917461617935;-3.5474598174656107;-2.346663410845464;-1.416696693025454;-2.071006482238821;-0.4688016815309918;-0.6020048096789214;-4.405432714678196;-1.2166745648634176;0.4060604853228998;Enrolled
1;17;-1.7316968666316976;9147;1;-3.0781385481239893;-10.243465082681183;-0.4478770895114957;-1.1375591012023838;-1.5940928228489972;-1.65563125162115;-1.954178909329264;-8.946902944465023;1;0;0;1;0;0;-3.041455396794529;0;-0.4236151106854453;-3.472948849025565;-2.331654701367978;-1.982651308831134;-2.5547916059284512;1.4906507678453047;-4.861172207823003;-0.4303917461617935;-4.217947702357519;-2.2692046966918777;-2.02209115594086;-2.119823528407945;-0.4688016815309918;-5.492756843687555;-4.643998283479154;-1.94628163488556;-0.5993515748440206;Enrolled
1;17;-0.5943675301733173;9085;1;-3.0781385481239893;-10.155423233533456;-0.4478770895114957;-1.1375591012023838;-1.5940928228489972;-1.9617328231181288;-2.2931890513419546;-8.91580864663391;1;0;0;1;0;0;-3.07502402946968;0;-0.4236151106854453;-3.472948849025565;-1.8631019633049577;-1.982651308831134;-2.4018942879399714;3.4756540847459183;-4.861172207823003;-0.4303917461617935;-4.217947702357519;-2.346663410845464;-1.658854478191616;-2.119823528407945;1.2001389291104665;-1.027287595244889;-4.643998283479154;-1.94628163488556;-0.5993515748440206;Enrolled
1;17;-0.5943675301733173;9853;1;-3.0781385481239893;-10.22585671285164;-0.4478770895114957;-1.1375591012023838;-1.5940928228489972;-1.65563125162115;-1.954178909329264;-8.916302206916942;1;0;0;1;0;0;-3.1253769784824064;0;-0.4236151106854453;-3.2399677443300408;-2.264718595930404;-1.6337726182640795;-2.3815079788748403;-0.4943525490553087;-1.1971415509359995;-0.4303917461617935;-3.8827037599115646;-2.424122124999049;-1.537775585608535;-2.119823528407945;-0.4688016815309918;-0.7792059703314076;-4.896597121033111;-0.1743787505460719;0.0735312047229456;Enrolled
1;17;-1.7316968666316976;9254;1;-3.0781385481239893;-10.202378886412244;-0.4478770895114957;-2.8519141796797496;-3.701197167947771;-2.2678343946151074;-1.615168767316573;-8.957267710408729;1;0;0;1;0;0;-3.0582397131321044;0;-0.4236151106854453;-3.2399677443300408;-1.8631019633049577;-1.7500655151197644;-2.440118617437091;-0.4943525490553087;-2.606384111277156;-0.4303917461617935;-3.8827037599115646;-2.1142872683847065;-1.7799333707746974;-2.1477189834215062;-0.4688016815309918;-3.2600222194662227;-4.896597121033111;-0.1743787505460719;0.0735312047229456;Enrolled
1;42;-1.7316968666316976;9070;1;-3.0781385481239893;-10.33150693182891;-0.4478770895114957;-4.566269258157115;-5.808301513046543;-2.880037537609065;-3.310219477380027;-8.942460901917721;0;0;0;1;0;0;-2.940749498769076;0;1.2723708898679147;-2.3080433255479424;-1.7961658578673834;-1.1686010308413406;-2.475511514893095;-0.4943525490553087;-0.6334445267995374;1.6148126405203806;-2.206484047681796;-1.649534983463192;-0.9323811226931288;-2.124007846639058;-0.4688016815309918;-0.2153840955280412;-4.643998283479154;-1.94628163488556;-0.5993515748440206;Enrolled
1;1;-1.7316968666316976;9500;1;-3.0781385481239893;-10.114337037264518;-0.4478770895114957;-2.8519141796797496;-1.5940928228489972;-2.2678343946151074;-2.6321991933546456;-8.896066235312567;0;0;0;1;1;0;-3.1085926621448308;0;-0.4236151106854453;-3.0069866396345164;-2.331654701367978;-1.4011868245527102;-2.442666906070232;-0.4943525490553087;0.2121010094051557;-0.4303917461617935;-3.5474598174656107;-2.424122124999049;-1.2956178004423726;-2.11145489194572;-0.4688016815309918;0.4612021542359994;-4.896597121033111;-0.1743787505460719;0.0735312047229456;Enrolled
1;1;-1.7316968666316976;9147;1;-3.0781385481239893;-10.21411779963194;-0.4478770895114957;-2.8519141796797496;-1.5940928228489972;-1.65563125162115;-1.954178909329264;-8.965164674937265;0;0;0;1;1;1;-3.1253769784824064;0;-0.4236151106854453;-3.472948849025565;-2.1308463850552557;-1.7500655151197644;-2.5140189877981896;-0.4943525490553087;-1.4789900630042303;-0.4303917461617935;-4.217947702357519;-2.191745982538292;-1.658854478191616;-2.1302843239857268;-0.4688016815309918;-1.027287595244889;-3.787968889546303;-0.0701491691143375;-0.7832207064698774;Enrolled
1;39;2.817620479201824;9991;0;-3.0781385481239893;-10.21411779963194;-0.4478770895114957;-1.1375591012023838;-1.5940928228489972;-1.3495296801241716;-2.2931890513419546;-8.799821980121022;0;0;0;1;1;0;-2.9575338151066517;0;-0.4236151106854453;-3.472948849025565;-2.331654701367978;-1.7500655151197644;-2.414635731105678;-0.4943525490553087;-1.4789900630042303;-0.4303917461617935;-4.217947702357519;-2.424122124999049;-1.537775585608535;-2.0221894364881283;-0.4688016815309918;0.4612021542359994;-4.447532520937188;-0.7997562391364795;0.3512909567534956;Enrolled
1;1;-1.7316968666316976;9670;1;-3.0781385481239893;-10.143684320313758;-0.4478770895114957;-2.8519141796797496;-1.5940928228489972;-1.65563125162115;-2.2931890513419546;-8.873362462293024;1;0;0;1;1;0;-3.091808345807256;0;-0.4236151106854453;-3.2399677443300408;-2.1308463850552557;-1.5174797214083948;-2.4164559374906323;-0.4943525490553087;0.2121010094051557;-0.4303917461617935;-3.8827037599115646;-2.346663410845464;-1.658854478191616;-2.077980346096819;-0.4688016815309918;-2.019614094898816;-4.223000220889228;-1.268789355579285;0.3610712297123178;Enrolled
1;43;-1.7316968666316976;9070;1;-3.0781385481239893;-10.038034101336487;-0.4478770895114957;-4.566269258157115;-3.701197167947771;-2.573935966112086;-1.954178909329264;-8.890637072199198;0;0;0;1;1;0;-2.991102447781802;0;0.5185993340664212;-3.0069866396345164;-2.264718595930404;-1.4011868245527102;-2.38733263838931;-0.4943525490553087;0.2121010094051557;0.4461244195591382;-3.212215875019657;-2.1142872683847065;-1.2956178004423726;-2.113845931054479;-0.4688016815309918;-0.4691039391895559;-4.223000220889228;-1.268789355579285;0.3610712297123178;Enrolled
1;1;-1.7316968666316976;9500;1;-3.0781385481239893;-10.173031603363002;-0.4478770895114957;-4.566269258157115;-3.701197167947771;-2.880037537609065;-1.954178909329264;-8.915315086350875;0;0;0;1;1;0;-3.091808345807256;0;-0.4236151106854453;-3.0069866396345164;-2.1308463850552557;-1.6337726182640795;-2.352117716469392;-0.4943525490553087;-2.203743379751111;-0.4303917461617935;-3.212215875019657;-2.2692046966918777;-1.1745389078592914;-2.068681861231776;-0.4688016815309918;0.4612021542359994;-4.223000220889228;-1.268789355579285;0.3610712297123178;Enrolled
1;17;-1.1630321984025074;9853;1;-3.0781385481239893;-10.249334539291032;-0.4478770895114957;-2.8519141796797496;-1.5940928228489972;-1.3495296801241716;-1.615168767316573;-8.962203313239064;1;0;0;1;1;1;-3.091808345807256;0;-0.4236151106854453;-3.2399677443300408;-2.3985908068055526;-1.5174797214083948;-2.452860060602798;-0.4943525490553087;0.2121010094051557;-0.4303917461617935;-3.8827037599115646;-2.424122124999049;-1.416696693025454;-2.098901937252382;-0.4688016815309918;0.4612021542359994;-4.896597121033111;-0.1743787505460719;0.0735312047229456;Enrolled
2;39;-1.7316968666316976;9500;1;0.3865047994161424;-10.137227918042926;-0.4478770895114957;-1.1375591012023838;-1.5940928228489972;-1.3495296801241716;-1.954178909329264;-9.018469185504893;1;0;0;1;1;0;-2.7057690700430186;0;-0.4236151106854453;-2.774005534938992;-2.264718595930404;-1.4011868245527102;-2.4714261632829744;-0.4943525490553087;-0.8448309108507108;-0.4303917461617935;-3.212215875019657;-2.346663410845464;-1.2956178004423726;-2.135066401784813;-0.4688016815309918;-0.4691039391895559;-4.447532520937188;-0.7997562391364795;0.3512909567534956;Enrolled
1;17;0.5429618062850633;9119;1;-3.0781385481239893;-10.10846758065467;-0.4478770895114957;-1.1375591012023838;-1.5940928228489972;-1.9617328231181288;-2.2931890513419546;-8.905937440973238;1;0;1;1;1;0;-3.1253769784824064;0;-0.4236151106854453;-3.472948849025565;-2.1977824904928296;-1.7500655151197644;-2.4273771742713843;-0.4943525490553087;-1.4789900630042303;-0.4303917461617935;-4.217947702357519;-2.1142872683847065;-1.537775585608535;-2.149711515593708;-0.4688016815309918;0.4612021542359994;-4.223000220889228;-1.268789355579285;0.3610712297123178;Enrolled
2;39;-1.7316968666316976;9991;0;-3.0781385481239893;-9.979339535238;-0.4478770895114957;0.5767959772749822;0.5130115222497759;-1.043428108627193;-1.2761586253038824;-8.950357866446259;0;0;0;1;1;0;-2.7561220190557454;0;-0.4236151106854453;-3.472948849025565;-2.1977824904928296;-1.866358411975449;-2.5038258332656245;-0.4943525490553087;-3.170081135413618;-0.4303917461617935;-4.217947702357519;-2.346663410845464;-1.658854478191616;-2.098901937252382;1.2001389291104665;-1.027287595244889;-4.896597121033111;-0.1743787505460719;0.0735312047229456;Enrolled
1;1;-1.7316968666316976;9254;1;-3.0781385481239893;-10.137227918042926;-0.4478770895114957;-1.1375591012023838;-1.5940928228489972;-2.880037537609065;-3.310219477380027;-9.035743795411063;0;0;0;1;1;0;-2.974318131444227;0;-0.4236151106854453;-3.2399677443300408;-2.3985908068055526;-1.5174797214083948;-2.520814423983347;-0.4943525490553087;0.2121010094051557;-0.4303917461617935;-3.8827037599115646;-2.346663410845464;-1.658854478191616;-2.15120591514129;-0.4688016815309918;-2.019614094898816;-4.447532520937188;-0.7997562391364795;0.3512909567534956;Enrolled
1;44;-1.7316968666316976;9003;1;-6.54278189566412;-10.096728667434972;-0.4478770895114957;-1.1375591012023838;-3.701197167947771;-2.573935966112086;-2.971209335367337;-8.823512873706633;1;0;1;1;1;0;-2.991102447781802;0;-0.4236151106854453;-3.2399677443300408;-2.3985908068055526;-2.215237102542503;-3.0644493325567166;-0.4943525490553087;-8.243354352641777;-0.4303917461617935;-3.8827037599115646;-2.424122124999049;-2.143170048523941;-2.6219417161414573;-0.4688016815309918;-6.981246593168445;-4.714164627244141;-0.7997562391364795;0.6975126194958008;Enrolled
1;1;-1.1630321984025074;9119;1;-3.0781385481239893;-10.17890105997285;-0.4478770895114957;-2.8519141796797496;-1.5940928228489972;-2.2678343946151074;-1.954178909329264;-8.909885923237507;1;0;0;1;1;0;-3.091808345807256;0;-0.4236151106854453;-3.472948849025565;-2.331654701367978;-1.6337726182640795;-2.5140189877981896;-0.4943525490553087;0.2121010094051557;-0.4303917461617935;-4.217947702357519;-2.2692046966918777;-1.7799333707746974;-2.119823528407945;-0.4688016815309918;-2.515777344725778;-4.714164627244141;-0.7997562391364795;0.6975126194958008;Enrolled
1;51;-1.7316968666316976;9147;1;-3.0781385481239893;-10.155423233533456;-0.4478770895114957;-1.1375591012023838;-1.5940928228489972;-1.3495296801241716;-1.954178909329264;-8.94344802248379;0;0;0;1;1;0;-3.091808345807256;0;-0.4236151106854453;-3.472948849025565;-2.331654701367978;-1.6337726182640795;-2.5038258332656245;-0.4943525490553087;0.2121010094051557;-0.4303917461617935;-4.217947702357519;-2.424122124999049;-1.7799333707746974;-2.2035098930301973;-0.4688016815309918;-2.515777344725778;-4.714164627244141;-0.7997562391364795;0.6975126194958008;Enrolled
1;1;-1.7316968666316976;9119;1;-3.0781385481239893;-10.096728667434972;-0.4478770895114957;-1.1375591012023838;-1.5940928228489972;-1.3495296801241716;-1.615168767316573;-8.695187200117907;1;0;1;1;1;0;-3.091808345807256;0;-0.4236151106854453;-3.472948849025565;-2.331654701367978;-2.215237102542503;-3.0644493325567166;-0.4943525490553087;-8.243354352641777;-0.4303917461617935;-4.217947702357519;-2.5790395533062207;-2.143170048523941;-2.6219417161414573;-0.4688016815309918;-6.981246593168445;-4.643998283479154;-1.94628163488556;-0.5993515748440206;Enrolled
1;39;-1.7316968666316976;9500;1;-3.0781385481239893;-10.21411779963194;-0.4478770895114957;-2.8519141796797496;-5.808301513046543;-2.2678343946151074;-3.310219477380027;-8.896066235312567;0;0;1;1;1;0;-2.9239651824315;0;-0.4236151106854453;-3.0069866396345164;-1.9969741741801064;-1.7500655151197644;-2.330542206212014;-0.4943525490553087;-3.4116655743292443;-0.4303917461617935;-3.5474598174656107;-2.2692046966918777;-1.416696693025454;-2.057058754941256;-0.4688016815309918;-0.6020048096789214;-4.223000220889228;-1.268789355579285;0.3610712297123178;Enrolled
1;17;-1.7316968666316976;9670;1;-3.0781385481239893;-10.278681822340276;-0.4478770895114957;-2.8519141796797496;-3.701197167947771;-2.2678343946151074;-2.6321991933546456;-8.981452164277373;0;0;0;1;1;0;-3.1085926621448308;0;-0.4236151106854453;-3.472948849025565;-2.1308463850552557;-2.215237102542503;-3.0644493325567166;-0.4943525490553087;-8.243354352641777;-0.4303917461617935;-4.217947702357519;-2.5790395533062207;-2.143170048523941;-2.6219417161414573;-0.4688016815309918;-6.981246593168445;-4.896597121033111;-0.1743787505460719;0.0735312047229456;Enrolled
4;39;-1.7316968666316976;9556;1;-3.0781385481239893;-9.979339535238;-0.4478770895114957;-1.1375591012023838;-5.808301513046543;-1.3495296801241716;-3.310219477380027;-8.872868902009989;0;0;0;1;0;0;-3.0078867641193776;0;-0.4236151106854453;-3.0069866396345164;-1.8631019633049577;-1.4011868245527102;-2.455408349235939;-0.4943525490553087;0.2121010094051557;-0.4303917461617935;-3.212215875019657;-1.8044524117703635;-1.2956178004423726;-2.118030249285592;-0.4688016815309918;-0.4691039391895559;-4.180900414630234;0.3988839473284681;-0.3215918228134705;Enrolled
2;39;-1.1630321984025074;9556;1;-3.0781385481239893;-10.272812365730427;-0.4478770895114957;-1.1375591012023838;-1.5940928228489972;-1.3495296801241716;-1.615168767316573;-8.957761270691762;0;0;0;1;0;1;-2.991102447781802;0;-0.4236151106854453;-3.0069866396345164;-2.331654701367978;-2.215237102542503;-3.0644493325567166;-0.4943525490553087;-8.243354352641777;-0.4303917461617935;-3.212215875019657;-2.346663410845464;-2.143170048523941;-2.6219417161414573;9.544841982317758;-6.981246593168445;-4.447532520937188;-0.7997562391364795;0.3512909567534956;Enrolled
1;17;-1.1630321984025074;9147;1;-3.0781385481239893;-10.161292690143304;-0.4478770895114957;-4.566269258157115;-5.808301513046543;-2.880037537609065;-3.310219477380027;-8.88125942682156;1;0;0;1;0;0;-3.1085926621448308;0;-0.4236151106854453;-3.472948849025565;-2.1308463850552557;-1.866358411975449;-2.5038258332656245;-0.4943525490553087;-3.170081135413618;-0.4303917461617935;-4.217947702357519;-2.2692046966918777;-1.658854478191616;-2.1302843239857268;-0.4688016815309918;-1.027287595244889;-4.180900414630234;0.3988839473284681;-0.3215918228134705;Enrolled
1;43;-1.7316968666316976;9085;1;-3.0781385481239893;-10.173031603363002;-0.4478770895114957;-4.566269258157115;-5.808301513046543;-2.880037537609065;-2.2931890513419546;-9.02093698692006;0;0;0;1;0;0;-3.07502402946968;0;-0.4236151106854453;-3.2399677443300408;-2.0639102796176805;-1.7500655151197644;-2.4656015037685046;-0.4943525490553087;-2.606384111277156;-0.4303917461617935;-3.8827037599115646;-2.0368285542311204;-1.7799333707746974;-2.050084891083258;-0.4688016815309918;-3.2600222194662227;-4.012501189594263;-1.6857076813062235;0.1654657705358741;Enrolled
1;1;-1.7316968666316976;9130;1;-3.0781385481239893;-10.10846758065467;-0.4478770895114957;-4.566269258157115;-5.808301513046543;-2.880037537609065;-3.310219477380027;-8.907418121822339;1;0;0;1;0;0;-3.07502402946968;0;-0.4236151106854453;-3.472948849025565;-1.9969741741801064;-2.098944205686818;-2.5038258332656245;-0.4943525490553087;-6.55226328023239;-0.4303917461617935;-4.217947702357519;-2.2692046966918777;-1.9010122633577784;-2.182588301874634;-0.4688016815309918;-4.004267094206667;-4.180900414630234;0.3988839473284681;-0.3215918228134705;Enrolled
1;39;-1.7316968666316976;9085;1;-3.0781385481239893;-10.155423233533456;-0.4478770895114957;-4.566269258157115;-3.701197167947771;-2.880037537609065;-1.615168767316573;-8.922224930313346;0;0;0;0;0;0;-2.991102447781802;0;-0.4236151106854453;-3.2399677443300408;-2.264718595930404;-1.5174797214083948;-2.278120268543156;-0.4943525490553087;0.2121010094051557;-0.4303917461617935;-3.8827037599115646;-2.424122124999049;-1.537775585608535;-2.01521557263013;-0.4688016815309918;-0.7792059703314076;-4.405432714678196;-1.2166745648634176;0.4060604853228998;Enrolled
1;1;-1.7316968666316976;9500;1;-3.0781385481239893;-10.149553776923607;-0.4478770895114957;-1.1375591012023838;-1.5940928228489972;-2.2678343946151074;-2.6321991933546456;-8.912353724652675;1;0;0;1;0;0;-3.091808345807256;0;-0.4236151106854453;-2.774005534938992;-2.264718595930404;-1.4011868245527102;-2.3502004330289576;-0.4943525490553087;-0.8448309108507108;-0.4303917461617935;-3.212215875019657;-2.346663410845464;-1.2956178004423726;-2.0355394042177197;-0.4688016815309918;-0.4691039391895559;-4.180900414630234;0.3988839473284681;-0.3215918228134705;Enrolled
1;17;-1.1630321984025074;9238;1;-3.0781385481239893;-10.22585671285164;-0.4478770895114957;-2.8519141796797496;-1.5940928228489972;-2.2678343946151074;-1.2761586253038824;-8.968126036635468;1;1;0;1;0;0;-3.1253769784824064;0;-0.4236151106854453;-3.2399677443300408;-1.7961658578673834;-1.982651308831134;-2.537803015210728;5.460657401646532;-5.424869231959466;-0.4303917461617935;-3.8827037599115646;-1.9593698400775348;-1.7799333707746974;-2.0640326187992546;-0.4688016815309918;-3.2600222194662227;-4.180900414630234;0.3988839473284681;-0.3215918228134705;Enrolled
1;44;-1.7316968666316976;9003;1;-6.54278189566412;-10.21411779963194;-0.4478770895114957;-1.1375591012023838;-1.5940928228489972;-2.573935966112086;-2.2931890513419546;-8.922224930313346;0;0;0;1;1;0;-3.041455396794529;0;-0.4236151106854453;-3.2399677443300408;-2.3985908068055526;-2.215237102542503;-3.0644493325567166;-0.4943525490553087;-8.243354352641777;-0.4303917461617935;-3.8827037599115646;-2.346663410845464;-2.143170048523941;-2.6219417161414573;-0.4688016815309918;-6.981246593168445;-3.787968889546303;-0.0701491691143375;-0.7832207064698774;Enrolled
1;44;-1.7316968666316976;9003;1;-6.54278189566412;-10.155423233533456;-0.4478770895114957;-4.566269258157115;-5.808301513046543;-1.3495296801241716;-1.954178909329264;-8.872868902009989;0;0;0;1;1;0;-3.091808345807256;0;-0.4236151106854453;-3.2399677443300408;-1.9969741741801064;-1.7500655151197644;-2.5140189877981896;-0.4943525490553087;-2.606384111277156;-0.4303917461617935;-3.8827037599115646;-1.9593698400775348;-1.658854478191616;-2.119823528407945;-0.4688016815309918;-2.019614094898816;-4.223000220889228;-1.268789355579285;0.3610712297123178;Enrolled
1;43;-1.7316968666316976;8014;0;-3.0781385481239893;-10.21411779963194;-0.4478770895114957;-1.1375591012023838;-1.5940928228489972;-1.3495296801241716;-2.2931890513419546;-9.02093698692006;0;0;0;1;0;0;-2.672200437367868;0;0.5185993340664212;-2.5410244302434672;-1.930038068742532;-1.2848939276970257;-2.5038258332656245;-0.4943525490553087;-0.7273940308222817;0.4461244195591382;-3.5474598174656107;-2.191745982538292;-1.416696693025454;-2.16864057457707;-0.4688016815309918;-0.6020048096789214;-4.180900414630234;0.3988839473284681;-0.3215918228134705;Enrolled
1;39;-1.7316968666316976;8014;0;0.3865047994161424;-10.33150693182891;-0.4478770895114957;-1.1375591012023838;-1.5940928228489972;-1.9617328231181288;-2.2931890513419546;-8.966645355786367;1;0;0;1;0;1;-2.991102447781802;0;-0.4236151106854453;-3.2399677443300408;-2.1308463850552557;-1.866358411975449;-2.435871469885075;-0.4943525490553087;-4.01562667161831;-0.4303917461617935;-3.8827037599115646;-1.8819111259239487;-1.7799333707746974;-2.13377125570551;-0.4688016815309918;-3.2600222194662227;-4.896597121033111;-0.1743787505460719;0.0735312047229456;Enrolled
1;39;-1.7316968666316976;9991;0;-3.0781385481239893;-10.155423233533456;-0.4478770895114957;-1.1375591012023838;-1.5940928228489972;-1.3495296801241716;-1.615168767316573;-8.872375341726956;0;0;0;1;0;0;-3.0078867641193776;0;-0.4236151106854453;-3.472948849025565;-2.264718595930404;-1.866358411975449;-2.5038258332656245;-0.4943525490553087;-3.170081135413618;-0.4303917461617935;-4.217947702357519;-2.346663410845464;-1.7799333707746974;-2.15120591514129;-0.4688016815309918;-2.515777344725778;-4.447532520937188;-0.7997562391364795;0.3512909567534956;Enrolled
1;1;-1.7316968666316976;9500;1;-3.0781385481239893;-10.190639973192548;-0.4478770895114957;-1.1375591012023838;-1.5940928228489972;-2.573935966112086;-1.954178909329264;-8.934563937389186;1;0;0;1;1;0;-3.1085926621448308;0;-0.4236151106854453;-2.774005534938992;-2.1308463850552557;-1.6337726182640795;-2.4091314276580924;5.460657401646532;-2.958694751362444;-0.4303917461617935;-3.212215875019657;-2.191745982538292;-1.537775585608535;-2.083922077984999;4.538020150393384;-2.329716126040667;-4.643998283479154;-1.94628163488556;-0.5993515748440206;Enrolled
1;1;-0.0257028619441269;9500;1;-3.0781385481239893;-10.17890105997285;-0.4478770895114957;-2.8519141796797496;-3.701197167947771;-1.9617328231181288;-1.2761586253038824;-8.921237809747279;0;0;0;1;0;1;-3.1085926621448308;0;-0.4236151106854453;-3.0069866396345164;-2.1977824904928296;-1.6337726182640795;-2.347870568917375;-0.4943525490553087;-2.203743379751111;-0.4303917461617935;-3.5474598174656107;-2.2692046966918777;-1.2956178004423726;-2.151504795134493;-0.4688016815309918;0.4612021542359994;-4.223000220889228;-1.268789355579285;0.3610712297123178;Enrolled
1;43;-1.1630321984025074;9670;1;-3.0781385481239893;-10.161292690143304;-0.4478770895114957;-4.566269258157115;-5.808301513046543;-1.9617328231181288;-2.2931890513419546;-8.91037948352054;1;0;0;1;0;0;-3.1085926621448308;0;-0.4236151106854453;-3.472948849025565;-2.465526912243127;-1.7500655151197644;-2.3636699584428515;-0.4943525490553087;-1.4789900630042303;-0.4303917461617935;-3.8827037599115646;-2.2692046966918777;-1.537775585608535;-2.094717619021269;-0.4688016815309918;-0.7792059703314076;-4.180900414630234;0.3988839473284681;-0.3215918228134705;Enrolled
1;43;-1.7316968666316976;9773;1;-3.0781385481239893;-10.21998725624179;-0.4478770895114957;-1.1375591012023838;-1.5940928228489972;-1.9617328231181288;-2.2931890513419546;-8.996258972768379;1;0;0;1;0;0;-3.041455396794529;0;-0.4236151106854453;-3.2399677443300408;-2.0639102796176805;-1.866358411975449;-2.4868372425479013;-0.4943525490553087;-4.01562667161831;-0.4303917461617935;-3.8827037599115646;-2.424122124999049;-1.9010122633577784;-2.1616667107190715;-0.4688016815309918;-4.50043034403363;-3.68973600827532;-1.3730189370110195;-0.1690195646558445;Enrolled
1;1;-1.7316968666316976;9238;1;-3.0781385481239893;-10.143684320313758;-0.4478770895114957;-1.1375591012023838;-1.5940928228489972;-1.3495296801241716;-1.954178909329264;-8.873362462293024;1;0;0;1;0;0;-3.091808345807256;0;-0.4236151106854453;-3.2399677443300408;-2.331654701367978;-1.6337726182640795;-2.391701133407406;-0.4943525490553087;-1.1971415509359995;-0.4303917461617935;-3.8827037599115646;-2.501580839152634;-1.416696693025454;-2.091928073394384;-0.4688016815309918;0.4612021542359994;-4.447532520937188;-0.7997562391364795;0.3512909567534956;Enrolled
1;1;-0.5943675301733173;9670;1;-3.0781385481239893;-10.21411779963194;-0.4478770895114957;-1.1375591012023838;-1.5940928228489972;-1.65563125162115;-1.954178909329264;-8.965164674937265;1;0;0;1;1;0;-3.1085926621448308;0;-0.4236151106854453;-3.472948849025565;-2.331654701367978;-1.866358411975449;-2.4868372425479013;-0.4943525490553087;-3.170081135413618;-0.4303917461617935;-4.217947702357519;-2.424122124999049;-1.658854478191616;-2.1616667107190715;-0.4688016815309918;-1.027287595244889;-4.643998283479154;-1.94628163488556;-0.5993515748440206;Enrolled
4;39;-1.7316968666316976;9991;0;-3.0781385481239893;-10.155423233533456;-0.4478770895114957;-1.1375591012023838;-1.5940928228489972;-1.3495296801241716;-1.615168767316573;-8.884714348802795;0;0;0;1;1;0;-2.940749498769076;0;-0.4236151106854453;-3.472948849025565;-2.465526912243127;-2.215237102542503;-3.0644493325567166;-0.4943525490553087;-8.243354352641777;-0.4303917461617935;-4.217947702357519;-2.5790395533062207;-2.143170048523941;-2.6219417161414573;-0.4688016815309918;-6.981246593168445;-4.896597121033111;-0.1743787505460719;0.0735312047229456;Enrolled
1;1;-1.7316968666316976;9670;1;-3.0781385481239893;-10.202378886412244;-0.4478770895114957;-2.8519141796797496;-3.701197167947771;-1.9617328231181288;-1.954178909329264;-8.88964995163313;1;0;0;1;0;0;-3.1253769784824064;0;-0.4236151106854453;-3.2399677443300408;-2.264718595930404;-1.5174797214083948;-2.3190749073628782;-0.4943525490553087;0.2121010094051557;-0.4303917461617935;-3.8827037599115646;-2.2692046966918777;-1.416696693025454;-2.030159566432227;-0.4688016815309918;0.4612021542359994;-4.405432714678196;-1.2166745648634176;0.4060604853228998;Enrolled
1;1;-0.5943675301733173;9500;1;-3.0781385481239893;-10.17890105997285;-0.4478770895114957;-2.8519141796797496;-1.5940928228489972;-2.573935966112086;-2.2931890513419546;-8.921731370030312;1;0;0;1;0;0;-3.1085926621448308;0;-0.4236151106854453;-3.0069866396345164;-1.9969741741801064;-1.7500655151197644;-2.382782123191411;-0.4943525490553087;-3.4116655743292443;-0.4303917461617935;-3.5474598174656107;-2.346663410845464;-1.416696693025454;-2.1149418236655038;-0.4688016815309918;-0.6020048096789214;-4.223000220889228;-1.268789355579285;0.3610712297123178;Enrolled
1;1;-1.7316968666316976;9147;1;-3.0781385481239893;-10.161292690143304;-0.4478770895114957;-1.1375591012023838;-1.5940928228489972;-1.3495296801241716;-1.954178909329264;-8.933083256540083;0;0;0;1;0;1;-3.1085926621448308;0;-0.4236151106854453;-3.472948849025565;-2.3985908068055526;-1.7500655151197644;-2.5038258332656245;-0.4943525490553087;-1.4789900630042303;-0.4303917461617935;-4.217947702357519;-2.2692046966918777;-1.658854478191616;-2.0421147611391595;-0.4688016815309918;-1.027287595244889;-4.447532520937188;-0.7997562391364795;0.3512909567534956;Enrolled
1;43;-1.7316968666316976;9773;1;-3.0781385481239893;-10.173031603363002;-0.4478770895114957;-1.1375591012023838;-3.701197167947771;-1.9617328231181288;-2.2931890513419546;-8.934070377106151;1;0;0;1;0;0;-3.1253769784824064;0;-0.4236151106854453;-3.2399677443300408;-2.3985908068055526;-2.215237102542503;-3.0644493325567166;-0.4943525490553087;-8.243354352641777;-0.4303917461617935;-3.8827037599115646;-2.191745982538292;-1.7799333707746974;-2.1616667107190715;-0.4688016815309918;-3.2600222194662227;-3.68973600827532;-1.3730189370110195;-0.1690195646558445;Enrolled
1;17;-1.7316968666316976;9670;1;-3.0781385481239893;-10.243465082681183;-0.4478770895114957;-2.8519141796797496;-3.701197167947771;-2.2678343946151074;-2.6321991933546456;-8.976023001164004;1;0;0;1;0;1;-3.1085926621448308;0;-0.4236151106854453;-3.2399677443300408;-2.331654701367978;-1.5174797214083948;-2.38733263838931;-0.4943525490553087;0.2121010094051557;-0.4303917461617935;-3.8827037599115646;-2.2692046966918777;-1.537775585608535;-2.0110312543990174;-0.4688016815309918;-0.7792059703314076;-4.223000220889228;-1.268789355579285;0.3610712297123178;Enrolled
1;1;0.5429618062850633;9500;1;-3.0781385481239893;-10.1847705165827;-0.4478770895114957;-4.566269258157115;-1.5940928228489972;-2.2678343946151074;-1.954178909329264;-8.920744249464246;1;0;0;1;0;0;-3.1085926621448308;0;-0.4236151106854453;-3.0069866396345164;-2.0639102796176805;-1.6337726182640795;-2.4673003626873795;-0.4943525490553087;-2.203743379751111;-0.4303917461617935;-3.5474598174656107;-2.346663410845464;-1.537775585608535;-2.0486901184790307;-0.4688016815309918;-1.6652117735938414;-4.012501189594263;-1.6857076813062235;0.1654657705358741;Enrolled
1;1;-1.1630321984025074;9070;1;-3.0781385481239893;-10.161292690143304;-0.4478770895114957;-4.566269258157115;-5.808301513046543;-2.880037537609065;-3.310219477380027;-8.841281043895842;1;0;0;1;0;0;-3.1253769784824064;0;-0.4236151106854453;-3.2399677443300408;-2.3985908068055526;-1.5174797214083948;-2.435871469885075;-0.4943525490553087;0.2121010094051557;-0.4303917461617935;-3.8827037599115646;-2.501580839152634;-1.416696693025454;-2.0849542099548173;-0.4688016815309918;0.4612021542359994;-4.896597121033111;-0.1743787505460719;0.0735312047229456;Enrolled
1;17;-0.5943675301733173;9147;1;-3.0781385481239893;-10.114337037264518;-0.4478770895114957;-2.8519141796797496;-3.701197167947771;-2.2678343946151074;-1.954178909329264;-8.900508277859869;1;0;0;1;0;0;-3.1253769784824064;0;-0.4236151106854453;-3.472948849025565;-2.465526912243127;-1.6337726182640795;-2.422280597005102;-0.4943525490553087;0.2121010094051557;-0.4303917461617935;-4.217947702357519;-2.5790395533062207;-1.658854478191616;-2.1616667107190715;-0.4688016815309918;-1.027287595244889;-4.405432714678196;-1.2166745648634176;0.4060604853228998;Enrolled
2;39;-1.7316968666316976;9003;1;-3.0781385481239893;-10.038034101336487;-0.4478770895114957;-4.566269258157115;-5.808301513046543;-2.880037537609065;-3.310219477380027;-8.922224930313346;0;0;1;0;0;0;-2.856827917081198;0;-0.235172221735072;-3.2399677443300408;-2.1308463850552557;-1.5174797214083948;-2.333939924559422;-0.4943525490553087;0.2121010094051557;-0.4303917461617935;-3.8827037599115646;-2.2692046966918777;-1.416696693025454;-2.0849542099548173;-0.4688016815309918;0.4612021542359994;-4.405432714678196;-1.2166745648634176;0.4060604853228998;Enrolled
1;1;-1.1630321984025074;9670;1;-3.0781385481239893;-10.231726169461488;-0.4478770895114957;-1.1375591012023838;-1.5940928228489972;-1.3495296801241716;-1.615168767316573;-8.962696873522098;0;0;0;1;0;0;-3.0582397131321044;0;-0.4236151106854453;-3.472948849025565;-2.264718595930404;-1.866358411975449;-2.452860060602798;-0.4943525490553087;-3.170081135413618;-0.4303917461617935;-4.217947702357519;-2.2692046966918777;-1.9010122633577784;-2.1616667107190715;1.2001389291104665;-4.004267094206667;-4.896597121033111;-0.1743787505460719;0.0735312047229456;Enrolled
2;39;-1.1630321984025074;9147;1;-3.0781385481239893;-10.096728667434972;-0.4478770895114957;-1.1375591012023838;-1.5940928228489972;-1.3495296801241716;-1.954178909329264;-8.981452164277373;0;0;0;1;0;0;-2.5882788556799903;0;-0.4236151106854453;-3.472948849025565;-1.9969741741801064;-1.866358411975449;-2.384905697222248;1.4906507678453047;-3.170081135413618;-0.4303917461617935;-4.217947702357519;-2.346663410845464;-1.537775585608535;-2.11145489194572;-0.4688016815309918;0.4612021542359994;-4.643998283479154;-1.94628163488556;-0.5993515748440206;Enrolled
1;39;-1.7316968666316976;9085;1;-3.0781385481239893;-10.155423233533456;-0.4478770895114957;-1.1375591012023838;-1.5940928228489972;-1.65563125162115;-1.954178909329264;-8.971580958616702;0;0;0;1;0;1;-3.0078867641193776;0;-0.4236151106854453;-3.2399677443300408;-1.930038068742532;-1.866358411975449;-2.4698486513205204;-0.4943525490553087;-4.01562667161831;-0.4303917461617935;-3.8827037599115646;-1.8819111259239487;-1.9010122633577784;-2.1477189834215062;-0.4688016815309918;-4.50043034403363;-4.405432714678196;-1.2166745648634176;0.4060604853228998;Enrolled
2;39;-1.7316968666316976;9991;0;-3.0781385481239893;-10.21411779963194;-0.4478770895114957;-1.1375591012023838;-1.5940928228489972;-1.3495296801241716;-1.615168767316573;-8.92271849059638;0;0;0;1;0;0;-2.5882788556799903;0;-0.4236151106854453;-3.472948849025565;-2.1977824904928296;-1.982651308831134;-2.5293087195970374;-0.4943525490553087;-4.861172207823003;-0.4303917461617935;-4.217947702357519;-2.424122124999049;-1.7799333707746974;-2.1616667107190715;-0.4688016815309918;-2.515777344725778;-4.180900414630234;0.3988839473284681;-0.3215918228134705;Enrolled
4;43;-1.7316968666316976;8014;0;-3.0781385481239893;-10.137227918042926;-0.4478770895114957;0.5767959772749822;0.5130115222497759;-1.043428108627193;-1.2761586253038824;-8.991323369938044;1;0;0;1;0;0;-2.621847488355141;0;-0.4236151106854453;-3.2399677443300408;-2.1977824904928296;-1.6337726182640795;-2.4018942879399714;-0.4943525490553087;-1.1971415509359995;-0.4303917461617935;-3.8827037599115646;-2.191745982538292;-1.658854478191616;-2.098901937252382;-0.4688016815309918;-2.019614094898816;-4.896597121033111;-0.1743787505460719;0.0735312047229456;Enrolled
2;39;-1.7316968666316976;9147;1;-3.0781385481239893;-10.272812365730427;-0.4478770895114957;-1.1375591012023838;-1.5940928228489972;-1.3495296801241716;-1.2761586253038824;-8.823512873706633;0;0;0;1;0;0;-2.73933770271817;0;-0.4236151106854453;-3.472948849025565;-1.8631019633049577;-1.7500655151197644;-2.3254456289457317;1.4906507678453047;-1.4789900630042303;-0.4303917461617935;-4.217947702357519;-2.0368285542311204;-1.537775585608535;-2.077980346096819;-0.4688016815309918;0.4612021542359994;-4.643998283479154;-1.94628163488556;-0.5993515748440206;Enrolled
2;43;-1.7316968666316976;9991;0;-3.0781385481239893;-10.096728667434972;-0.4478770895114957;-1.1375591012023838;-1.5940928228489972;-1.9617328231181288;-1.954178909329264;-8.935551057955252;0;0;0;1;0;0;-2.9575338151066517;0;0.7070422230167946;-2.3080433255479424;-1.7961658578673834;-1.5174797214083948;-2.520814423983347;-0.4943525490553087;-3.170081135413618;1.0304685300397594;-2.54172799012775;-1.649534983463192;-1.05346001527621;-2.1477189834215062;1.2001389291104665;-0.2830427205044448;-4.896597121033111;-0.1743787505460719;0.0735312047229456;Enrolled
1;51;-1.7316968666316976;9147;1;-3.0781385481239893;-9.979339535238;-0.4478770895114957;-2.8519141796797496;-1.5940928228489972;-1.3495296801241716;-1.2761586253038824;-8.932096135974017;0;0;0;1;0;0;-2.5379259066672635;0;2.214585334619781;-1.143137802070321;-1.7961658578673834;-0.4708436497072323;-2.4630532151353632;-0.4943525490553087;0.2121010094051557;3.075672916721934;-1.5359961627898882;-1.9593698400775348;-0.6902233375269665;-2.13377125570551;1.2001389291104665;-0.1112939032566498;-4.714164627244141;-0.7997562391364795;0.6975126194958008;Enrolled
1;39;-1.7316968666316976;8014;0;-3.0781385481239893;-10.21411779963194;-0.4478770895114957;-1.1375591012023838;-1.5940928228489972;-1.3495296801241716;-1.954178909329264;-8.987374887673775;0;0;0;1;0;0;-2.605063172017565;0;-0.4236151106854453;-3.2399677443300408;-2.1977824904928296;-1.6337726182640795;-2.435871469885075;-0.4943525490553087;-1.1971415509359995;-0.4303917461617935;-3.8827037599115646;-2.0368285542311204;-1.658854478191616;-2.1407451195635083;-0.4688016815309918;-2.019614094898816;-4.012501189594263;-1.6857076813062235;0.1654657705358741;Enrolled
1;43;-1.7316968666316976;9238;1;-3.0781385481239893;-10.202378886412244;-0.4478770895114957;-1.1375591012023838;-1.5940928228489972;-1.9617328231181288;-2.2931890513419546;-8.950357866446259;1;0;0;1;0;0;-3.0582397131321044;0;0.5185993340664212;-2.3080433255479424;-1.7961658578673834;-1.2848939276970257;-2.5038258332656245;-0.4943525490553087;-1.4789900630042303;0.1539523643188277;-3.5474598174656107;-1.726993697616778;-1.537775585608535;-2.153298074256846;-0.4688016815309918;-1.6652117735938414;-4.643998283479154;-1.94628163488556;-0.5993515748440206;Enrolled
1;39;-1.7316968666316976;9991;0;-3.0781385481239893;-10.21411779963194;-0.4478770895114957;-1.1375591012023838;-1.5940928228489972;-1.65563125162115;-1.954178909329264;-8.785015171630015;0;0;0;1;0;0;-2.7561220190557454;0;-0.4236151106854453;-3.472948849025565;-2.1977824904928296;-1.7500655151197644;-2.4910843900999176;-0.4943525490553087;-1.4789900630042303;-0.4303917461617935;-4.217947702357519;-2.501580839152634;-1.537775585608535;-2.119823528407945;-0.4688016815309918;0.4612021542359994;-4.012501189594263;-1.6857076813062235;0.1654657705358741;Enrolled
2;43;-1.7316968666316976;9991;0;-10.007425243204253;-10.21411779963194;-0.4478770895114957;-1.1375591012023838;-1.5940928228489972;-1.3495296801241716;-1.954178909329264;-8.922224930313346;0;0;0;1;0;0;-2.823259284406048;0;1.0839280009175412;-1.8420811161568935;-1.3945492252419371;-0.9360152371299711;-2.478342946934211;-0.4943525490553087;-0.4925202707654224;1.6148126405203806;-1.8712401052358416;-1.2622414126952637;-0.6902233375269665;-2.1433603184579533;-0.4688016815309918;0.4612021542359994;-4.643998283479154;-1.94628163488556;-0.5993515748440206;Enrolled
6;39;-1.7316968666316976;8014;0;-3.0781385481239893;-10.137227918042926;-0.4478770895114957;-1.1375591012023838;-1.5940928228489972;-1.3495296801241716;-1.615168767316573;-8.927160533143681;0;0;0;1;0;1;-2.621847488355141;0;-0.4236151106854453;-3.2399677443300408;-2.331654701367978;-1.5174797214083948;-2.520814423983347;-0.4943525490553087;0.2121010094051557;-0.4303917461617935;-3.8827037599115646;-2.2692046966918777;-1.537775585608535;-2.1281921648701703;-0.4688016815309918;-0.7792059703314076;-4.447532520937188;-0.7997562391364795;0.3512909567534956;Enrolled
1;39;-1.7316968666316976;8014;0;-3.0781385481239893;-10.008686818287243;-0.4478770895114957;-1.1375591012023838;-1.5940928228489972;-2.2678343946151074;-2.2931890513419546;-8.934563937389186;0;0;0;1;0;0;-2.856827917081198;0;-0.4236151106854453;-3.2399677443300408;-2.3985908068055526;-1.7500655151197644;-2.3891528447742645;-0.4943525490553087;-2.606384111277156;-0.4303917461617935;-3.8827037599115646;-2.501580839152634;-2.143170048523941;-2.6219417161414573;-0.4688016815309918;-6.981246593168445;-4.180900414630234;0.3988839473284681;-0.3215918228134705;Enrolled
1;1;-0.5943675301733173;9500;1;-3.0781385481239893;-10.120206493874369;-0.4478770895114957;-2.8519141796797496;-3.701197167947771;-2.2678343946151074;-2.6321991933546456;-8.887675710500996;1;0;0;1;0;0;-3.1085926621448308;0;-0.4236151106854453;-2.774005534938992;-2.1308463850552557;-2.098944205686818;-2.367747220255877;13.400670669248989;-7.18642243238591;-0.4303917461617935;-3.212215875019657;-2.191745982538292;-2.02209115594086;-2.0499454139483646;11.213782592959218;-6.050940499742889;-4.643998283479154;-1.94628163488556;-0.5993515748440206;Enrolled
2;39;-1.7316968666316976;9991;0;-3.0781385481239893;-10.272812365730427;-0.4478770895114957;-1.1375591012023838;-1.5940928228489972;-1.3495296801241716;-2.971209335367337;-8.887182150217964;0;0;0;1;0;0;-2.856827917081198;0;-0.4236151106854453;-3.472948849025565;-2.1977824904928296;-1.7500655151197644;-2.5038258332656245;-0.4943525490553087;-1.4789900630042303;-0.4303917461617935;-4.217947702357519;-2.191745982538292;-1.658854478191616;-2.1721275062968526;1.2001389291104665;-1.027287595244889;-4.896597121033111;-0.1743787505460719;0.0735312047229456;Enrolled
2;39;-1.1630321984025074;9556;1;-3.0781385481239893;-10.137227918042926;5.386005009793676;-2.8519141796797496;-5.808301513046543;-1.3495296801241716;-3.310219477380027;-8.760337157478338;1;0;0;1;0;0;-2.9575338151066517;1;-0.4236151106854453;-3.0069866396345164;-2.1977824904928296;-1.4011868245527102;-2.431017586531635;-0.4943525490553087;0.2121010094051557;-0.4303917461617935;-3.212215875019657;-2.346663410845464;-1.1745389078592914;-2.107270573714608;-0.4688016815309918;0.4612021542359994;-4.223000220889228;-1.268789355579285;0.3610712297123178;Enrolled
2;39;-1.1630321984025074;9670;1;-3.0781385481239893;-10.33150693182891;-0.4478770895114957;-1.1375591012023838;-1.5940928228489972;-1.3495296801241716;-1.615168767316573;-9.02093698692006;0;0;0;1;0;0;-2.8400436007436225;0;-0.4236151106854453;-3.472948849025565;-2.264718595930404;-1.6337726182640795;-2.483439524200494;-0.4943525490553087;0.2121010094051557;-0.4303917461617935;-4.217947702357519;-2.424122124999049;-1.7799333707746974;-2.1058758011103804;-0.4688016815309918;-2.515777344725778;-4.643998283479154;-1.94628163488556;-0.5993515748440206;Enrolled
1;17;-0.0257028619441269;9500;1;-3.0781385481239893;-10.10846758065467;-0.4478770895114957;-4.566269258157115;-3.701197167947771;-2.880037537609065;-3.310219477380027;-8.858062093518983;1;0;0;1;0;0;-3.1253769784824064;0;-0.4236151106854453;-2.774005534938992;-2.264718595930404;-2.215237102542503;-3.0644493325567166;9.43066403544776;-8.243354352641777;-0.4303917461617935;-3.212215875019657;-2.346663410845464;-2.143170048523941;-2.6219417161414573;7.8759013716763;-6.981246593168445;-4.643998283479154;-1.94628163488556;-0.5993515748440206;Enrolled
1;5;-1.7316968666316976;9085;1;-3.0781385481239893;-10.038034101336487;-0.4478770895114957;-2.8519141796797496;-3.701197167947771;-2.2678343946151074;-2.6321991933546456;-8.826474235404834;0;0;0;1;0;0;-3.1253769784824064;0;-0.4236151106854453;-3.472948849025565;-2.1977824904928296;-1.866358411975449;-2.452860060602798;1.4906507678453047;-3.170081135413618;-0.4303917461617935;-4.217947702357519;-2.501580839152634;-1.658854478191616;-2.077980346096819;-0.4688016815309918;-1.027287595244889;-4.896597121033111;-0.1743787505460719;0.0735312047229456;Enrolled
1;43;-1.1630321984025074;9853;1;-3.0781385481239893;-10.22585671285164;-0.4478770895114957;-1.1375591012023838;-3.701197167947771;-1.9617328231181288;-2.6321991933546456;-8.971580958616702;1;0;0;1;0;0;-3.091808345807256;0;-0.4236151106854453;-3.2399677443300408;-2.1308463850552557;-1.7500655151197644;-2.440118617437091;-0.4943525490553087;-2.606384111277156;-0.4303917461617935;-3.8827037599115646;-2.346663410845464;-1.658854478191616;-2.1407451195635083;-0.4688016815309918;-2.019614094898816;-4.447532520937188;-0.7997562391364795;0.3512909567534956;Enrolled
1;1;-1.1630321984025074;9254;1;-3.0781385481239893;-10.114337037264518;-0.4478770895114957;-1.1375591012023838;-1.5940928228489972;-1.3495296801241716;-1.954178909329264;-8.897053355878635;1;0;0;1;0;0;-3.1253769784824064;0;-0.4236151106854453;-3.2399677443300408;-2.1308463850552557;-1.7500655151197644;-2.4656015037685046;-0.4943525490553087;-2.606384111277156;-0.4303917461617935;-3.8827037599115646;-2.2692046966918777;-1.537775585608535;-2.153298074256846;-0.4688016815309918;-0.7792059703314076;-4.896597121033111;-0.1743787505460719;0.0735312047229456;Enrolled
1;17;-1.7316968666316976;9147;1;-3.0781385481239893;-10.21411779963194;-0.4478770895114957;-4.566269258157115;-5.808301513046543;-2.880037537609065;-3.310219477380027;-8.96170975295603;0;0;0;1;0;0;-3.091808345807256;0;-0.4236151106854453;-3.472948849025565;-2.1308463850552557;-1.7500655151197644;-2.5038258332656245;-0.4943525490553087;-1.4789900630042303;-0.4303917461617935;-4.217947702357519;-2.424122124999049;-1.658854478191616;-2.1407451195635083;-0.4688016815309918;-1.027287595244889;-3.787968889546303;-0.0701491691143375;-0.7832207064698774;Enrolled
1;39;-1.7316968666316976;9500;1;-3.0781385481239893;-10.049773014556184;-0.4478770895114957;-4.566269258157115;-1.5940928228489972;-2.880037537609065;-2.2931890513419546;-8.872868902009989;0;0;0;1;0;0;-3.024671080456953;0;-0.4236151106854453;-2.774005534938992;-1.9969741741801064;-1.4011868245527102;-2.4164559374906323;-0.4943525490553087;-0.8448309108507108;-0.4303917461617935;-3.212215875019657;-2.0368285542311204;-1.2956178004423726;-2.089935541222183;-0.4688016815309918;-0.4691039391895559;-4.180900414630234;0.3988839473284681;-0.3215918228134705;Enrolled
1;17;0.5429618062850633;9147;1;-3.0781385481239893;-10.173031603363002;-0.4478770895114957;-2.8519141796797496;-1.5940928228489972;-2.2678343946151074;-2.2931890513419546;-8.899521157293801;1;0;0;1;0;1;-3.1085926621448308;0;-0.4236151106854453;-3.472948849025565;-1.9969741741801064;-1.982651308831134;-2.5547916059284512;-0.4943525490553087;-4.861172207823003;-0.4303917461617935;-4.217947702357519;-2.1142872683847065;-1.658854478191616;-2.1302843239857268;-0.4688016815309918;-1.027287595244889;-4.405432714678196;-1.2166745648634176;0.4060604853228998;Enrolled
1;1;-0.0257028619441269;9773;1;-3.0781385481239893;-10.114337037264518;-0.4478770895114957;-4.566269258157115;-1.5940928228489972;-2.880037537609065;-2.971209335367337;-8.824499994272701;1;1;0;1;0;0;-3.1253769784824064;0;-0.4236151106854453;-3.2399677443300408;-2.1308463850552557;-1.5174797214083948;-2.4237367620111336;-0.4943525490553087;0.2121010094051557;-0.4303917461617935;-3.8827037599115646;-2.1142872683847065;-1.416696693025454;-2.095913138575649;-0.4688016815309918;0.4612021542359994;-4.447532520937188;-0.7997562391364795;0.3512909567534956;Enrolled
1;17;0.5429618062850633;9500;1;-3.0781385481239893;-10.155423233533456;-0.4478770895114957;-1.1375591012023838;-3.701197167947771;-1.3495296801241716;-2.6321991933546456;-8.878791625406393;1;0;0;1;0;0;-3.1253769784824064;0;-0.4236151106854453;-3.0069866396345164;-2.264718595930404;-1.5174797214083948;-2.3820176366014687;-0.4943525490553087;-0.995821185172978;-0.4303917461617935;-3.212215875019657;-2.191745982538292;-1.2956178004423726;-2.088142261681398;-0.4688016815309918;-0.4691039391895559;-4.405432714678196;-1.2166745648634176;0.4060604853228998;Enrolled
1;1;-1.7316968666316976;9085;1;-3.0781385481239893;-10.061511927775882;-0.4478770895114957;-2.8519141796797496;-3.701197167947771;-1.3495296801241716;-1.954178909329264;-8.892611313331331;0;0;0;1;0;0;-3.1085926621448308;0;-0.4236151106854453;-3.472948849025565;-2.331654701367978;-1.866358411975449;-2.435871469885075;-0.4943525490553087;-3.170081135413618;-0.4303917461617935;-4.217947702357519;-2.424122124999049;-1.658854478191616;-2.193049097452416;-0.4688016815309918;-1.027287595244889;-4.896597121033111;-0.1743787505460719;0.0735312047229456;Enrolled
1;42;-1.7316968666316976;9147;1;-3.0781385481239893;-10.10259812404482;-0.4478770895114957;-4.566269258157115;-1.5940928228489972;-2.880037537609065;-2.2931890513419546;-8.96022907210693;1;0;0;1;0;0;-3.1085926621448308;0;-0.4236151106854453;-3.472948849025565;-2.264718595930404;-1.982651308831134;-2.478342946934211;-0.4943525490553087;-4.861172207823003;-0.4303917461617935;-4.217947702357519;-2.191745982538292;-1.7799333707746974;-2.1676443080725374;-0.4688016815309918;-2.515777344725778;-4.447532520937188;-0.7997562391364795;0.3512909567534956;Enrolled
1;1;-1.1630321984025074;9773;1;-3.0781385481239893;-10.155423233533456;-0.4478770895114957;-1.1375591012023838;-1.5940928228489972;-1.9617328231181288;-1.954178909329264;-8.836345441065506;0;0;0;1;0;0;-3.1085926621448308;0;-0.4236151106854453;-3.2399677443300408;-2.3985908068055526;-1.5174797214083948;-2.299962742614318;-0.4943525490553087;0.2121010094051557;-0.4303917461617935;-3.8827037599115646;-2.424122124999049;-1.416696693025454;-2.036137163785693;-0.4688016815309918;0.4612021542359994;-3.787968889546303;-0.0701491691143375;-0.7832207064698774;Enrolled
1;1;-0.5943675301733173;9500;1;-3.0781385481239893;-10.096728667434972;-0.4478770895114957;-4.566269258157115;-5.808301513046543;-1.9617328231181288;-3.310219477380027;-8.901001838142902;1;0;0;1;0;0;-3.1085926621448308;1;-0.4236151106854453;-3.0069866396345164;-2.1977824904928296;-1.6337726182640795;-2.436551013350693;-0.4943525490553087;-2.203743379751111;-0.4303917461617935;-3.5474598174656107;-2.2692046966918777;-1.537775585608535;-2.124007846639058;-0.4688016815309918;-1.6652117735938414;-4.223000220889228;-1.268789355579285;0.3610712297123178;Enrolled
1;1;-0.5943675301733173;9670;1;-3.0781385481239893;-10.208248343022094;-0.4478770895114957;-2.8519141796797496;-1.5940928228489972;-1.9617328231181288;-2.2931890513419546;-8.962203313239064;1;0;0;1;1;1;-3.091808345807256;0;-0.4236151106854453;-3.2399677443300408;-2.331654701367978;-1.5174797214083948;-2.4868372425479013;-0.4943525490553087;0.2121010094051557;-0.4303917461617935;-3.8827037599115646;-2.191745982538292;-1.658854478191616;-2.179599503197901;-0.4688016815309918;-2.019614094898816;-4.447532520937188;-0.7997562391364795;0.3512909567534956;Enrolled
1;39;-1.7316968666316976;9119;1;-3.0781385481239893;-10.155423233533456;-0.4478770895114957;-1.1375591012023838;-1.5940928228489972;-1.3495296801241716;-2.6321991933546456;-8.779092448233612;1;0;0;1;1;0;-2.8736122334187737;0;-0.4236151106854453;-3.472948849025565;-2.1308463850552557;-1.7500655151197644;-2.452860060602798;-0.4943525490553087;-1.4789900630042303;-0.4303917461617935;-4.217947702357519;-2.346663410845464;-1.7799333707746974;-2.050084891083258;1.2001389291104665;-2.515777344725778;-4.896597121033111;-0.1743787505460719;0.0735312047229456;Enrolled
1;1;-1.7316968666316976;9670;1;-3.0781385481239893;-10.143684320313758;-0.4478770895114957;-4.566269258157115;-5.808301513046543;-2.880037537609065;-2.971209335367337;-8.805744703517425;1;0;0;1;1;0;-3.091808345807256;0;-0.4236151106854453;-3.2399677443300408;-2.264718595930404;-1.6337726182640795;-2.4120874424725365;-0.4943525490553087;-1.1971415509359995;-0.4303917461617935;-3.8827037599115646;-2.191745982538292;-1.537775585608535;-2.136560801332396;-0.4688016815309918;-0.7792059703314076;-4.012501189594263;-1.6857076813062235;0.1654657705358741;Enrolled
1;43;-1.7316968666316976;9119;1;-3.0781385481239893;-10.155423233533456;-0.4478770895114957;-2.8519141796797496;-3.701197167947771;-1.3495296801241716;-3.310219477380027;-8.88274010767066;0;0;1;0;1;0;-2.974318131444227;0;-0.4236151106854453;-3.472948849025565;-2.465526912243127;-2.215237102542503;-3.0644493325567166;-0.4943525490553087;-8.243354352641777;-0.4303917461617935;-4.217947702357519;-2.424122124999049;-2.143170048523941;-2.6219417161414573;-0.4688016815309918;-6.981246593168445;-4.012501189594263;-1.6857076813062235;0.1654657705358741;Enrolled
2;7;-1.7316968666316976;9147;1;-10.007425243204253;-10.272812365730427;-0.4478770895114957;-1.1375591012023838;-3.701197167947771;-1.3495296801241716;-1.615168767316573;-8.971580958616702;0;0;0;1;0;0;-2.8736122334187737;0;0.5185993340664212;-2.774005534938992;-2.1308463850552557;-1.5174797214083948;-2.410388583553661;-0.4943525490553087;-1.9017628311065773;0.1539523643188277;-4.217947702357519;-2.346663410845464;-1.658854478191616;-2.119823528407945;-0.4688016815309918;-1.027287595244889;-4.405432714678196;-1.2166745648634176;0.4060604853228998;Enrolled
1;17;-1.7316968666316976;9853;1;-3.0781385481239893;-10.167162146753151;-0.4478770895114957;-1.1375591012023838;-1.5940928228489972;-1.3495296801241716;-1.954178909329264;-8.880765866538527;1;0;0;1;0;1;-3.091808345807256;0;-0.4236151106854453;-3.2399677443300408;-2.1308463850552557;-1.6337726182640795;-2.391701133407406;-0.4943525490553087;-1.1971415509359995;-0.4303917461617935;-3.8827037599115646;-2.0368285542311204;-1.537775585608535;-2.0849542099548173;-0.4688016815309918;-0.7792059703314076;-4.643998283479154;-1.94628163488556;-0.5993515748440206;Enrolled
1;1;-1.7316968666316976;9238;1;-3.0781385481239893;-10.10846758065467;-0.4478770895114957;-1.1375591012023838;-1.5940928228489972;-1.3495296801241716;-1.615168767316573;-8.843748845311008;1;0;0;1;0;0;-3.1085926621448308;0;-0.4236151106854453;-3.2399677443300408;-2.0639102796176805;-1.6337726182640795;-2.4732463696679283;-0.4943525490553087;-1.1971415509359995;-0.4303917461617935;-3.8827037599115646;-2.1142872683847065;-1.416696693025454;-2.13377125570551;-0.4688016815309918;0.4612021542359994;-4.896597121033111;-0.1743787505460719;0.0735312047229456;Enrolled
1;1;0.5429618062850633;9773;1;-3.0781385481239893;-10.173031603363002;-0.4478770895114957;-1.1375591012023838;-3.701197167947771;-2.2678343946151074;-2.2931890513419546;-8.916795767199977;1;0;0;1;0;0;-3.1253769784824064;0;-0.4236151106854453;-3.2399677443300408;-2.3985908068055526;-1.5174797214083948;-2.393399992326281;-0.4943525490553087;0.2121010094051557;-0.4303917461617935;-3.8827037599115646;-2.501580839152634;-1.416696693025454;-2.098901937252382;-0.4688016815309918;0.4612021542359994;-3.787968889546303;-0.0701491691143375;-0.7832207064698774;Enrolled
1;1;-1.7316968666316976;9670;1;-3.0781385481239893;-10.079120297605428;-0.4478770895114957;-4.566269258157115;-1.5940928228489972;-2.880037537609065;-1.615168767316573;-8.803276902102256;1;0;0;1;0;0;-3.1085926621448308;0;-0.4236151106854453;-3.2399677443300408;-2.331654701367978;-1.6337726182640795;-2.422280597005102;-0.4943525490553087;-1.1971415509359995;-0.4303917461617935;-3.8827037599115646;-2.191745982538292;-1.537775585608535;-2.104132335041273;-0.4688016815309918;-0.7792059703314076;-4.447532520937188;-0.7997562391364795;0.3512909567534956;Enrolled
1;1;-1.7316968666316976;9085;1;-3.0781385481239893;-10.137227918042926;-0.4478770895114957;-1.1375591012023838;-1.5940928228489972;-2.880037537609065;-3.310219477380027;-8.946902944465023;1;0;0;1;0;0;-3.07502402946968;0;-0.4236151106854453;-3.472948849025565;-2.264718595930404;-1.866358411975449;-2.4868372425479013;1.4906507678453047;-3.170081135413618;-0.4303917461617935;-4.217947702357519;-2.346663410845464;-1.7799333707746974;-2.0640326187992546;-0.4688016815309918;-2.515777344725778;-4.180900414630234;0.3988839473284681;-0.3215918228134705;Enrolled
1;17;0.5429618062850633;9670;1;-3.0781385481239893;-10.1847705165827;-0.4478770895114957;-1.1375591012023838;-1.5940928228489972;-1.65563125162115;-1.954178909329264;-8.930121894841882;1;0;0;1;0;1;-3.1085926621448308;0;-0.4236151106854453;-3.472948849025565;-2.264718595930404;-1.866358411975449;-2.5293087195970374;-0.4943525490553087;-3.170081135413618;-0.4303917461617935;-4.217947702357519;-2.501580839152634;-1.658854478191616;-2.1302843239857268;1.2001389291104665;-1.027287595244889;-4.896597121033111;-0.1743787505460719;0.0735312047229456;Enrolled
1;17;-1.7316968666316976;9238;1;-3.0781385481239893;-10.17890105997285;-0.4478770895114957;-1.1375591012023838;-1.5940928228489972;-1.3495296801241716;-1.954178909329264;-8.937525299087387;1;0;0;1;0;0;-3.07502402946968;0;-0.4236151106854453;-3.2399677443300408;-2.0639102796176805;-1.5174797214083948;-2.535679441179891;-0.4943525490553087;0.2121010094051557;-0.4303917461617935;-3.8827037599115646;-2.0368285542311204;-1.7799333707746974;-2.13377125570551;-0.4688016815309918;-3.2600222194662227;-4.180900414630234;0.3988839473284681;-0.3215918228134705;Enrolled
1;1;1.1116264745142534;9500;1;-3.0781385481239893;-10.202378886412244;-0.4478770895114957;-2.8519141796797496;-3.701197167947771;-2.2678343946151074;-2.6321991933546456;-8.92419917144548;1;0;0;1;0;0;-3.07502402946968;0;-0.4236151106854453;-3.0069866396345164;-2.264718595930404;-1.5174797214083948;-2.3891528447742645;-0.4943525490553087;-0.995821185172978;-0.4303917461617935;-3.212215875019657;-2.346663410845464;-1.1745389078592914;-2.042936680911251;-0.4688016815309918;0.4612021542359994;-4.012501189594263;-1.6857076813062235;0.1654657705358741;Enrolled
1;17;-1.7316968666316976;9500;1;-3.0781385481239893;-10.090859210825124;-0.4478770895114957;-4.566269258157115;-1.5940928228489972;-2.880037537609065;-1.2761586253038824;-8.846216646726177;1;0;0;1;0;0;-3.1253769784824064;0;-0.4236151106854453;-3.0069866396345164;-2.1977824904928296;-1.4011868245527102;-2.427058638192242;-0.4943525490553087;0.2121010094051557;-0.4303917461617935;-3.212215875019657;-1.8044524117703635;-1.537775585608535;-2.069611709634594;-0.4688016815309918;-2.329716126040667;-4.012501189594263;-1.6857076813062235;0.1654657705358741;Enrolled
1;1;-1.7316968666316976;9853;1;-3.0781385481239893;-10.161292690143304;-0.4478770895114957;-1.1375591012023838;-1.5940928228489972;-2.880037537609065;-1.954178909329264;-8.888169270784031;1;0;0;1;0;1;-3.1085926621448308;0;-0.4236151106854453;-3.2399677443300408;-2.1977824904928296;-1.6337726182640795;-2.442666906070232;-0.4943525490553087;-1.1971415509359995;-0.4303917461617935;-3.8827037599115646;-2.191745982538292;-1.658854478191616;-2.1407451195635083;-0.4688016815309918;-2.019614094898816;-4.896597121033111;-0.1743787505460719;0.0735312047229456;Enrolled
1;1;0.5429618062850633;9500;1;-3.0781385481239893;-10.32563747521906;-0.4478770895114957;-2.8519141796797496;-3.701197167947771;-2.573935966112086;-2.6321991933546456;-9.009091540127253;0;0;0;1;0;0;-3.091808345807256;0;-0.4236151106854453;-3.0069866396345164;-2.1977824904928296;-1.6337726182640795;-2.4508214296962847;-0.4943525490553087;-2.203743379751111;-0.4303917461617935;-3.5474598174656107;-2.2692046966918777;-1.416696693025454;-2.12938768442455;-0.4688016815309918;-0.6020048096789214;-4.223000220889228;-1.268789355579285;0.3610712297123178;Enrolled
1;17;-0.5943675301733173;9147;1;-3.0781385481239893;-10.1847705165827;-0.4478770895114957;-1.1375591012023838;-1.5940928228489972;-1.65563125162115;-1.954178909329264;-8.894091994180434;0;0;0;1;0;0;-3.091808345807256;0;-0.4236151106854453;-3.472948849025565;-2.331654701367978;-1.6337726182640795;-2.4953315376519343;-0.4943525490553087;0.2121010094051557;-0.4303917461617935;-4.217947702357519;-2.2692046966918777;-1.658854478191616;-2.1721275062968526;-0.4688016815309918;-1.027287595244889;-3.787968889546303;-0.0701491691143375;-0.7832207064698774;Enrolled
1;1;-1.7316968666316976;9130;1;-3.0781385481239893;-10.231726169461488;-0.4478770895114957;-2.8519141796797496;-3.701197167947771;-1.3495296801241716;-1.615168767316573;-8.975035880597938;1;0;0;1;0;0;-3.091808345807256;0;-0.4236151106854453;-3.472948849025565;-2.1308463850552557;-1.7500655151197644;-2.4273771742713843;-0.4943525490553087;-1.4789900630042303;-0.4303917461617935;-4.217947702357519;-2.0368285542311204;-1.9010122633577784;-2.077980346096819;-0.4688016815309918;-4.004267094206667;-4.180900414630234;0.3988839473284681;-0.3215918228134705;Enrolled
1;1;0.5429618062850633;9500;1;-3.0781385481239893;-10.1847705165827;-0.4478770895114957;-2.8519141796797496;-3.701197167947771;-2.573935966112086;-1.954178909329264;-8.943941582766824;1;0;0;1;0;0;-3.1253769784824064;0;-0.4236151106854453;-3.0069866396345164;-2.1977824904928296;-1.5174797214083948;-2.4435163357844987;-0.4943525490553087;-0.995821185172978;-0.4303917461617935;-3.5474598174656107;-2.2692046966918777;-1.416696693025454;-2.1288895513815;-0.4688016815309918;-0.6020048096789214;-3.68973600827532;-1.3730189370110195;-0.1690195646558445;Enrolled
1;1;-1.1630321984025074;9147;1;-3.0781385481239893;-10.155423233533456;-0.4478770895114957;-1.1375591012023838;-1.5940928228489972;-1.3495296801241716;-1.615168767316573;-8.933083256540083;0;0;0;1;0;0;-3.1253769784824064;0;-0.4236151106854453;-3.472948849025565;-2.264718595930404;-1.982651308831134;-2.5547916059284512;-0.4943525490553087;-4.861172207823003;-0.4303917461617935;-4.217947702357519;-2.2692046966918777;-1.7799333707746974;-2.1477189834215062;-0.4688016815309918;-2.515777344725778;-4.896597121033111;-0.1743787505460719;0.0735312047229456;Enrolled
1;17;-1.7316968666316976;9254;1;-3.0781385481239893;-10.208248343022094;-0.4478770895114957;-2.8519141796797496;-3.701197167947771;-2.2678343946151074;-2.6321991933546456;-8.906924561539306;1;0;0;1;1;0;-3.07502402946968;0;-0.4236151106854453;-3.2399677443300408;-2.0639102796176805;-1.5174797214083948;-2.4953315376519343;-0.4943525490553087;0.2121010094051557;-0.4303917461617935;-3.8827037599115646;-1.8819111259239487;-1.7799333707746974;-2.008241708772132;-0.4688016815309918;-3.2600222194662227;-4.896597121033111;-0.1743787505460719;0.0735312047229456;Enrolled
1;43;-1.7316968666316976;9070;1;-3.0781385481239893;-10.126075950484216;-0.4478770895114957;-1.1375591012023838;-1.5940928228489972;-1.3495296801241716;-1.615168767316573;-8.908405242388406;1;0;0;1;1;1;-3.091808345807256;0;-0.4236151106854453;-3.2399677443300408;-2.264718595930404;-1.866358411975449;-2.5038258332656245;-0.4943525490553087;-4.01562667161831;-0.4303917461617935;-3.8827037599115646;-2.346663410845464;-1.9010122633577784;-2.1477189834215062;-0.4688016815309918;-4.50043034403363;-4.447532520937188;-0.7997562391364795;0.3512909567534956;Enrolled
1;17;0.5429618062850633;9238;1;-3.0781385481239893;-10.149553776923607;-0.4478770895114957;-1.1375591012023838;-1.5940928228489972;-1.9617328231181288;-1.954178909329264;-8.921237809747279;1;0;0;1;0;1;-3.1085926621448308;0;-0.4236151106854453;-3.2399677443300408;-2.1977824904928296;-1.6337726182640795;-2.4868372425479013;-0.4943525490553087;-1.1971415509359995;-0.4303917461617935;-3.8827037599115646;-2.501580839152634;-1.416696693025454;-2.16864057457707;-0.4688016815309918;0.4612021542359994;-4.012501189594263;-1.6857076813062235;0.1654657705358741;Enrolled
1;43;-1.7316968666316976;9500;1;-3.0781385481239893;-10.096728667434972;-0.4478770895114957;-1.1375591012023838;-1.5940928228489972;-1.3495296801241716;-1.954178909329264;-8.894091994180434;1;0;0;1;1;1;-3.1085926621448308;0;-0.4236151106854453;-3.0069866396345164;-2.264718595930404;-1.6337726182640795;-2.493632678733059;-0.4943525490553087;-2.203743379751111;-0.4303917461617935;-3.5474598174656107;-2.346663410845464;-1.537775585608535;-2.153298074256846;-0.4688016815309918;-1.6652117735938414;-4.896597121033111;-0.1743787505460719;0.0735312047229456;Enrolled
1;39;-1.7316968666316976;9119;1;-3.0781385481239893;-10.155423233533456;-0.4478770895114957;-1.1375591012023838;-5.808301513046543;-1.3495296801241716;-2.971209335367337;-8.83831968219764;1;0;0;1;1;0;-2.9575338151066517;0;-0.4236151106854453;-3.472948849025565;-2.0639102796176805;-1.7500655151197644;-2.5293087195970374;-0.4943525490553087;-1.4789900630042303;-0.4303917461617935;-4.217947702357519;-2.0368285542311204;-1.658854478191616;-2.1616667107190715;6.206960761034842;-1.027287595244889;-4.896597121033111;-0.1743787505460719;0.0735312047229456;Enrolled
1;1;-1.1630321984025074;9147;1;-3.0781385481239893;-10.202378886412244;-0.4478770895114957;-2.8519141796797496;-1.5940928228489972;-2.2678343946151074;-2.2931890513419546;-8.939993100502553;0;0;0;1;1;0;-3.07502402946968;0;-0.4236151106854453;-3.472948849025565;-2.1308463850552557;-1.866358411975449;-2.4910843900999176;-0.4943525490553087;-3.170081135413618;-0.4303917461617935;-4.217947702357519;-2.2692046966918777;-1.7799333707746974;-2.1616667107190715;-0.4688016815309918;-2.515777344725778;-3.787968889546303;-0.0701491691143375;-0.7832207064698774;Enrolled
1;51;-1.7316968666316976;9991;0;-3.0781385481239893;-10.21411779963194;-0.4478770895114957;-1.1375591012023838;-5.808301513046543;-1.9617328231181288;-2.971209335367337;-8.881752987104594;0;0;1;1;1;0;-3.024671080456953;0;0.1417135561656745;-2.3080433255479424;-1.7961658578673834;-1.4011868245527102;-2.5183874828162853;-0.4943525490553087;-2.3245355992089243;0.4461244195591382;-2.54172799012775;-2.1142872683847065;-1.05346001527621;-2.096577315826905;-0.4688016815309918;-0.2830427205044448;-4.223000220889228;-1.268789355579285;0.3610712297123178;Enrolled
1;42;-1.7316968666316976;9003;1;-3.0781385481239893;-10.096728667434972;-0.4478770895114957;-2.8519141796797496;-5.808301513046543;-2.2678343946151074;-3.310219477380027;-8.823512873706633;1;0;0;1;1;0;-3.041455396794529;0;-0.4236151106854453;-3.2399677443300408;-1.8631019633049577;-1.6337726182640795;-2.452860060602798;-0.4943525490553087;-1.1971415509359995;-0.4303917461617935;-3.8827037599115646;-2.0368285542311204;-1.537775585608535;-2.113845931054479;-0.4688016815309918;-0.7792059703314076;-3.787968889546303;-0.0701491691143375;-0.7832207064698774;Enrolled
1;1;-1.7316968666316976;9773;1;-3.0781385481239893;-10.173031603363002;-0.4478770895114957;-4.566269258157115;-5.808301513046543;-2.2678343946151074;-2.6321991933546456;-8.908405242388406;1;0;0;1;1;0;-3.091808345807256;0;-0.4236151106854453;-3.2399677443300408;-2.331654701367978;-1.5174797214083948;-2.4443657649891075;-0.4943525490553087;0.2121010094051557;-0.4303917461617935;-3.8827037599115646;-2.2692046966918777;-1.7799333707746974;-2.119823528407945;-0.4688016815309918;-3.2600222194662227;-4.223000220889228;-1.268789355579285;0.3610712297123178;Enrolled
1;43;-1.7316968666316976;8014;0;-3.0781385481239893;-10.049773014556184;-0.4478770895114957;-1.1375591012023838;-1.5940928228489972;-1.3495296801241716;-1.615168767316573;-8.849671568707413;0;0;0;1;0;0;-3.041455396794529;0;1.2723708898679147;-1.6091000114613692;-1.7961658578673834;-1.1686010308413406;-2.5038258332656245;-0.4943525490553087;-2.389577563532362;0.7382964747994489;-2.206484047681796;-2.0368285542311204;-1.2956178004423726;-2.137756320886776;-0.4688016815309918;-2.245142844820162;-3.787968889546303;-0.0701491691143375;-0.7832207064698774;Enrolled
1;44;-1.7316968666316976;9085;1;-6.54278189566412;-10.038034101336487;-0.4478770895114957;-1.1375591012023838;-1.5940928228489972;-1.65563125162115;-1.954178909329264;-8.774156845403278;1;0;0;1;0;0;-3.041455396794529;0;-0.4236151106854453;-3.2399677443300408;-2.0639102796176805;-1.7500655151197644;-2.478342946934211;-0.4943525490553087;-2.606384111277156;-0.4303917461617935;-3.8827037599115646;-2.0368285542311204;-1.658854478191616;-2.11145489194572;-0.4688016815309918;-2.019614094898816;-4.714164627244141;-0.7997562391364795;0.6975126194958008;Enrolled
2;39;-1.7316968666316976;9147;1;-3.0781385481239893;-10.155423233533456;-0.4478770895114957;-1.1375591012023838;-1.5940928228489972;-1.3495296801241716;-1.615168767316573;-8.811173866630794;0;0;0;1;0;0;-2.7729063353933205;0;-0.4236151106854453;-3.472948849025565;-2.264718595930404;-1.7500655151197644;-2.4910843900999176;-0.4943525490553087;-1.4789900630042303;-0.4303917461617935;-4.217947702357519;-2.346663410845464;-1.658854478191616;-2.1407451195635083;-0.4688016815309918;-1.027287595244889;-4.405432714678196;-1.2166745648634176;0.4060604853228998;Enrolled
1;1;-1.7316968666316976;9670;1;-3.0781385481239893;-10.255203995900882;-0.4478770895114957;-1.1375591012023838;-1.5940928228489972;-1.3495296801241716;-1.615168767316573;-8.970593838050634;1;0;0;1;0;0;-3.0582397131321044;0;-0.4236151106854453;-3.472948849025565;-2.331654701367978;-1.866358411975449;-2.418882878657694;-0.4943525490553087;-3.170081135413618;-0.4303917461617935;-4.217947702357519;-2.501580839152634;-1.658854478191616;-2.119823528407945;-0.4688016815309918;-1.027287595244889;-4.896597121033111;-0.1743787505460719;0.0735312047229456;Enrolled
4;39;-1.7316968666316976;9991;0;-3.0781385481239893;-10.137227918042926;-0.4478770895114957;-1.1375591012023838;-1.5940928228489972;-1.3495296801241716;-1.615168767316573;-8.870894660877855;0;0;0;1;0;0;-2.9239651824315;0;-0.4236151106854453;-3.472948849025565;-2.1308463850552557;-1.866358411975449;-2.520814423983347;-0.4943525490553087;-3.170081135413618;-0.4303917461617935;-4.217947702357519;-2.346663410845464;-1.537775585608535;-2.186772620105747;-0.4688016815309918;0.4612021542359994;-4.180900414630234;0.3988839473284681;-0.3215918228134705;Enrolled
2;39;-1.7316968666316976;9991;0;-6.54278189566412;-10.096728667434972;-0.4478770895114957;-1.1375591012023838;-1.5940928228489972;-1.3495296801241716;-2.2931890513419546;-8.971580958616702;0;0;0;1;0;1;-2.8400436007436225;0;-0.4236151106854453;-3.472948849025565;-2.1977824904928296;-1.866358411975449;-2.4698486513205204;-0.4943525490553087;-3.170081135413618;-0.4303917461617935;-4.217947702357519;-2.424122124999049;-1.537775585608535;-2.1281921648701703;-0.4688016815309918;0.4612021542359994;-4.180900414630234;0.3988839473284681;-0.3215918228134705;Enrolled
1;43;-1.7316968666316976;9500;1;-3.0781385481239893;-10.21411779963194;-0.4478770895114957;-1.1375591012023838;-1.5940928228489972;-1.3495296801241716;-1.954178909329264;-8.922224930313346;1;0;0;1;0;0;-2.991102447781802;0;-0.4236151106854453;-3.0069866396345164;-2.264718595930404;-1.5174797214083948;-2.452860060602798;-0.4943525490553087;-0.995821185172978;-0.4303917461617935;-3.5474598174656107;-2.346663410845464;-1.416696693025454;-2.119823528407945;-0.4688016815309918;-0.6020048096789214;-4.896597121033111;-0.1743787505460719;0.0735312047229456;Enrolled
2;53;-1.7316968666316976;9147;1;-6.54278189566412;-10.155423233533456;-0.4478770895114957;-1.1375591012023838;-1.5940928228489972;-1.9617328231181288;-2.2931890513419546;-8.861023455217184;0;0;0;1;0;0;-2.9239651824315;0;0.7070422230167946;-2.075062220852418;-1.4614853306795117;-1.1686010308413406;-2.441534333457649;-0.4943525490553087;-1.3252545109670133;0.4461244195591382;-2.8769719325737038;-1.726993697616778;-1.05346001527621;-2.136560801332396;-0.4688016815309918;0.4612021542359994;-4.714164627244141;-0.7997562391364795;0.6975126194958008;Enrolled
2;39;-1.7316968666316976;9991;0;-3.0781385481239893;-9.967600622018306;-0.4478770895114957;-1.1375591012023838;-1.5940928228489972;-1.3495296801241716;-1.954178909329264;-8.862997696349318;0;0;1;1;1;0;-3.0078867641193776;0;-0.4236151106854453;-3.472948849025565;-2.264718595930404;-1.7500655151197644;-2.5038258332656245;-0.4943525490553087;-1.4789900630042303;-0.4303917461617935;-4.217947702357519;-2.424122124999049;-1.658854478191616;-2.119823528407945;-0.4688016815309918;-1.027287595244889;-4.896597121033111;-0.1743787505460719;0.0735312047229456;Enrolled
1;17;-0.5943675301733173;9500;1;-3.0781385481239893;-10.143684320313758;-0.4478770895114957;-1.1375591012023838;-5.808301513046543;-1.3495296801241716;-2.2931890513419546;-8.86892041974572;1;0;0;1;0;0;-3.1253769784824064;0;-0.4236151106854453;-2.774005534938992;-2.264718595930404;-1.4011868245527102;-2.367164754355396;-0.4943525490553087;-0.8448309108507108;-0.4303917461617935;-3.212215875019657;-2.346663410845464;-1.2956178004423726;-2.0494672062102994;-0.4688016815309918;-0.4691039391895559;-4.447532520937188;-0.7997562391364795;0.3512909567534956;Enrolled
1;43;-1.7316968666316976;9500;1;-3.0781385481239893;-10.137227918042926;-0.4478770895114957;-1.1375591012023838;-1.5940928228489972;-1.3495296801241716;-1.2761586253038824;-8.949370745880191;0;0;0;1;0;0;-3.041455396794529;0;-0.4236151106854453;-3.0069866396345164;-2.0639102796176805;-1.5174797214083948;-2.447763483336515;-0.4943525490553087;-0.995821185172978;-0.4303917461617935;-3.5474598174656107;-2.424122124999049;-1.416696693025454;-2.09402023250994;-0.4688016815309918;-0.6020048096789214;-3.68973600827532;-1.3730189370110195;-0.1690195646558445;Enrolled
1;17;-1.1630321984025074;9500;1;-3.0781385481239893;-10.17890105997285;-0.4478770895114957;-1.1375591012023838;-1.5940928228489972;-1.65563125162115;-1.954178909329264;-8.891624192765265;1;0;0;1;0;1;-3.1253769784824064;0;-0.4236151106854453;-3.0069866396345164;-2.1308463850552557;-1.6337726182640795;-2.4559180069625675;-0.4943525490553087;-2.203743379751111;-0.4303917461617935;-3.5474598174656107;-2.346663410845464;-1.416696693025454;-2.086348982559044;-0.4688016815309918;-0.6020048096789214;-4.405432714678196;-1.2166745648634176;0.4060604853228998;Enrolled
1;51;-1.7316968666316976;9070;1;-3.0781385481239893;-10.137227918042926;-0.4478770895114957;-1.1375591012023838;-1.5940928228489972;-2.573935966112086;-1.954178909329264;-8.988362008239843;0;0;1;1;0;0;-2.907180866093925;0;-0.0467293327846987;-3.2399677443300408;-2.264718595930404;-1.6337726182640795;-2.5038258332656245;-0.4943525490553087;-1.1971415509359995;0.7382964747994489;-3.8827037599115646;-2.0368285542311204;-1.416696693025454;-2.1965360291722;-0.4688016815309918;0.4612021542359994;-4.714164627244141;-0.7997562391364795;0.6975126194958008;Enrolled
1;1;-1.7316968666316976;9254;1;-3.0781385481239893;-10.21411779963194;-0.4478770895114957;-2.8519141796797496;-3.701197167947771;-1.3495296801241716;-1.2761586253038824;-8.930615455124917;0;0;0;1;1;0;-3.091808345807256;0;-0.4236151106854453;-3.2399677443300408;-2.264718595930404;-1.5174797214083948;-2.409175112460473;-0.4943525490553087;0.2121010094051557;-0.4303917461617935;-3.8827037599115646;-2.2692046966918777;-1.537775585608535;-2.1030862554834946;-0.4688016815309918;-0.7792059703314076;-4.714164627244141;-0.7997562391364795;0.6975126194958008;Enrolled
5;39;-1.7316968666316976;9119;1;-3.0781385481239893;-10.21411779963194;-0.4478770895114957;-1.1375591012023838;-1.5940928228489972;-1.3495296801241716;-1.615168767316573;-8.941967341634689;0;0;1;1;1;1;-2.856827917081198;0;-0.4236151106854453;-3.472948849025565;-1.8631019633049577;-2.098944205686818;-2.198031197288665;-0.4943525490553087;-6.55226328023239;-0.4303917461617935;-4.217947702357519;-2.191745982538292;-1.9010122633577784;-2.1616667107190715;-0.4688016815309918;-4.004267094206667;-4.643998283479154;-1.94628163488556;-0.5993515748440206;Enrolled
1;17;-1.7316968666316976;9147;1;-3.0781385481239893;-10.272812365730427;-0.4478770895114957;-2.8519141796797496;-3.701197167947771;-2.2678343946151074;-2.6321991933546456;-9.025872589750394;0;0;0;1;1;0;-3.07502402946968;0;-0.4236151106854453;-3.472948849025565;-2.465526912243127;-1.6337726182640795;-2.5038258332656245;-0.4943525490553087;0.2121010094051557;-0.4303917461617935;-4.217947702357519;-2.1142872683847065;-1.7799333707746974;-2.1437339182402413;-0.4688016815309918;-2.515777344725778;-4.447532520937188;-0.7997562391364795;0.3512909567534956;Enrolled
1;17;-0.0257028619441269;9773;1;-3.0781385481239893;-10.161292690143304;-0.4478770895114957;-4.566269258157115;-3.701197167947771;-2.880037537609065;-1.954178909329264;-8.86052989493415;1;0;0;1;1;0;-3.07502402946968;0;-0.4236151106854453;-3.2399677443300408;-2.331654701367978;-2.215237102542503;-3.0644493325567166;-0.4943525490553087;-8.243354352641777;-0.4303917461617935;-3.8827037599115646;-2.1142872683847065;-2.02209115594086;-2.2035098930301973;-0.4688016815309918;-5.740838468601037;-4.447532520937188;-0.7997562391364795;0.3512909567534956;Enrolled
1;17;-1.7316968666316976;9670;1;-3.0781385481239893;-10.096728667434972;-0.4478770895114957;-2.8519141796797496;-3.701197167947771;-2.2678343946151074;-2.971209335367337;-8.85608785238685;0;0;0;1;1;0;-3.024671080456953;0;-0.4236151106854453;-3.2399677443300408;-2.3985908068055526;-1.7500655151197644;-2.4910843900999176;-0.4943525490553087;-2.606384111277156;-0.4303917461617935;-3.8827037599115646;-2.2692046966918777;-1.658854478191616;-2.185577100551368;-0.4688016815309918;-2.019614094898816;-4.447532520937188;-0.7997562391364795;0.3512909567534956;Enrolled
1;17;-1.7316968666316976;9670;1;-3.0781385481239893;-10.10846758065467;-0.4478770895114957;-2.8519141796797496;-3.701197167947771;-2.2678343946151074;-1.954178909329264;-8.907418121822339;0;0;1;0;1;0;-3.091808345807256;0;-0.4236151106854453;-3.2399677443300408;-2.331654701367978;-1.6337726182640795;-2.432473751537667;-0.4943525490553087;-1.1971415509359995;-0.4303917461617935;-3.8827037599115646;-2.346663410845464;-1.658854478191616;-2.077980346096819;-0.4688016815309918;-2.019614094898816;-4.012501189594263;-1.6857076813062235;0.1654657705358741;Enrolled
1;1;-1.7316968666316976;9119;1;-3.0781385481239893;-9.979339535238;-0.4478770895114957;-1.1375591012023838;-1.5940928228489972;-1.3495296801241716;-1.954178909329264;-8.755895114931034;0;0;0;1;1;0;-3.1085926621448308;0;-0.4236151106854453;-3.472948849025565;-2.331654701367978;-2.098944205686818;-2.4018942879399714;-0.4943525490553087;-6.55226328023239;-0.4303917461617935;-4.217947702357519;-2.424122124999049;-1.9010122633577784;-2.2035098930301973;-0.4688016815309918;-4.004267094206667;-4.643998283479154;-1.94628163488556;-0.5993515748440206;Enrolled
1;1;-1.7316968666316976;8014;0;-3.0781385481239893;-10.196509429802395;-0.4478770895114957;-4.566269258157115;-3.701197167947771;-2.880037537609065;-1.615168767316573;-8.884714348802795;1;0;0;1;1;0;-2.991102447781802;0;-0.4236151106854453;-3.2399677443300408;-2.3985908068055526;-1.5174797214083948;-2.461354356216488;-0.4943525490553087;0.2121010094051557;-0.4303917461617935;-3.8827037599115646;-2.501580839152634;-1.416696693025454;-2.13377125570551;-0.4688016815309918;0.4612021542359994;-4.447532520937188;-0.7997562391364795;0.3512909567534956;Enrolled
1;44;-1.7316968666316976;9119;1;-6.54278189566412;-10.155423233533456;-0.4478770895114957;-4.566269258157115;-1.5940928228489972;-2.573935966112086;-2.6321991933546456;-8.872868902009989;0;0;0;1;1;0;-3.091808345807256;0;-0.4236151106854453;-3.472948849025565;-1.9969741741801064;-2.098944205686818;-2.4018942879399714;-0.4943525490553087;-6.55226328023239;-0.4303917461617935;-4.217947702357519;-2.346663410845464;-1.7799333707746974;-2.094717619021269;-0.4688016815309918;-2.515777344725778;-4.223000220889228;-1.268789355579285;0.3610712297123178;Enrolled
1;1;-1.7316968666316976;9147;1;-3.0781385481239893;-10.079120297605428;-0.4478770895114957;-2.8519141796797496;-1.5940928228489972;-1.3495296801241716;-1.615168767316573;-8.848190887858312;1;0;0;1;0;0;-3.07502402946968;0;-0.4236151106854453;-3.472948849025565;-2.264718595930404;-1.7500655151197644;-2.5038258332656245;-0.4943525490553087;-1.4789900630042303;-0.4303917461617935;-4.217947702357519;-2.346663410845464;-1.537775585608535;-2.119823528407945;-0.4688016815309918;0.4612021542359994;-4.896597121033111;-0.1743787505460719;0.0735312047229456;Enrolled
1;1;-1.7316968666316976;9991;0;-3.0781385481239893;-10.202378886412244;-0.4478770895114957;-1.1375591012023838;-1.5940928228489972;-1.3495296801241716;-2.971209335367337;-8.953812788427493;0;0;0;1;1;0;-2.991102447781802;0;-0.4236151106854453;-3.472948849025565;-2.0639102796176805;-1.982651308831134;-2.478342946934211;-0.4943525490553087;-4.861172207823003;-0.4303917461617935;-4.217947702357519;-2.191745982538292;-1.7799333707746974;-2.119823528407945;-0.4688016815309918;-2.515777344725778;-4.896597121033111;-0.1743787505460719;0.0735312047229456;Enrolled
1;1;1.1116264745142534;9500;1;-3.0781385481239893;-10.06738138438573;-0.4478770895114957;-1.1375591012023838;-1.5940928228489972;-1.3495296801241716;-1.615168767316573;-8.861517015500217;1;0;0;1;0;1;-3.1085926621448308;0;-0.4236151106854453;-2.774005534938992;-2.264718595930404;-1.4011868245527102;-2.347870568917375;-0.4943525490553087;-0.8448309108507108;-0.4303917461617935;-3.212215875019657;-2.346663410845464;-1.2956178004423726;-2.0336265728470253;-0.4688016815309918;-0.4691039391895559;-4.447532520937188;-0.7997562391364795;0.3512909567534956;Enrolled
2;1;-1.7316968666316976;9147;1;-3.0781385481239893;-10.114337037264518;-0.4478770895114957;-1.1375591012023838;-1.5940928228489972;-1.3495296801241716;-1.615168767316573;-8.900508277859869;0;0;0;1;0;0;-3.1085926621448308;0;-0.4236151106854453;-3.472948849025565;-2.3985908068055526;-1.7500655151197644;-2.4910843900999176;-0.4943525490553087;-1.4789900630042303;-0.4303917461617935;-4.217947702357519;-2.191745982538292;-1.7799333707746974;-2.131778723533309;-0.4688016815309918;-2.515777344725778;-4.447532520937188;-0.7997562391364795;0.3512909567534956;Enrolled
1;1;-1.7316968666316976;9085;1;-3.0781385481239893;-10.173031603363002;-0.4478770895114957;-1.1375591012023838;-1.5940928228489972;-1.3495296801241716;-1.615168767316573;-8.908405242388406;1;0;0;1;0;0;-3.1085926621448308;0;-0.4236151106854453;-3.472948849025565;-2.1308463850552557;-1.982651308831134;-2.3254456289457317;1.4906507678453047;-4.861172207823003;-0.4303917461617935;-4.217947702357519;-2.2692046966918777;-1.7799333707746974;-2.1477189834215062;-0.4688016815309918;-2.515777344725778;-4.180900414630234;0.3988839473284681;-0.3215918228134705;Enrolled
1;43;-1.7316968666316976;9238;1;-3.0781385481239893;-10.278681822340276;-0.4478770895114957;-1.1375591012023838;-1.5940928228489972;-1.9617328231181288;-2.2931890513419546;-8.979971483428272;0;0;0;1;0;1;-3.07502402946968;0;-0.4236151106854453;-3.2399677443300408;-1.7961658578673834;-1.982651308831134;-2.5293087195970374;-0.4943525490553087;-5.424869231959466;-0.4303917461617935;-3.8827037599115646;-2.346663410845464;-1.537775585608535;-2.1030862554834946;-0.4688016815309918;-0.7792059703314076;-4.447532520937188;-0.7997562391364795;0.3512909567534956;Enrolled
1;1;-1.1630321984025074;9147;1;-3.0781385481239893;-10.161292690143304;-0.4478770895114957;-1.1375591012023838;-1.5940928228489972;-2.573935966112086;-1.954178909329264;-8.927654093426716;1;0;0;1;0;0;-3.1085926621448308;0;-0.4236151106854453;-3.472948849025565;-2.264718595930404;-1.7500655151197644;-2.4120874424725365;-0.4943525490553087;-1.4789900630042303;-0.4303917461617935;-4.217947702357519;-2.191745982538292;-1.7799333707746974;-2.01521557263013;-0.4688016815309918;-2.515777344725778;-4.447532520937188;-0.7997562391364795;0.3512909567534956;Enrolled
1;43;-1.7316968666316976;9147;1;-3.0781385481239893;-10.149553776923607;-0.4478770895114957;-4.566269258157115;-1.5940928228489972;-2.880037537609065;-1.615168767316573;-8.892117753048298;0;0;0;1;0;0;-3.1253769784824064;0;-0.4236151106854453;-3.472948849025565;-2.465526912243127;-2.215237102542503;-3.0644493325567166;-0.4943525490553087;-8.243354352641777;-0.4303917461617935;-4.217947702357519;-2.2692046966918777;-1.658854478191616;-2.0675195505190374;2.8690795397519246;-1.027287595244889;-3.68973600827532;-1.3730189370110195;-0.1690195646558445;Enrolled
1;1;-1.7316968666316976;9670;1;-3.0781385481239893;-10.17890105997285;-0.4478770895114957;-1.1375591012023838;-1.5940928228489972;-1.65563125162115;-1.954178909329264;-8.894091994180434;0;0;0;1;0;0;-3.091808345807256;0;-0.4236151106854453;-3.2399677443300408;-2.1977824904928296;-1.5174797214083948;-2.3727709893483078;-0.4943525490553087;0.2121010094051557;-0.4303917461617935;-3.8827037599115646;-2.191745982538292;-1.537775585608535;-2.052874436710144;-0.4688016815309918;-0.7792059703314076;-3.787968889546303;-0.0701491691143375;-0.7832207064698774;Enrolled
2;43;-1.7316968666316976;9991;0;-3.0781385481239893;-10.131945407094063;-0.4478770895114957;-1.1375591012023838;-1.5940928228489972;-1.3495296801241716;-1.615168767316573;-8.95331922814446;0;0;0;1;0;0;-2.8903965497563493;0;-0.235172221735072;-3.472948849025565;-2.465526912243127;-1.6337726182640795;-2.5445984513958853;-0.4943525490553087;0.2121010094051557;-0.4303917461617935;-4.217947702357519;-2.2692046966918777;-1.658854478191616;-2.15120591514129;-0.4688016815309918;-1.027287595244889;-4.643998283479154;-1.94628163488556;-0.5993515748440206;Enrolled
1;16;-0.5943675301733173;9853;1;-3.0781385481239893;-10.131945407094063;-0.4478770895114957;-1.1375591012023838;-1.5940928228489972;-1.3495296801241716;-1.615168767316573;-8.916795767199977;1;0;0;1;0;0;-3.1085926621448308;0;-0.4236151106854453;-3.2399677443300408;-2.264718595930404;-1.6337726182640795;-2.442666906070232;-0.4943525490553087;-1.1971415509359995;-0.4303917461617935;-3.8827037599115646;-2.346663410845464;-1.537775585608535;-2.1281921648701703;-0.4688016815309918;-0.7792059703314076;-4.447532520937188;-0.7997562391364795;0.3512909567534956;Enrolled
1;5;-1.7316968666316976;9670;1;-3.0781385481239893;-10.126075950484216;-0.4478770895114957;-2.8519141796797496;-3.701197167947771;-2.2678343946151074;-2.6321991933546456;-8.822032192857533;1;0;0;1;0;0;-3.1085926621448308;0;-0.4236151106854453;-3.2399677443300408;-2.331654701367978;-1.5174797214083948;-2.3800518138688087;-0.4943525490553087;0.2121010094051557;-0.4303917461617935;-3.8827037599115646;-2.501580839152634;-1.658854478191616;-2.036137163785693;-0.4688016815309918;-2.019614094898816;-4.223000220889228;-1.268789355579285;0.3610712297123178;Enrolled
1;17;-1.7316968666316976;9147;1;-3.0781385481239893;-10.10259812404482;-0.4478770895114957;-1.1375591012023838;-1.5940928228489972;-1.65563125162115;-2.2931890513419546;-8.85608785238685;0;0;0;1;0;0;-3.1253769784824064;0;-0.4236151106854453;-3.472948849025565;-2.1977824904928296;-2.098944205686818;-2.5038258332656245;1.4906507678453047;-6.55226328023239;-0.4303917461617935;-4.217947702357519;-2.191745982538292;-2.143170048523941;-2.6219417161414573;-0.4688016815309918;-6.981246593168445;-4.643998283479154;-1.94628163488556;-0.5993515748440206;Enrolled
1;17;1.1116264745142534;9500;1;-3.0781385481239893;-10.120206493874369;-0.4478770895114957;-4.566269258157115;-1.5940928228489972;-2.880037537609065;-1.615168767316573;-8.894091994180434;1;0;0;1;0;0;-3.091808345807256;0;-0.4236151106854453;-3.0069866396345164;-2.264718595930404;-1.5174797214083948;-2.3739480560997404;-0.4943525490553087;-0.995821185172978;-0.4303917461617935;-3.212215875019657;-2.1142872683847065;-1.416696693025454;-2.00370869749457;-0.4688016815309918;-1.3994100326151115;-4.405432714678196;-1.2166745648634176;0.4060604853228998;Enrolled
1;1;-1.7316968666316976;9773;1;-3.0781385481239893;-10.079120297605428;-0.4478770895114957;-4.566269258157115;-5.808301513046543;-2.880037537609065;-2.2931890513419546;-8.799821980121022;0;0;0;1;0;0;-3.1085926621448308;0;-0.4236151106854453;-3.2399677443300408;-2.3985908068055526;-1.5174797214083948;-2.4443657649891075;-0.4943525490553087;0.2121010094051557;-0.4303917461617935;-3.8827037599115646;-2.501580839152634;-1.416696693025454;-2.098901937252382;-0.4688016815309918;0.4612021542359994;-3.68973600827532;-1.3730189370110195;-0.1690195646558445;Enrolled
1;18;-1.7316968666316976;9147;1;-3.0781385481239893;-10.33150693182891;-0.4478770895114957;-1.1375591012023838;-1.5940928228489972;-1.9617328231181288;-2.2931890513419546;-9.012052901825454;1;0;0;1;0;0;-3.024671080456953;0;-0.4236151106854453;-3.472948849025565;-2.465526912243127;-1.6337726182640795;-2.5140189877981896;-0.4943525490553087;0.2121010094051557;-0.4303917461617935;-4.217947702357519;-2.1142872683847065;-1.9010122633577784;-2.1616667107190715;-0.4688016815309918;-4.004267094206667;-4.447532520937188;-0.7997562391364795;0.3512909567534956;Enrolled
1;43;-1.7316968666316976;9991;0;-3.0781385481239893;-10.21411779963194;-0.4478770895114957;-1.1375591012023838;-1.5940928228489972;-1.3495296801241716;-1.954178909329264;-8.909885923237507;1;0;0;1;0;0;-2.940749498769076;0;1.0839280009175412;-1.6091000114613692;-1.7292297524298088;-1.2848939276970257;-2.5293087195970374;-0.4943525490553087;-3.039997206766741;1.906984695760691;-1.8712401052358416;-1.4946175551560208;-1.05346001527621;-2.1895621657326325;-0.4688016815309918;-1.3994100326151115;-4.643998283479154;-1.94628163488556;-0.5993515748440206;Enrolled
1;17;-1.7316968666316976;9556;1;-3.0781385481239893;-10.137814863703912;-0.4478770895114957;-2.8519141796797496;-1.5940928228489972;-2.2678343946151074;-1.615168767316573;-8.927160533143681;0;0;0;1;0;0;-3.1085926621448308;0;-0.4236151106854453;-3.0069866396345164;-2.1308463850552557;-1.5174797214083948;-2.4961809673662003;-0.4943525490553087;-0.995821185172978;-0.4303917461617935;-3.5474598174656107;-2.424122124999049;-1.2956178004423726;-2.08575122299107;-0.4688016815309918;0.4612021542359994;-4.180900414630234;0.3988839473284681;-0.3215918228134705;Enrolled
1;1;-1.7316968666316976;9670;1;-3.0781385481239893;-10.21411779963194;-0.4478770895114957;-1.1375591012023838;-1.5940928228489972;-2.2678343946151074;-1.954178909329264;-8.94640938418199;0;0;0;1;0;0;-3.1085926621448308;0;-0.4236151106854453;-3.2399677443300408;-2.264718595930404;-1.866358411975449;-2.4698486513205204;-0.4943525490553087;-4.01562667161831;-0.4303917461617935;-3.8827037599115646;-2.1142872683847065;-1.537775585608535;-2.051828357152365;-0.4688016815309918;-0.7792059703314076;-4.447532520937188;-0.7997562391364795;0.3512909567534956;Enrolled
1;39;-1.7316968666316976;9991;0;-3.0781385481239893;-10.155423233533456;-0.4478770895114957;-1.1375591012023838;-1.5940928228489972;-1.3495296801241716;-1.615168767316573;-8.76625988087474;0;0;0;1;0;0;-3.024671080456953;0;-0.4236151106854453;-3.472948849025565;-2.1977824904928296;-1.6337726182640795;-2.438298411052137;-0.4943525490553087;0.2121010094051557;-0.4303917461617935;-4.217947702357519;-2.346663410845464;-1.537775585608535;-2.1145931306190544;-0.4688016815309918;0.4612021542359994;-3.68973600827532;-1.3730189370110195;-0.1690195646558445;Enrolled
1;39;-1.7316968666316976;9500;1;-3.0781385481239893;-10.137227918042926;-0.4478770895114957;-1.1375591012023838;-1.5940928228489972;-1.9617328231181288;-1.954178909329264;-8.915315086350875;0;0;1;1;0;0;-2.9575338151066517;0;-0.4236151106854453;-3.0069866396345164;-1.9969741741801064;-1.7500655151197644;-2.382782123191411;-0.4943525490553087;-3.4116655743292443;-0.4303917461617935;-3.5474598174656107;-2.424122124999049;-1.537775585608535;-2.057058754941256;-0.4688016815309918;-1.6652117735938414;-4.012501189594263;-1.6857076813062235;0.1654657705358741;Enrolled
4;43;-1.7316968666316976;9500;1;-3.0781385481239893;-10.155423233533456;-0.4478770895114957;-1.1375591012023838;-1.5940928228489972;-1.3495296801241716;-1.615168767316573;-9.002675256447816;0;0;0;1;0;0;-2.7896906517308966;0;-0.235172221735072;-2.774005534938992;-1.9969741741801064;-1.6337726182640795;-2.395472600584455;1.4906507678453047;-2.958694751362444;-0.1382196909214829;-3.212215875019657;-2.0368285542311204;-1.537775585608535;-2.072708105125617;1.2001389291104665;-2.329716126040667;-4.447532520937188;-0.7997562391364795;0.3512909567534956;Enrolled
1;1;-1.7316968666316976;9853;1;-3.0781385481239893;-9.979339535238;-0.4478770895114957;-2.8519141796797496;-1.5940928228489972;-1.3495296801241716;-1.615168767316573;-8.79389925672462;1;0;0;1;0;0;-3.1085926621448308;0;-0.4236151106854453;-3.2399677443300408;-2.0639102796176805;-1.866358411975449;-2.537803015210728;-0.4943525490553087;-4.01562667161831;-0.4303917461617935;-3.8827037599115646;-2.191745982538292;-1.537775585608535;-2.1281921648701703;-0.4688016815309918;-0.7792059703314076;-4.643998283479154;-1.94628163488556;-0.5993515748440206;Enrolled
1;1;-1.7316968666316976;9147;1;-3.0781385481239893;-10.190639973192548;-0.4478770895114957;-1.1375591012023838;-1.5940928228489972;-2.573935966112086;-1.2761586253038824;-8.87977874597246;1;0;0;1;0;0;-3.091808345807256;0;-0.4236151106854453;-3.472948849025565;-2.465526912243127;-1.7500655151197644;-2.452860060602798;-0.4943525490553087;-1.4789900630042303;-0.4303917461617935;-4.553191644803472;-2.656498267459806;-1.9010122633577784;-2.1407451195635083;-0.4688016815309918;-3.2600222194662227;-4.896597121033111;-0.1743787505460719;0.0735312047229456;Enrolled
1;1;-1.7316968666316976;9991;0;-3.0781385481239893;-10.096728667434972;-0.4478770895114957;-1.1375591012023838;-1.5940928228489972;-1.3495296801241716;-1.615168767316573;-8.899521157293801;0;0;0;1;0;0;-2.940749498769076;0;-0.4236151106854453;-3.472948849025565;-2.0639102796176805;-1.6337726182640795;-2.483439524200494;-0.4943525490553087;0.2121010094051557;-0.4303917461617935;-4.217947702357519;-2.191745982538292;-1.658854478191616;-2.193049097452416;-0.4688016815309918;-1.027287595244889;-3.787968889546303;-0.0701491691143375;-0.7832207064698774;Enrolled
1;1;0.5429618062850633;9500;1;-3.0781385481239893;-10.126075950484216;-0.4478770895114957;-1.1375591012023838;-1.5940928228489972;-1.65563125162115;-1.954178909329264;-8.902482518992004;1;0;0;1;0;1;-3.1085926621448308;0;-0.4236151106854453;-2.774005534938992;-2.264718595930404;-1.4011868245527102;-2.413543607478569;1.4906507678453047;-0.8448309108507108;-0.4303917461617935;-3.212215875019657;-2.346663410845464;-1.2956178004423726;-2.087544502113424;1.2001389291104665;-0.4691039391895559;-4.643998283479154;-1.94628163488556;-0.5993515748440206;Enrolled
1;39;-1.7316968666316976;9238;1;-3.0781385481239893;-9.979339535238;-0.4478770895114957;-1.1375591012023838;-3.701197167947771;-1.3495296801241716;-2.971209335367337;-8.902482518992004;0;0;1;1;1;0;-2.9575338151066517;0;-0.0467293327846987;-2.774005534938992;-1.7961658578673834;-1.4011868245527102;-2.5038258332656245;-0.4943525490553087;-0.8448309108507108;-0.4303917461617935;-3.8827037599115646;-1.649534983463192;-2.02209115594086;-2.2035098930301973;-0.4688016815309918;-5.740838468601037;-4.447532520937188;-0.7997562391364795;0.3512909567534956;Enrolled
1;1;-1.7316968666316976;9147;1;-3.0781385481239893;-10.155423233533456;-0.4478770895114957;-1.1375591012023838;-1.5940928228489972;-1.3495296801241716;-1.954178909329264;-8.924692731728513;1;0;0;1;1;1;-3.1253769784824064;0;-0.4236151106854453;-3.472948849025565;-2.331654701367978;-1.7500655151197644;-2.4910843900999176;-0.4943525490553087;-1.4789900630042303;-0.4303917461617935;-4.217947702357519;-2.501580839152634;-1.658854478191616;-2.109362732830164;-0.4688016815309918;-1.027287595244889;-4.223000220889228;-1.268789355579285;0.3610712297123178;Enrolled
1;44;-1.7316968666316976;9130;1;-6.54278189566412;-10.096728667434972;-0.4478770895114957;-2.8519141796797496;-1.5940928228489972;-2.2678343946151074;-1.954178909329264;-8.823512873706633;0;0;0;1;1;0;-3.091808345807256;0;-0.0467293327846987;-3.2399677443300408;-1.9969741741801064;-1.6337726182640795;-2.432473751537667;-0.4943525490553087;-1.1971415509359995;-0.1382196909214829;-3.8827037599115646;-2.1142872683847065;-1.9010122633577784;-1.9942939814745675;-0.4688016815309918;-4.50043034403363;-4.012501189594263;-1.6857076813062235;0.1654657705358741;Enrolled
1;43;-1.7316968666316976;9773;1;-3.0781385481239893;-10.208248343022094;-0.4478770895114957;-2.8519141796797496;-3.701197167947771;-2.2678343946151074;-2.2931890513419546;-8.91728932748301;1;0;0;1;1;0;-3.041455396794529;0;-0.4236151106854453;-3.2399677443300408;-1.7961658578673834;-2.098944205686818;-2.4018942879399714;-0.4943525490553087;-6.834111792300622;-0.4303917461617935;-3.8827037599115646;-2.346663410845464;-1.658854478191616;-2.15120591514129;-0.4688016815309918;-2.019614094898816;-4.643998283479154;-1.94628163488556;-0.5993515748440206;Enrolled
1;43;-0.0257028619441269;9670;1;-3.0781385481239893;-10.231726169461488;-0.4478770895114957;-4.566269258157115;-5.808301513046543;-2.2678343946151074;-2.6321991933546456;-8.955787029559627;0;0;0;1;1;0;-3.07502402946968;0;-0.4236151106854453;-3.472948849025565;-2.0639102796176805;-1.982651308831134;-2.5547916059284512;-0.4943525490553087;-4.861172207823003;-0.4303917461617935;-4.217947702357519;-2.191745982538292;-1.7799333707746974;-2.1895621657326325;-0.4688016815309918;-2.515777344725778;-4.643998283479154;-1.94628163488556;-0.5993515748440206;Enrolled
2;39;-1.7316968666316976;9991;0;-3.0781385481239893;-10.038034101336487;-0.4478770895114957;-2.8519141796797496;-5.808301513046543;-2.2678343946151074;-3.310219477380027;-8.79389925672462;0;0;0;1;1;0;-2.856827917081198;0;-0.4236151106854453;-3.472948849025565;-2.465526912243127;-1.6337726182640795;-2.340735360744579;-0.4943525490553087;0.2121010094051557;-0.4303917461617935;-4.217947702357519;-2.5790395533062207;-1.537775585608535;-2.0110312543990174;-0.4688016815309918;0.4612021542359994;-4.180900414630234;0.3988839473284681;-0.3215918228134705;Enrolled
1;1;-1.7316968666316976;9500;1;-3.0781385481239893;-10.22585671285164;-0.4478770895114957;-2.8519141796797496;-3.701197167947771;-2.2678343946151074;-1.2761586253038824;-8.94344802248379;0;0;0;1;1;0;-3.091808345807256;0;-0.4236151106854453;-3.0069866396345164;-2.1977824904928296;-1.6337726182640795;-2.4171840197388192;-0.4943525490553087;-2.203743379751111;-0.4303917461617935;-3.212215875019657;-2.2692046966918777;-1.2956178004423726;-2.058104834499034;-0.4688016815309918;-0.4691039391895559;-4.012501189594263;-1.6857076813062235;0.1654657705358741;Enrolled
1;42;-1.7316968666316976;9003;1;-6.54278189566412;-10.21411779963194;-0.4478770895114957;-4.566269258157115;-3.701197167947771;-2.880037537609065;-1.954178909329264;-8.881752987104594;1;0;0;1;1;0;-3.024671080456953;0;0.3301564451160479;-2.5410244302434672;-1.930038068742532;-1.2848939276970257;-2.384905697222248;-0.4943525490553087;-0.7273940308222817;1.0304685300397594;-2.54172799012775;-2.0368285542311204;-1.05346001527621;-2.0733311036642976;-0.4688016815309918;-0.2830427205044448;-3.68973600827532;-1.3730189370110195;-0.1690195646558445;Enrolled
1;39;-1.7316968666316976;9991;0;-3.0781385481239893;-10.33150693182891;-0.4478770895114957;-1.1375591012023838;-1.5940928228489972;-1.3495296801241716;-2.6321991933546456;-8.823512873706633;0;0;0;1;1;0;-2.7729063353933205;0;-0.4236151106854453;-3.472948849025565;-2.331654701367978;-1.7500655151197644;-2.440118617437091;-0.4943525490553087;-1.4789900630042303;-0.4303917461617935;-4.217947702357519;-2.424122124999049;-1.658854478191616;-2.088441141674601;-0.4688016815309918;-1.027287595244889;-3.787968889546303;-0.0701491691143375;-0.7832207064698774;Enrolled
1;17;-1.7316968666316976;9085;1;-3.0781385481239893;-10.21411779963194;-0.4478770895114957;-1.1375591012023838;-1.5940928228489972;-2.2678343946151074;-1.954178909329264;-8.909885923237507;0;0;0;0;1;0;-3.1085926621448308;0;-0.4236151106854453;-3.2399677443300408;-2.0639102796176805;-1.6337726182640795;-2.3713148243422757;-0.4943525490553087;-1.1971415509359995;-0.4303917461617935;-3.8827037599115646;-2.1142872683847065;-1.537775585608535;-2.050084891083258;-0.4688016815309918;-0.7792059703314076;-4.405432714678196;-1.2166745648634176;0.4060604853228998;Enrolled
1;39;-1.7316968666316976;9991;0;-3.0781385481239893;-10.137227918042926;-0.4478770895114957;-1.1375591012023838;-1.5940928228489972;-1.3495296801241716;-1.615168767316573;-8.914821526067842;0;0;0;1;1;0;-2.7896906517308966;0;-0.4236151106854453;-3.472948849025565;-2.0639102796176805;-1.982651308831134;-2.5293087195970374;-0.4943525490553087;-4.861172207823003;-0.4303917461617935;-4.217947702357519;-2.2692046966918777;-1.7799333707746974;-2.1477189834215062;1.2001389291104665;-2.515777344725778;-4.896597121033111;-0.1743787505460719;0.0735312047229456;Enrolled
1;1;-1.7316968666316976;9500;1;-3.0781385481239893;-10.126075950484216;-0.4478770895114957;-1.1375591012023838;-1.5940928228489972;-1.65563125162115;-1.954178909329264;-8.846216646726177;1;0;0;1;1;0;-3.07502402946968;0;-0.4236151106854453;-3.0069866396345164;-2.1977824904928296;-1.5174797214083948;-2.4240643990483006;-0.4943525490553087;-0.995821185172978;-0.4303917461617935;-3.212215875019657;-2.0368285542311204;-1.537775585608535;-2.113128619238165;-0.4688016815309918;-2.329716126040667;-4.405432714678196;-1.2166745648634176;0.4060604853228998;Enrolled
1;17;-1.7316968666316976;9670;1;-3.0781385481239893;-10.196509429802395;-0.4478770895114957;-1.1375591012023838;-1.5940928228489972;-2.573935966112086;-2.971209335367337;-8.912353724652675;0;0;1;1;1;0;-3.1085926621448308;0;-0.4236151106854453;-3.2399677443300408;-2.331654701367978;-1.5174797214083948;-2.393399992326281;-0.4943525490553087;0.2121010094051557;-0.4303917461617935;-3.8827037599115646;-2.2692046966918777;-1.537775585608535;-2.069611709634594;-0.4688016815309918;-0.7792059703314076;-4.714164627244141;-0.7997562391364795;0.6975126194958008;Enrolled
1;39;-1.7316968666316976;9254;1;-3.0781385481239893;-10.137227918042926;-0.4478770895114957;-1.1375591012023838;-1.5940928228489972;-1.9617328231181288;-1.954178909329264;-8.92567985229458;1;0;0;1;1;0;-3.0078867641193776;0;-0.4236151106854453;-3.2399677443300408;-2.331654701367978;-1.5174797214083948;-2.4953315376519343;-0.4943525490553087;0.2121010094051557;-0.4303917461617935;-3.8827037599115646;-2.1142872683847065;-1.658854478191616;-2.1281921648701703;-0.4688016815309918;-2.019614094898816;-4.643998283479154;-1.94628163488556;-0.5993515748440206;Enrolled
1;1;-0.0257028619441269;9070;1;-3.0781385481239893;-10.096728667434972;-0.4478770895114957;-4.566269258157115;-1.5940928228489972;-2.880037537609065;-1.2761586253038824;-8.897546916161668;1;0;0;1;1;0;-3.1085926621448308;0;-0.4236151106854453;-3.2399677443300408;-2.331654701367978;-1.5174797214083948;-2.418882878657694;-0.4943525490553087;0.2121010094051557;-0.4303917461617935;-3.8827037599115646;-2.346663410845464;-1.416696693025454;-2.113845931054479;-0.4688016815309918;0.4612021542359994;-4.643998283479154;-1.94628163488556;-0.5993515748440206;Enrolled
2;39;-1.7316968666316976;9500;1;0.3865047994161424;-10.137227918042926;-0.4478770895114957;-1.1375591012023838;-1.5940928228489972;-2.2678343946151074;-2.6321991933546456;-9.02093698692006;0;0;0;1;1;0;-2.8736122334187737;0;-0.4236151106854453;-3.0069866396345164;-2.331654701367978;-1.6337726182640795;-2.3988363415802016;-0.4943525490553087;-2.203743379751111;-0.4303917461617935;-3.5474598174656107;-2.2692046966918777;-2.143170048523941;-2.6219417161414573;-0.4688016815309918;-6.981246593168445;-3.68973600827532;-1.3730189370110195;-0.1690195646558445;Enrolled
1;1;-1.1630321984025074;9119;1;-3.0781385481239893;-10.096728667434972;-0.4478770895114957;-1.1375591012023838;-1.5940928228489972;-1.3495296801241716;-1.615168767316573;-8.894091994180434;1;0;0;1;1;0;-3.1253769784824064;0;-0.4236151106854453;-3.472948849025565;-2.465526912243127;-2.215237102542503;-3.0644493325567166;-0.4943525490553087;-8.243354352641777;-0.4303917461617935;-4.217947702357519;-2.5790395533062207;-2.143170048523941;-2.6219417161414573;-0.4688016815309918;-6.981246593168445;-4.643998283479154;-1.94628163488556;-0.5993515748440206;Enrolled
1;17;1.1116264745142534;9147;1;-3.0781385481239893;-10.21411779963194;-0.4478770895114957;-1.1375591012023838;-1.5940928228489972;-1.3495296801241716;-1.615168767316573;-8.944435143049857;1;0;1;0;1;0;-3.1085926621448308;0;-0.4236151106854453;-3.472948849025565;-2.264718595930404;-1.7500655151197644;-2.4273771742713843;-0.4943525490553087;-1.4789900630042303;-0.4303917461617935;-4.217947702357519;-2.2692046966918777;-1.537775585608535;-2.182588301874634;-0.4688016815309918;0.4612021542359994;-4.714164627244141;-0.7997562391364795;0.6975126194958008;Enrolled
1;1;-0.5943675301733173;9147;1;-3.0781385481239893;-10.190639973192548;-0.4478770895114957;-2.8519141796797496;-3.701197167947771;-1.9617328231181288;-2.971209335367337;-8.938512419653453;1;0;0;1;1;0;-3.1085926621448308;0;-0.4236151106854453;-3.472948849025565;-2.3985908068055526;-2.215237102542503;-3.0644493325567166;-0.4943525490553087;-8.243354352641777;-0.4303917461617935;-4.217947702357519;-2.501580839152634;-2.143170048523941;-2.6219417161414573;-0.4688016815309918;-6.981246593168445;-4.896597121033111;-0.1743787505460719;0.0735312047229456;Enrolled
1;17;-0.5943675301733173;9500;1;-3.0781385481239893;-10.143684320313758;-0.4478770895114957;-4.566269258157115;-3.701197167947771;-2.880037537609065;-1.954178909329264;-8.8950791147465;1;0;0;1;1;0;-3.1253769784824064;0;-0.4236151106854453;-2.774005534938992;-2.264718595930404;-1.4011868245527102;-2.3940309975189886;-0.4943525490553087;-0.8448309108507108;-0.4303917461617935;-3.212215875019657;-2.346663410845464;-1.2956178004423726;-2.071524541005288;-0.4688016815309918;-0.4691039391895559;-4.447532520937188;-0.7997562391364795;0.3512909567534956;Enrolled
1;1;-1.7316968666316976;9130;1;-3.0781385481239893;-10.155423233533456;-0.4478770895114957;-4.566269258157115;-5.808301513046543;-1.3495296801241716;-3.310219477380027;-8.934070377106151;0;0;0;1;1;0;-3.1085926621448308;0;-0.4236151106854453;-3.472948849025565;-1.8631019633049577;-1.982651308831134;-2.478342946934211;3.4756540847459183;-4.861172207823003;-0.4303917461617935;-4.217947702357519;-2.346663410845464;-1.537775585608535;-2.144929437794621;4.538020150393384;0.4612021542359994;-4.643998283479154;-1.94628163488556;-0.5993515748440206;Enrolled
1;44;-1.7316968666316976;9003;1;-6.54278189566412;-10.038034101336487;-0.4478770895114957;-1.1375591012023838;-3.701197167947771;-2.880037537609065;-3.310219477380027;-8.774156845403278;0;0;0;1;1;0;-3.0582397131321044;0;-0.4236151106854453;-3.2399677443300408;-1.9969741741801064;-1.866358411975449;-2.384905697222248;-0.4943525490553087;-4.01562667161831;-0.4303917461617935;-3.8827037599115646;-2.0368285542311204;-1.7799333707746974;-2.088441141674601;-0.4688016815309918;-3.2600222194662227;-3.787968889546303;-0.0701491691143375;-0.7832207064698774;Enrolled
1;17;-0.5943675301733173;9119;1;-3.0781385481239893;-10.126075950484216;-0.4478770895114957;-2.8519141796797496;-1.5940928228489972;-2.2678343946151074;-1.954178909329264;-8.913834405501776;1;0;0;1;1;0;-3.1253769784824064;0;-0.4236151106854453;-3.472948849025565;-2.331654701367978;-1.6337726182640795;-2.4630532151353632;-0.4943525490553087;0.2121010094051557;-0.4303917461617935;-4.217947702357519;-2.2692046966918777;-1.7799333707746974;-2.119823528407945;-0.4688016815309918;-2.515777344725778;-4.714164627244141;-0.7997562391364795;0.6975126194958008;Enrolled
1;44;-1.7316968666316976;9119;1;-6.54278189566412;-10.155423233533456;-0.4478770895114957;-1.1375591012023838;-1.5940928228489972;-1.3495296801241716;-2.2931890513419546;-8.872868902009989;1;0;0;1;1;0;-3.1085926621448308;0;-0.4236151106854453;-3.472948849025565;-2.1977824904928296;-1.982651308831134;-2.4273771742713843;-0.4943525490553087;-4.861172207823003;-0.4303917461617935;-4.217947702357519;-2.191745982538292;-1.7799333707746974;-2.136560801332396;-0.4688016815309918;-2.515777344725778;-4.223000220889228;-1.268789355579285;0.3610712297123178;Enrolled
1;15;-1.7316968666316976;9119;1;-3.0781385481239893;-10.137227918042926;11.219887109098847;-4.566269258157115;-5.808301513046543;-2.880037537609065;-3.310219477380027;-9.02093698692006;0;0;1;1;1;0;-3.024671080456953;1;-0.0467293327846987;-2.774005534938992;-2.264718595930404;-1.4011868245527102;-2.3946134634194696;-0.4943525490553087;-0.8448309108507108;-0.1382196909214829;-3.8827037599115646;-2.346663410845464;-1.416696693025454;-2.126797392265944;-0.4688016815309918;0.4612021542359994;-4.714164627244141;-0.7997562391364795;0.6975126194958008;Enrolled
1;1;-1.7316968666316976;9119;1;-3.0781385481239893;-10.049773014556184;-0.4478770895114957;-1.1375591012023838;-1.5940928228489972;-1.3495296801241716;-1.954178909329264;-8.873856022576057;0;0;0;0;1;1;-3.1253769784824064;0;-0.4236151106854453;-3.472948849025565;-2.3985908068055526;-1.6337726182640795;-2.299962742614318;-0.4943525490553087;0.2121010094051557;-0.4303917461617935;-4.217947702357519;-2.501580839152634;-1.537775585608535;-2.027768527323468;-0.4688016815309918;0.4612021542359994;-4.714164627244141;-0.7997562391364795;0.6975126194958008;Enrolled
1;1;-1.7316968666316976;9238;1;-3.0781385481239893;-10.126075950484216;-0.4478770895114957;-1.1375591012023838;-1.5940928228489972;-1.65563125162115;-2.2931890513419546;-8.91728932748301;0;0;0;1;0;0;-3.091808345807256;0;-0.4236151106854453;-3.2399677443300408;-1.930038068742532;-2.098944205686818;-2.5547916059284512;-0.4943525490553087;-6.834111792300622;-0.4303917461617935;-3.8827037599115646;-1.9593698400775348;-2.02209115594086;-2.077980346096819;-0.4688016815309918;-5.740838468601037;-4.643998283479154;-1.94628163488556;-0.5993515748440206;Enrolled
1;1;1.1116264745142534;9773;1;-3.0781385481239893;-10.06738138438573;-0.4478770895114957;-2.8519141796797496;-1.5940928228489972;-2.2678343946151074;-2.6321991933546456;-8.867933299179654;1;0;0;1;0;1;-3.1253769784824064;0;-0.4236151106854453;-3.2399677443300408;-2.3985908068055526;-1.5174797214083948;-2.4443657649891075;-0.4943525490553087;0.2121010094051557;-0.4303917461617935;-3.8827037599115646;-2.191745982538292;-1.537775585608535;-2.153298074256846;-0.4688016815309918;-0.7792059703314076;-4.896597121033111;-0.1743787505460719;0.0735312047229456;Enrolled
4;39;-1.7316968666316976;9853;1;0.3865047994161424;-10.137227918042926;-0.4478770895114957;-1.1375591012023838;-1.5940928228489972;-1.3495296801241716;-1.615168767316573;-8.981452164277373;0;0;1;0;0;0;-2.8736122334187737;0;-0.4236151106854453;-3.0069866396345164;-2.331654701367978;-1.4011868245527102;-2.409175112460473;-0.4943525490553087;0.2121010094051557;-0.4303917461617935;-3.5474598174656107;-2.346663410845464;-1.416696693025454;-2.091928073394384;-0.4688016815309918;-0.6020048096789214;-4.714164627244141;-0.7997562391364795;0.6975126194958008;Enrolled
1;39;-1.7316968666316976;9085;1;-3.0781385481239893;-10.137227918042926;-0.4478770895114957;-4.566269258157115;-5.808301513046543;-2.2678343946151074;-3.310219477380027;-8.79932841983799;1;0;0;1;0;0;-2.991102447781802;0;-0.4236151106854453;-3.2399677443300408;-2.0639102796176805;-1.866358411975449;-2.4656015037685046;-0.4943525490553087;-4.01562667161831;-0.4303917461617935;-3.8827037599115646;-1.4946175551560208;-1.658854478191616;-2.086348982559044;-0.4688016815309918;-2.019614094898816;-4.223000220889228;-1.268789355579285;0.3610712297123178;Enrolled
1;43;-1.7316968666316976;9670;1;-6.54278189566412;-10.272812365730427;-0.4478770895114957;-1.1375591012023838;-5.808301513046543;-1.65563125162115;-1.2761586253038824;-8.971580958616702;0;0;0;1;0;0;-3.07502402946968;0;-0.4236151106854453;-3.2399677443300408;-2.264718595930404;-1.6337726182640795;-2.461354356216488;-0.4943525490553087;-1.1971415509359995;-0.4303917461617935;-3.8827037599115646;-2.346663410845464;-1.658854478191616;-2.0675195505190374;2.8690795397519246;-2.019614094898816;-3.68973600827532;-1.3730189370110195;-0.1690195646558445;Enrolled
1;44;-1.7316968666316976;9085;1;-6.54278189566412;-10.096728667434972;-0.4478770895114957;-2.8519141796797496;-1.5940928228489972;-1.3495296801241716;-1.615168767316573;-8.823512873706633;1;0;0;1;0;0;-3.091808345807256;0;-0.235172221735072;-3.2399677443300408;-1.930038068742532;-1.5174797214083948;-2.4245457422302685;-0.4943525490553087;0.2121010094051557;-0.1382196909214829;-3.8827037599115646;-2.1142872683847065;-1.537775585608535;-2.1281921648701703;-0.4688016815309918;-0.7792059703314076;-3.68973600827532;-1.3730189370110195;-0.1690195646558445;Enrolled
1;44;-1.7316968666316976;9085;1;-6.54278189566412;-10.038034101336487;-0.4478770895114957;-1.1375591012023838;-3.701197167947771;-1.9617328231181288;-2.2931890513419546;-8.774156845403278;0;0;0;1;0;0;-3.091808345807256;0;-0.4236151106854453;-3.472948849025565;-2.1308463850552557;-1.982651308831134;-2.3254456289457317;1.4906507678453047;-4.861172207823003;-0.4303917461617935;-4.217947702357519;-2.424122124999049;-1.658854478191616;-2.15120591514129;-0.4688016815309918;-1.027287595244889;-4.180900414630234;0.3988839473284681;-0.3215918228134705;Enrolled
1;39;-1.7316968666316976;9003;1;0.3865047994161424;-10.137227918042926;-0.4478770895114957;-1.1375591012023838;-1.5940928228489972;-1.3495296801241716;-2.6321991933546456;-8.823512873706633;0;0;0;1;1;0;-2.7057690700430186;0;-0.4236151106854453;-3.2399677443300408;-2.264718595930404;-1.5174797214083948;-2.408265009522825;-0.4943525490553087;0.2121010094051557;-0.4303917461617935;-3.8827037599115646;-1.8819111259239487;-1.537775585608535;-2.113845931054479;-0.4688016815309918;-0.7792059703314076;-3.68973600827532;-1.3730189370110195;-0.1690195646558445;Enrolled
5;39;-1.7316968666316976;9147;1;-3.0781385481239893;-10.137227918042926;-0.4478770895114957;-1.1375591012023838;-1.5940928228489972;-1.3495296801241716;-1.615168767316573;-8.923212050879412;0;0;0;1;1;0;-2.991102447781802;0;-0.4236151106854453;-3.472948849025565;-2.1977824904928296;-1.6337726182640795;-2.452860060602798;-0.4943525490553087;0.2121010094051557;-0.4303917461617935;-4.217947702357519;-2.5790395533062207;-1.537775585608535;-2.195141256567972;-0.4688016815309918;0.4612021542359994;-4.405432714678196;-1.2166745648634176;0.4060604853228998;Enrolled
1;43;-1.7316968666316976;9130;1;-3.0781385481239893;-10.155423233533456;-0.4478770895114957;-2.8519141796797496;-3.701197167947771;-2.880037537609065;-3.310219477380027;-8.872868902009989;1;0;0;1;1;0;-2.8736122334187737;0;-0.4236151106854453;-3.472948849025565;-1.9969741741801064;-2.098944205686818;-2.4018942879399714;3.4756540847459183;-6.55226328023239;-0.4303917461617935;-4.217947702357519;-2.424122124999049;-1.7799333707746974;-2.036137163785693;-0.4688016815309918;-2.515777344725778;-4.643998283479154;-1.94628163488556;-0.5993515748440206;Enrolled
1;17;-1.7316968666316976;9254;1;-3.0781385481239893;-10.21998725624179;-0.4478770895114957;-2.8519141796797496;-3.701197167947771;-2.2678343946151074;-1.2761586253038824;-8.897546916161668;0;0;0;1;1;0;-3.1085926621448308;0;-0.4236151106854453;-3.2399677443300408;-2.331654701367978;-1.6337726182640795;-2.5140189877981896;-0.4943525490553087;-1.1971415509359995;-0.4303917461617935;-3.8827037599115646;-2.191745982538292;-1.9010122633577784;-2.182588301874634;-0.4688016815309918;-4.50043034403363;-4.447532520937188;-0.7997562391364795;0.3512909567534956;Enrolled
1;17;-0.5943675301733173;9070;1;-3.0781385481239893;-10.149553776923607;-0.4478770895114957;-1.1375591012023838;-1.5940928228489972;-1.9617328231181288;-2.2931890513419546;-8.921237809747279;1;0;0;1;1;0;-3.1253769784824064;0;-0.4236151106854453;-3.2399677443300408;-2.3985908068055526;-1.5174797214083948;-2.410388583553661;-0.4943525490553087;0.2121010094051557;-0.4303917461617935;-3.8827037599115646;-2.346663410845464;-1.537775585608535;-2.144929437794621;-0.4688016815309918;-0.7792059703314076;-3.787968889546303;-0.0701491691143375;-0.7832207064698774;Enrolled
1;1;-1.7316968666316976;9147;1;-3.0781385481239893;-10.21411779963194;-0.4478770895114957;0.5767959772749822;0.5130115222497759;-1.043428108627193;-1.2761586253038824;-8.963683994088164;0;0;1;1;1;1;-3.07502402946968;0;-0.4236151106854453;-3.472948849025565;-2.465526912243127;-1.6337726182640795;-2.422280597005102;-0.4943525490553087;0.2121010094051557;-0.4303917461617935;-4.217947702357519;-2.2692046966918777;-1.7799333707746974;-2.0849542099548173;-0.4688016815309918;-2.515777344725778;-4.447532520937188;-0.7997562391364795;0.3512909567534956;Enrolled
1;1;-1.1630321984025074;9147;1;-3.0781385481239893;-10.237595626071336;-0.4478770895114957;-1.1375591012023838;-3.701197167947771;-1.9617328231181288;-2.971209335367337;-8.898534036727735;1;0;0;1;1;0;-3.091808345807256;0;-0.4236151106854453;-3.472948849025565;-2.1977824904928296;-1.982651308831134;-2.333939924559422;-0.4943525490553087;-4.861172207823003;-0.4303917461617935;-4.217947702357519;-2.191745982538292;-1.9010122633577784;-2.098901937252382;-0.4688016815309918;-4.004267094206667;-4.896597121033111;-0.1743787505460719;0.0735312047229456;Enrolled
1;44;-1.7316968666316976;9003;1;-3.0781385481239893;-10.21411779963194;-0.4478770895114957;-2.8519141796797496;-5.808301513046543;-2.2678343946151074;-3.310219477380027;-8.922224930313346;0;0;0;1;1;0;-3.1085926621448308;0;-0.4236151106854453;-3.2399677443300408;-1.6622936469922345;-2.098944205686818;-2.5038258332656245;-0.4943525490553087;-6.834111792300622;-0.4303917461617935;-3.8827037599115646;-1.4946175551560208;-2.143170048523941;-2.6219417161414573;-0.4688016815309918;-6.981246593168445;-3.68973600827532;-1.3730189370110195;-0.1690195646558445;Enrolled
1;39;-1.7316968666316976;9119;1;-3.0781385481239893;-10.155423233533456;-0.4478770895114957;-1.1375591012023838;-1.5940928228489972;-1.3495296801241716;-1.615168767316573;-8.853126490688647;0;0;0;1;1;1;-3.024671080456953;0;-0.4236151106854453;-3.472948849025565;-2.264718595930404;-1.6337726182640795;-2.461354356216488;-0.4943525490553087;0.2121010094051557;-0.4303917461617935;-4.217947702357519;-2.346663410845464;-1.658854478191616;-2.036137163785693;-0.4688016815309918;-1.027287595244889;-4.180900414630234;0.3988839473284681;-0.3215918228134705;Enrolled
1;1;-1.7316968666316976;9254;1;-3.0781385481239893;-10.137227918042926;-0.4478770895114957;-4.566269258157115;-3.701197167947771;-2.880037537609065;-2.6321991933546456;-8.897546916161668;0;0;0;1;1;0;-3.07502402946968;0;-0.4236151106854453;-3.2399677443300408;-2.1308463850552557;-1.6337726182640795;-2.4868372425479013;-0.4943525490553087;-1.1971415509359995;-0.4303917461617935;-3.8827037599115646;-1.8819111259239487;-1.9010122633577784;-2.1407451195635083;-0.4688016815309918;-4.50043034403363;-4.180900414630234;0.3988839473284681;-0.3215918228134705;Enrolled
1;39;-1.7316968666316976;9119;1;-3.0781385481239893;-10.137227918042926;-0.4478770895114957;-1.1375591012023838;-1.5940928228489972;-1.3495296801241716;-2.971209335367337;-8.907418121822339;0;0;0;1;1;1;-2.9575338151066517;0;-0.4236151106854453;-3.472948849025565;-1.7292297524298088;-1.866358411975449;-2.333939924559422;-0.4943525490553087;-3.170081135413618;-0.4303917461617935;-4.217947702357519;-2.2692046966918777;-1.537775585608535;-2.101890735929115;-0.4688016815309918;0.4612021542359994;-4.643998283479154;-1.94628163488556;-0.5993515748440206;Enrolled
1;51;-1.7316968666316976;9085;1;-10.007425243204253;-10.21411779963194;-0.4478770895114957;-4.566269258157115;-5.808301513046543;-2.2678343946151074;-3.310219477380027;-8.897546916161668;0;0;0;1;0;0;-2.9575338151066517;0;-0.4236151106854453;-3.2399677443300408;-2.264718595930404;-1.5174797214083948;-2.329086041205982;-0.4943525490553087;0.2121010094051557;-0.4303917461617935;-3.8827037599115646;-2.0368285542311204;-1.658854478191616;-1.969188072087892;-0.4688016815309918;-2.019614094898816;-4.405432714678196;-1.2166745648634176;0.4060604853228998;Enrolled
1;44;-1.7316968666316976;9085;1;-3.0781385481239893;-10.155423233533456;-0.4478770895114957;-2.8519141796797496;-3.701197167947771;-2.2678343946151074;-2.971209335367337;-8.872868902009989;1;0;0;1;0;0;-3.091808345807256;0;-0.4236151106854453;-3.2399677443300408;-1.930038068742532;-1.6337726182640795;-2.4630532151353632;-0.4943525490553087;-1.1971415509359995;-0.4303917461617935;-3.8827037599115646;-1.4946175551560208;-1.658854478191616;-2.119823528407945;-0.4688016815309918;-2.019614094898816;-4.223000220889228;-1.268789355579285;0.3610712297123178;Enrolled
1;1;-0.5943675301733173;9853;1;-3.0781385481239893;-10.202378886412244;-0.4478770895114957;-4.566269258157115;-5.808301513046543;-2.880037537609065;-3.310219477380027;-8.95874839125783;1;0;0;1;0;0;-3.041455396794529;0;-0.4236151106854453;-3.2399677443300408;-2.264718595930404;-1.6337726182640795;-2.3713148243422757;-0.4943525490553087;-1.1971415509359995;-0.4303917461617935;-3.8827037599115646;-2.346663410845464;-1.537775585608535;-2.136560801332396;-0.4688016815309918;-0.7792059703314076;-4.896597121033111;-0.1743787505460719;0.0735312047229456;Enrolled
1;44;-1.7316968666316976;9085;1;-6.54278189566412;-9.979339535238;-0.4478770895114957;-2.8519141796797496;-3.701197167947771;-2.2678343946151074;-2.6321991933546456;-8.72480081709992;1;0;0;1;0;0;-3.041455396794529;0;-0.235172221735072;-3.2399677443300408;-1.9969741741801064;-1.7500655151197644;-2.3815079788748403;-0.4943525490553087;-2.606384111277156;-0.1382196909214829;-3.8827037599115646;-1.649534983463192;-1.9010122633577784;-2.057058754941256;-0.4688016815309918;-4.50043034403363;-4.223000220889228;-1.268789355579285;0.3610712297123178;Enrolled
1;43;-1.7316968666316976;9556;1;-3.0781385481239893;-10.17890105997285;-0.4478770895114957;-4.566269258157115;-5.808301513046543;-2.573935966112086;-3.310219477380027;-9.02093698692006;0;0;0;1;0;0;-3.0078867641193776;0;-0.0467293327846987;-3.0069866396345164;-2.1308463850552557;-1.866358411975449;-2.4018942879399714;-0.4943525490553087;-4.619587768907378;-0.1382196909214829;-3.212215875019657;-2.191745982538292;-1.7799333707746974;-2.13377125570551;6.206960761034842;-4.190328312891778;-4.447532520937188;-0.7997562391364795;0.3512909567534956;Enrolled
1;1;-1.1630321984025074;9500;1;-3.0781385481239893;-10.29629019216982;-0.4478770895114957;-2.8519141796797496;-1.5940928228489972;-2.2678343946151074;-2.6321991933546456;-8.98934912880591;1;0;0;1;0;1;-3.1085926621448308;0;-0.4236151106854453;-3.0069866396345164;-2.1977824904928296;-1.6337726182640795;-2.38456592523461;-0.4943525490553087;-2.203743379751111;-0.4303917461617935;-3.5474598174656107;-2.2692046966918777;-1.416696693025454;-2.103684015051469;-0.4688016815309918;-0.6020048096789214;-4.223000220889228;-1.268789355579285;0.3610712297123178;Enrolled
1;44;-1.7316968666316976;9003;1;-6.54278189566412;-10.038034101336487;-0.4478770895114957;-2.8519141796797496;-1.5940928228489972;-2.2678343946151074;-1.615168767316573;-8.774156845403278;0;0;0;1;1;1;-3.091808345807256;0;-0.4236151106854453;-3.2399677443300408;-1.59535754155466;-1.866358411975449;-2.452860060602798;-0.4943525490553087;-4.01562667161831;-0.4303917461617935;-3.8827037599115646;-1.649534983463192;-1.7799333707746974;-2.13377125570551;-0.4688016815309918;-3.2600222194662227;-3.787968889546303;-0.0701491691143375;-0.7832207064698774;Enrolled
1;44;-1.7316968666316976;9003;1;-6.54278189566412;-10.155423233533456;-0.4478770895114957;-4.566269258157115;-3.701197167947771;-2.2678343946151074;-1.954178909329264;-8.872868902009989;0;0;0;1;1;0;-3.1085926621448308;0;-0.4236151106854453;-3.2399677443300408;-2.264718595930404;-1.6337726182640795;-2.478342946934211;-0.4943525490553087;-1.1971415509359995;-0.4303917461617935;-3.8827037599115646;-2.1142872683847065;-1.416696693025454;-2.1477189834215062;-0.4688016815309918;0.4612021542359994;-4.223000220889228;-1.268789355579285;0.3610712297123178;Enrolled
1;43;-1.7316968666316976;9500;1;-3.0781385481239893;-10.1847705165827;-0.4478770895114957;-1.1375591012023838;-1.5940928228489972;-1.3495296801241716;-1.954178909329264;-8.904456760124138;1;0;0;1;0;1;-3.1253769784824064;0;-0.4236151106854453;-3.0069866396345164;-2.264718595930404;-1.6337726182640795;-2.4090294961127667;-0.4943525490553087;-2.203743379751111;-0.4303917461617935;-3.5474598174656107;-2.346663410845464;-1.537775585608535;-2.083838391620377;-0.4688016815309918;-1.6652117735938414;-4.896597121033111;-0.1743787505460719;0.0735312047229456;Enrolled
1;1;-0.5943675301733173;9500;1;-3.0781385481239893;-10.149553776923607;-0.4478770895114957;-1.1375591012023838;-5.808301513046543;-2.573935966112086;-3.310219477380027;-8.892117753048298;1;0;0;1;0;0;-3.1253769784824064;0;-0.4236151106854453;-3.0069866396345164;-2.264718595930404;-1.4011868245527102;-2.422726547515901;-0.4943525490553087;0.2121010094051557;-0.4303917461617935;-3.212215875019657;-2.1142872683847065;-1.2956178004423726;-2.085512118912822;-0.4688016815309918;-0.4691039391895559;-3.787968889546303;-0.0701491691143375;-0.7832207064698774;Enrolled
1;44;-1.7316968666316976;9003;1;-6.54278189566412;-10.096728667434972;-0.4478770895114957;-4.566269258157115;-5.808301513046543;-2.2678343946151074;-3.310219477380027;-8.922224930313346;1;0;0;1;1;0;-3.0582397131321044;0;-0.4236151106854453;-3.2399677443300408;-1.930038068742532;-1.6337726182640795;-2.4018942879399714;-0.4943525490553087;-1.1971415509359995;-0.4303917461617935;-3.8827037599115646;-1.9593698400775348;-1.9010122633577784;-2.1407451195635083;-0.4688016815309918;-4.50043034403363;-4.223000220889228;-1.268789355579285;0.3610712297123178;Enrolled
1;1;-1.7316968666316976;9119;1;-3.0781385481239893;-10.084989754215275;-0.4478770895114957;-2.8519141796797496;-1.5940928228489972;-2.2678343946151074;-2.971209335367337;-8.873856022576057;1;0;0;1;1;0;-3.1253769784824064;0;-0.4236151106854453;-3.472948849025565;-2.465526912243127;-2.215237102542503;-3.0644493325567166;-0.4943525490553087;-8.243354352641777;-0.4303917461617935;-4.217947702357519;-2.501580839152634;-2.02209115594086;-1.9942939814745675;-0.4688016815309918;-5.492756843687555;-4.447532520937188;-0.7997562391364795;0.3512909567534956;Enrolled
1;17;-1.7316968666316976;9670;1;-3.0781385481239893;-10.167162146753151;-0.4478770895114957;-1.1375591012023838;-1.5940928228489972;-1.3495296801241716;-1.615168767316573;-8.844735965877076;1;0;0;1;1;0;-3.1085926621448308;0;-0.4236151106854453;-3.2399677443300408;-2.331654701367978;-1.6337726182640795;-2.391701133407406;-0.4943525490553087;-1.1971415509359995;-0.4303917461617935;-3.8827037599115646;-2.191745982538292;-1.537775585608535;-2.0675195505190374;-0.4688016815309918;-0.7792059703314076;-4.447532520937188;-0.7997562391364795;0.3512909567534956;Enrolled
1;43;-1.7316968666316976;9070;1;-3.0781385481239893;-10.33150693182891;-0.4478770895114957;-1.1375591012023838;-1.5940928228489972;-1.3495296801241716;-1.615168767316573;-8.981452164277373;1;0;0;1;1;0;-2.856827917081198;0;0.895485111967168;-1.8420811161568935;-1.9969741741801064;-1.4011868245527102;-2.481983359194462;-0.4943525490553087;-3.3110053914477326;0.7382964747994489;-1.8712401052358416;-2.0368285542311204;-1.2956178004423726;-2.125801125761411;-0.4688016815309918;-2.639818157182518;-4.896597121033111;-0.1743787505460719;0.0735312047229456;Enrolled
1;1;-1.7316968666316976;9254;1;-3.0781385481239893;-10.1847705165827;-0.4478770895114957;-1.1375591012023838;-1.5940928228489972;-1.3495296801241716;-1.615168767316573;-8.907911682105372;0;0;0;1;1;1;-3.1085926621448308;0;-0.4236151106854453;-3.2399677443300408;-2.331654701367978;-1.5174797214083948;-2.4953315376519343;-0.4943525490553087;0.2121010094051557;-0.4303917461617935;-3.8827037599115646;-2.0368285542311204;-1.7799333707746974;-2.13377125570551;-0.4688016815309918;-3.2600222194662227;-4.447532520937188;-0.7997562391364795;0.3512909567534956;Enrolled
1;1;-1.7316968666316976;9238;1;-3.0781385481239893;-10.1847705165827;-0.4478770895114957;-1.1375591012023838;-1.5940928228489972;-1.65563125162115;-1.954178909329264;-8.928641213992782;0;0;0;1;1;0;-3.091808345807256;0;-0.4236151106854453;-3.2399677443300408;-1.9969741741801064;-1.7500655151197644;-2.4656015037685046;-0.4943525490553087;-2.606384111277156;-0.4303917461617935;-3.8827037599115646;-1.9593698400775348;-1.7799333707746974;-2.1477189834215062;-0.4688016815309918;-3.2600222194662227;-3.787968889546303;-0.0701491691143375;-0.7832207064698774;Enrolled
1;1;-1.7316968666316976;9254;1;-3.0781385481239893;-10.167162146753151;-0.4478770895114957;-1.1375591012023838;-1.5940928228489972;-1.65563125162115;-1.954178909329264;-8.922224930313346;1;0;0;1;0;1;-3.091808345807256;0;-0.4236151106854453;-3.2399677443300408;-2.3985908068055526;-1.5174797214083948;-2.3254456289457317;-0.4943525490553087;0.2121010094051557;-0.4303917461617935;-3.8827037599115646;-2.424122124999049;-1.537775585608535;-1.9942939814745675;-0.4688016815309918;-0.7792059703314076;-4.223000220889228;-1.268789355579285;0.3610712297123178;Enrolled
1;1;-1.7316968666316976;9238;1;-3.0781385481239893;-10.284551278950124;-0.4478770895114957;-1.1375591012023838;-1.5940928228489972;-1.3495296801241716;-1.615168767316573;-8.984907086258609;0;1;0;1;0;1;-3.1085926621448308;0;-0.4236151106854453;-3.2399677443300408;-1.9969741741801064;-1.7500655151197644;-2.53440529686332;-0.4943525490553087;-2.606384111277156;-0.4303917461617935;-3.8827037599115646;-2.1142872683847065;-1.658854478191616;-2.1721275062968526;-0.4688016815309918;-2.019614094898816;-4.223000220889228;-1.268789355579285;0.3610712297123178;Enrolled
1;18;-1.7316968666316976;9853;1;-3.0781385481239893;-10.137227918042926;-0.4478770895114957;-2.8519141796797496;-1.5940928228489972;-2.2678343946151074;-2.2931890513419546;-8.991323369938044;1;0;1;1;0;0;-3.07502402946968;0;-0.4236151106854453;-3.0069866396345164;-2.331654701367978;-1.4011868245527102;-2.4018942879399714;-0.4943525490553087;0.2121010094051557;-0.4303917461617935;-3.5474598174656107;-2.346663410845464;-1.416696693025454;-2.098901937252382;-0.4688016815309918;-0.6020048096789214;-4.714164627244141;-0.7997562391364795;0.6975126194958008;Enrolled
1;1;-0.0257028619441269;9670;1;-3.0781385481239893;-10.155423233533456;-0.4478770895114957;-2.8519141796797496;-3.701197167947771;-1.3495296801241716;-1.615168767316573;-8.90198895870897;1;0;0;1;0;0;-3.1253769784824064;0;-0.4236151106854453;-3.2399677443300408;-2.3985908068055526;-1.5174797214083948;-2.3424342196634544;-0.4943525490553087;0.2121010094051557;-0.4303917461617935;-3.8827037599115646;-2.424122124999049;-1.416696693025454;-2.060047553617989;-0.4688016815309918;0.4612021542359994;-4.714164627244141;-0.7997562391364795;0.6975126194958008;Enrolled
1;1;1.1116264745142534;9500;1;-3.0781385481239893;-10.21411779963194;11.219887109098847;-2.8519141796797496;-3.701197167947771;-1.3495296801241716;-1.954178909329264;-8.94789006503109;1;0;0;1;0;0;-3.07502402946968;1;-0.4236151106854453;-3.0069866396345164;-2.0639102796176805;-1.7500655151197644;-2.3891528447742645;-0.4943525490553087;-3.4116655743292443;-0.4303917461617935;-3.5474598174656107;-2.2692046966918777;-1.537775585608535;-2.043668936601696;-0.4688016815309918;-1.6652117735938414;-4.405432714678196;-1.2166745648634176;0.4060604853228998;Enrolled
1;17;0.5429618062850633;9070;1;-3.0781385481239893;-10.1847705165827;-0.4478770895114957;-1.1375591012023838;-3.701197167947771;-1.9617328231181288;-2.2931890513419546;-8.909392362954474;1;0;0;1;1;0;-3.0582397131321044;0;-0.4236151106854453;-3.2399677443300408;-2.3985908068055526;-2.098944205686818;-2.5038258332656245;-0.4943525490553087;-6.834111792300622;-0.4303917461617935;-3.8827037599115646;-2.501580839152634;-2.143170048523941;-2.6219417161414573;-0.4688016815309918;-6.981246593168445;-4.643998283479154;-1.94628163488556;-0.5993515748440206;Enrolled
2;7;-1.7316968666316976;9147;1;-10.007425243204253;-10.21411779963194;-0.4478770895114957;-1.1375591012023838;-1.5940928228489972;-1.3495296801241716;-1.615168767316573;-8.922224930313346;0;0;0;1;0;0;-2.8736122334187737;0;0.1417135561656745;-2.774005534938992;-2.1977824904928296;-1.6337726182640795;-2.422280597005102;3.4756540847459183;-2.958694751362444;0.1539523643188277;-3.5474598174656107;-1.9593698400775348;-1.537775585608535;-2.15120591514129;-0.4688016815309918;-1.6652117735938414;-4.447532520937188;-0.7997562391364795;0.3512909567534956;Enrolled
1;17;-0.5943675301733173;9254;1;-3.0781385481239893;-10.173031603363002;-0.4478770895114957;-1.1375591012023838;-1.5940928228489972;-1.3495296801241716;-1.954178909329264;-8.90495032040717;1;0;0;1;0;1;-3.091808345807256;0;-0.4236151106854453;-3.2399677443300408;-2.0639102796176805;-1.7500655151197644;-2.478342946934211;-0.4943525490553087;-2.606384111277156;-0.4303917461617935;-3.8827037599115646;-2.0368285542311204;-1.7799333707746974;-2.1616667107190715;-0.4688016815309918;-3.2600222194662227;-4.896597121033111;-0.1743787505460719;0.0735312047229456;Enrolled
2;39;-1.7316968666316976;9147;1;-3.0781385481239893;-10.096728667434972;-0.4478770895114957;-1.1375591012023838;-1.5940928228489972;-1.65563125162115;-1.2761586253038824;-8.863984816915385;0;0;0;1;0;0;-2.8400436007436225;0;-0.4236151106854453;-3.472948849025565;-2.3985908068055526;-1.7500655151197644;-2.340735360744579;-0.4943525490553087;-1.4789900630042303;-0.4303917461617935;-4.217947702357519;-2.191745982538292;-1.658854478191616;-2.125801125761411;-0.4688016815309918;-1.027287595244889;-4.447532520937188;-0.7997562391364795;0.3512909567534956;Enrolled
1;1;-1.7316968666316976;9238;1;-3.0781385481239893;-9.996947905067548;-0.4478770895114957;-4.566269258157115;-1.5940928228489972;-2.880037537609065;-2.2931890513419546;-8.839800363046741;1;0;0;1;0;0;-3.0582397131321044;0;-0.4236151106854453;-3.2399677443300408;-2.0639102796176805;-1.7500655151197644;-2.4273771742713843;1.4906507678453047;-2.606384111277156;-0.4303917461617935;-3.8827037599115646;-1.9593698400775348;-1.7799333707746974;-2.050084891083258;-0.4688016815309918;-3.2600222194662227;-4.643998283479154;-1.94628163488556;-0.5993515748440206;Enrolled
1;17;-1.7316968666316976;9773;1;-3.0781385481239893;-10.07325084099558;-0.4478770895114957;-1.1375591012023838;-1.5940928228489972;-2.2678343946151074;-2.6321991933546456;-8.869413980028755;1;0;0;1;0;0;-3.091808345807256;0;-0.4236151106854453;-3.2399677443300408;-2.1977824904928296;-1.5174797214083948;-2.4698486513205204;-0.4943525490553087;0.2121010094051557;-0.4303917461617935;-3.8827037599115646;-2.346663410845464;-1.537775585608535;-2.136560801332396;-0.4688016815309918;-0.7792059703314076;-4.896597121033111;-0.1743787505460719;0.0735312047229456;Enrolled
1;1;-1.7316968666316976;9670;1;-3.0781385481239893;-10.21998725624179;-0.4478770895114957;-1.1375591012023838;-1.5940928228489972;-1.043428108627193;-1.954178909329264;-8.923705611162447;1;0;0;1;0;0;-3.091808345807256;0;-0.4236151106854453;-3.472948849025565;-2.3985908068055526;-1.866358411975449;-2.4018942879399714;-0.4943525490553087;-3.170081135413618;-0.4303917461617935;-4.217947702357519;-2.424122124999049;-1.7799333707746974;-2.077980346096819;1.2001389291104665;-2.515777344725778;-4.896597121033111;-0.1743787505460719;0.0735312047229456;Enrolled
1;43;-1.7316968666316976;9147;1;-3.0781385481239893;-10.173031603363002;22.887651307709195;-2.8519141796797496;-5.808301513046543;-1.3495296801241716;-1.2761586253038824;-8.901495398425936;1;0;0;1;1;0;-3.041455396794529;1;-0.4236151106854453;-3.472948849025565;-2.3985908068055526;-2.098944205686818;-2.5547916059284512;-0.4943525490553087;-6.55226328023239;-0.4303917461617935;-4.217947702357519;-2.5790395533062207;-2.143170048523941;-2.6219417161414573;-0.4688016815309918;-6.981246593168445;-3.787968889546303;-0.0701491691143375;-0.7832207064698774;Enrolled
1;39;-1.7316968666316976;9003;1;-3.0781385481239893;-10.096728667434972;-0.4478770895114957;-1.1375591012023838;-1.5940928228489972;-1.3495296801241716;-1.954178909329264;-8.846216646726177;1;0;0;1;0;0;-3.024671080456953;0;-0.4236151106854453;-3.2399677443300408;-2.1308463850552557;-1.6337726182640795;-2.4630532151353632;-0.4943525490553087;-1.1971415509359995;-0.4303917461617935;-3.8827037599115646;-1.9593698400775348;-1.658854478191616;-2.15120591514129;-0.4688016815309918;-2.019614094898816;-4.223000220889228;-1.268789355579285;0.3610712297123178;Enrolled
1;1;-1.7316968666316976;9147;1;-3.0781385481239893;-10.17890105997285;-0.4478770895114957;-1.1375591012023838;-1.5940928228489972;-1.3495296801241716;-1.615168767316573;-8.945915823898957;0;0;1;1;0;0;-3.1085926621448308;0;-0.4236151106854453;-3.472948849025565;-1.930038068742532;-2.098944205686818;-2.5547916059284512;-0.4943525490553087;-6.55226328023239;-0.4303917461617935;-4.217947702357519;-2.346663410845464;-1.9010122633577784;-2.2035098930301973;-0.4688016815309918;-4.004267094206667;-4.223000220889228;-1.268789355579285;0.3610712297123178;Enrolled
1;1;-1.7316968666316976;9254;1;-3.0781385481239893;-10.196509429802395;-0.4478770895114957;-1.1375591012023838;-1.5940928228489972;-1.9617328231181288;-2.2931890513419546;-8.897053355878635;0;0;0;1;0;0;-3.1085926621448308;0;-0.4236151106854453;-3.2399677443300408;-1.9969741741801064;-1.7500655151197644;-2.5038258332656245;-0.4943525490553087;-2.606384111277156;-0.4303917461617935;-3.8827037599115646;-2.501580839152634;-1.658854478191616;-2.098901937252382;-0.4688016815309918;-2.019614094898816;-3.68973600827532;-1.3730189370110195;-0.1690195646558445;Enrolled
1;1;-0.5943675301733173;9254;1;-3.0781385481239893;-10.208248343022094;-0.4478770895114957;-1.1375591012023838;-1.5940928228489972;-1.3495296801241716;-1.615168767316573;-8.893104873614366;1;0;0;1;0;0;-3.0582397131321044;0;-0.4236151106854453;-3.2399677443300408;-2.1308463850552557;-1.7500655151197644;-2.5547916059284512;-0.4943525490553087;-2.606384111277156;-0.4303917461617935;-3.8827037599115646;-2.0368285542311204;-1.9010122633577784;-2.057058754941256;-0.4688016815309918;-4.50043034403363;-4.643998283479154;-1.94628163488556;-0.5993515748440206;Enrolled
2;39;-1.7316968666316976;9147;1;-3.0781385481239893;-10.21411779963194;-0.4478770895114957;-1.1375591012023838;-1.5940928228489972;-1.9617328231181288;-2.2931890513419546;-8.899521157293801;0;0;0;1;0;0;-2.823259284406048;0;-0.4236151106854453;-3.472948849025565;-2.264718595930404;-1.866358411975449;-2.5038258332656245;-0.4943525490553087;-3.170081135413618;-0.4303917461617935;-4.217947702357519;-2.0368285542311204;-1.658854478191616;-2.062289152730147;-0.4688016815309918;-1.027287595244889;-4.447532520937188;-0.7997562391364795;0.3512909567534956;Enrolled
1;1;-1.7316968666316976;9500;1;-3.0781385481239893;-10.313898561999364;-0.4478770895114957;-2.8519141796797496;-1.5940928228489972;-1.3495296801241716;-1.615168767316573;-8.979971483428272;0;0;0;1;0;1;-3.091808345807256;0;-0.4236151106854453;-3.0069866396345164;-1.8631019633049577;-2.215237102542503;-3.0644493325567166;-0.4943525490553087;-8.243354352641777;-0.4303917461617935;-3.5474598174656107;-1.8044524117703635;-2.143170048523941;-2.6219417161414573;-0.4688016815309918;-6.981246593168445;-4.405432714678196;-1.2166745648634176;0.4060604853228998;Enrolled
4;39;-1.7316968666316976;9773;1;0.3865047994161424;-10.137227918042926;-0.4478770895114957;-1.1375591012023838;-1.5940928228489972;-1.65563125162115;-1.615168767316573;-8.858062093518983;0;0;0;1;0;0;-2.7561220190557454;0;-0.4236151106854453;-3.2399677443300408;-2.264718595930404;-1.6337726182640795;-2.4018942879399714;-0.4943525490553087;-1.1971415509359995;-0.4303917461617935;-3.8827037599115646;-2.424122124999049;-1.537775585608535;-2.094717619021269;-0.4688016815309918;-0.7792059703314076;-3.68973600827532;-1.3730189370110195;-0.1690195646558445;Enrolled
1;5;-1.7316968666316976;9147;1;-3.0781385481239893;-10.17890105997285;-0.4478770895114957;-1.1375591012023838;-1.5940928228489972;-1.9617328231181288;-1.954178909329264;-8.935551057955252;1;0;0;1;0;0;-3.1085926621448308;0;-0.4236151106854453;-3.472948849025565;-1.7961658578673834;-1.866358411975449;-2.5140189877981896;-0.4943525490553087;-3.170081135413618;-0.4303917461617935;-4.217947702357519;-2.501580839152634;-1.7799333707746974;-2.182588301874634;-0.4688016815309918;-2.515777344725778;-4.012501189594263;-1.6857076813062235;0.1654657705358741;Enrolled
1;15;-1.7316968666316976;9556;1;-3.0781385481239893;-10.249334539291032;22.887651307709195;-4.566269258157115;-1.5940928228489972;-2.880037537609065;-2.6321991933546456;-8.95183854729536;0;0;0;1;0;0;-3.091808345807256;1;-0.4236151106854453;-3.0069866396345164;-1.8631019633049577;-2.215237102542503;-3.0644493325567166;11.415667352348374;-8.243354352641777;-0.4303917461617935;-3.5474598174656107;-2.0368285542311204;-1.9010122633577784;-2.13377125570551;-0.4688016815309918;-4.854832665338603;-4.714164627244141;-0.7997562391364795;0.6975126194958008;Enrolled
4;1;-1.7316968666316976;9991;0;-3.0781385481239893;-10.096728667434972;-0.4478770895114957;-1.1375591012023838;-1.5940928228489972;-1.3495296801241716;-1.954178909329264;-8.828448476536968;0;0;0;1;0;1;-2.7896906517308966;0;-0.4236151106854453;-3.472948849025565;-2.264718595930404;-1.6337726182640795;-2.5038258332656245;-0.4943525490553087;0.2121010094051557;-0.4303917461617935;-4.217947702357519;-2.424122124999049;-1.537775585608535;-2.144929437794621;-0.4688016815309918;0.4612021542359994;-4.643998283479154;-1.94628163488556;-0.5993515748440206;Enrolled
1;17;-1.7316968666316976;9238;1;-3.0781385481239893;-10.155423233533456;-0.4478770895114957;-1.1375591012023838;-1.5940928228489972;-1.3495296801241716;-1.615168767316573;-8.912353724652675;1;0;0;1;0;1;-3.07502402946968;0;-0.4236151106854453;-3.2399677443300408;-2.264718595930404;-2.098944205686818;-2.5547916059284512;-0.4943525490553087;-6.834111792300622;-0.4303917461617935;-3.8827037599115646;-1.9593698400775348;-1.537775585608535;-2.144929437794621;-0.4688016815309918;-0.7792059703314076;-4.180900414630234;0.3988839473284681;-0.3215918228134705;Enrolled
1;17;-1.1630321984025074;9500;1;-3.0781385481239893;-10.06738138438573;-0.4478770895114957;-4.566269258157115;-1.5940928228489972;-2.573935966112086;-1.954178909329264;-8.841774604178875;1;0;0;1;0;0;-3.1253769784824064;0;-0.4236151106854453;-2.774005534938992;-1.9969741741801064;-1.4011868245527102;-2.438298411052137;-0.4943525490553087;-0.8448309108507108;-0.4303917461617935;-3.212215875019657;-2.0368285542311204;-1.2956178004423726;-2.1078683332825814;-0.4688016815309918;-0.4691039391895559;-4.180900414630234;0.3988839473284681;-0.3215918228134705;Enrolled
1;43;-1.7316968666316976;9070;1;-3.0781385481239893;-10.038034101336487;-0.4478770895114957;-4.566269258157115;-5.808301513046543;-2.573935966112086;-3.310219477380027;-8.819564391442364;0;0;0;1;0;0;-3.1085926621448308;0;-0.235172221735072;-3.2399677443300408;-2.3985908068055526;-1.6337726182640795;-2.432473751537667;-0.4943525490553087;-1.1971415509359995;-0.4303917461617935;-3.8827037599115646;-2.346663410845464;-1.416696693025454;-2.088441141674601;-0.4688016815309918;0.4612021542359994;-4.447532520937188;-0.7997562391364795;0.3512909567534956;Enrolled
1;42;-1.7316968666316976;9003;1;-6.54278189566412;-10.096728667434972;-0.4478770895114957;-1.1375591012023838;-3.701197167947771;-1.9617328231181288;-2.2931890513419546;-8.823512873706633;0;0;0;1;0;0;-3.0582397131321044;0;-0.4236151106854453;-3.2399677443300408;-2.1308463850552557;-1.5174797214083948;-2.4237367620111336;-0.4943525490553087;0.2121010094051557;-0.4303917461617935;-3.8827037599115646;-2.0368285542311204;-1.658854478191616;-2.050084891083258;-0.4688016815309918;-2.019614094898816;-3.787968889546303;-0.0701491691143375;-0.7832207064698774;Enrolled
1;43;-1.7316968666316976;8014;0;-3.0781385481239893;-10.21411779963194;-0.4478770895114957;-1.1375591012023838;-1.5940928228489972;-1.9617328231181288;-2.6321991933546456;-8.930615455124917;0;0;0;1;0;0;-3.091808345807256;0;-0.0467293327846987;-3.2399677443300408;-2.3985908068055526;-1.5174797214083948;-2.4443657649891075;-0.4943525490553087;0.2121010094051557;-0.4303917461617935;-3.8827037599115646;-2.424122124999049;-1.537775585608535;-2.036137163785693;-0.4688016815309918;-0.7792059703314076;-4.180900414630234;0.3988839473284681;-0.3215918228134705;Enrolled
2;39;-1.7316968666316976;9238;1;0.3865047994161424;-10.137227918042926;-0.4478770895114957;-2.8519141796797496;-5.808301513046543;-2.2678343946151074;-1.954178909329264;-8.872868902009989;0;0;0;1;0;0;-2.907180866093925;0;-0.4236151106854453;-3.2399677443300408;-2.3985908068055526;-1.5174797214083948;-2.393399992326281;-0.4943525490553087;0.2121010094051557;-0.4303917461617935;-3.8827037599115646;-2.346663410845464;-1.416696693025454;-2.077980346096819;-0.4688016815309918;0.4612021542359994;-4.643998283479154;-1.94628163488556;-0.5993515748440206;Enrolled
1;1;-1.1630321984025074;9670;1;-3.0781385481239893;-10.079120297605428;-0.4478770895114957;-1.1375591012023838;-1.5940928228489972;-1.3495296801241716;-1.954178909329264;-8.863984816915385;1;0;0;1;0;1;-3.1253769784824064;0;-0.4236151106854453;-3.2399677443300408;-2.264718595930404;-1.5174797214083948;-2.3727709893483078;-0.4943525490553087;0.2121010094051557;-0.4303917461617935;-3.8827037599115646;-2.501580839152634;-1.537775585608535;-2.086348982559044;-0.4688016815309918;-0.7792059703314076;-4.223000220889228;-1.268789355579285;0.3610712297123178;Enrolled
1;1;-1.7316968666316976;9085;1;-3.0781385481239893;-10.149553776923607;-0.4478770895114957;-1.1375591012023838;-1.5940928228489972;-1.3495296801241716;-1.954178909329264;-8.869413980028755;0;0;1;1;0;0;-3.07502402946968;0;-0.4236151106854453;-3.472948849025565;-2.1977824904928296;-1.982651308831134;-2.478342946934211;-0.4943525490553087;-4.861172207823003;-0.4303917461617935;-4.217947702357519;-1.9593698400775348;-1.658854478191616;-2.1616667107190715;1.2001389291104665;-1.027287595244889;-4.447532520937188;-0.7997562391364795;0.3512909567534956;Enrolled
1;17;-0.5943675301733173;9254;1;-3.0781385481239893;-10.243465082681183;-0.4478770895114957;-1.1375591012023838;-1.5940928228489972;-1.9617328231181288;-2.2931890513419546;-8.97256807918277;1;0;0;1;0;0;-3.1085926621448308;0;-0.4236151106854453;-3.2399677443300408;-2.264718595930404;-1.7500655151197644;-2.4910843900999176;-0.4943525490553087;-2.606384111277156;-0.4303917461617935;-3.8827037599115646;-2.346663410845464;-1.658854478191616;-2.119823528407945;-0.4688016815309918;-2.019614094898816;-4.447532520937188;-0.7997562391364795;0.3512909567534956;Enrolled
1;39;-1.7316968666316976;9500;1;-3.0781385481239893;-10.155423233533456;-0.4478770895114957;-1.1375591012023838;-1.5940928228489972;-1.9617328231181288;-1.954178909329264;-8.922224930313346;1;0;0;1;0;1;-3.0078867641193776;0;-0.4236151106854453;-2.774005534938992;-2.0639102796176805;-1.4011868245527102;-2.3871142138677515;5.460657401646532;-0.8448309108507108;-0.4303917461617935;-3.212215875019657;-2.1142872683847065;-1.2956178004423726;-2.0658458232265926;4.538020150393384;-0.4691039391895559;-4.643998283479154;-1.94628163488556;-0.5993515748440206;Enrolled
2;43;-1.7316968666316976;9991;0;-3.0781385481239893;-10.096728667434972;-0.4478770895114957;-1.1375591012023838;-1.5940928228489972;-2.573935966112086;-1.2761586253038824;-8.98243928484344;0;0;0;1;0;0;-2.8736122334187737;0;1.0839280009175412;-2.3080433255479424;-1.7961658578673834;-1.2848939276970257;-2.535679441179891;-0.4943525490553087;-1.4789900630042303;1.6148126405203806;-2.54172799012775;-1.9593698400775348;-1.05346001527621;-2.1849129233001108;-0.4688016815309918;-0.2830427205044448;-4.896597121033111;-0.1743787505460719;0.0735312047229456;Enrolled
1;43;-1.7316968666316976;9556;1;-3.0781385481239893;-10.043903557946336;-0.4478770895114957;-2.8519141796797496;-3.701197167947771;-2.2678343946151074;-1.954178909329264;-8.822525753140566;1;1;0;1;0;0;-3.091808345807256;0;-0.235172221735072;-3.0069866396345164;-2.1977824904928296;-1.4011868245527102;-2.435871469885075;-0.4943525490553087;0.2121010094051557;-0.4303917461617935;-3.212215875019657;-2.346663410845464;-1.1745389078592914;-2.0936715394634917;-0.4688016815309918;0.4612021542359994;-4.180900414630234;0.3988839473284681;-0.3215918228134705;Enrolled
1;1;-1.1630321984025074;9147;1;-3.0781385481239893;-10.1847705165827;-0.4478770895114957;-2.8519141796797496;-1.5940928228489972;-2.2678343946151074;-1.615168767316573;-8.902482518992004;1;0;0;1;0;0;-3.1085926621448308;0;-0.4236151106854453;-3.472948849025565;-2.465526912243127;-1.6337726182640795;-2.493632678733059;-0.4943525490553087;0.2121010094051557;-0.4303917461617935;-4.217947702357519;-2.1142872683847065;-1.658854478191616;-2.1302843239857268;-0.4688016815309918;-1.027287595244889;-4.447532520937188;-0.7997562391364795;0.3512909567534956;Enrolled
1;1;-0.5943675301733173;9070;1;-3.0781385481239893;-10.167162146753151;-0.4478770895114957;-1.1375591012023838;-1.5940928228489972;-2.573935966112086;-2.971209335367337;-8.873856022576057;1;0;0;1;0;0;-3.091808345807256;0;-0.4236151106854453;-3.2399677443300408;-2.3985908068055526;-1.5174797214083948;-2.461354356216488;-0.4943525490553087;0.2121010094051557;-0.4303917461617935;-3.8827037599115646;-2.501580839152634;-1.7799333707746974;-2.0640326187992546;-0.4688016815309918;-3.2600222194662227;-4.643998283479154;-1.94628163488556;-0.5993515748440206;Enrolled
1;1;-1.7316968666316976;9085;1;-3.0781385481239893;-10.06738138438573;-0.4478770895114957;-1.1375591012023838;-1.5940928228489972;-2.573935966112086;-1.615168767316573;-8.831409838235171;1;0;0;0;0;0;-3.1253769784824064;0;-0.4236151106854453;-3.2399677443300408;-2.331654701367978;-1.5174797214083948;-2.308457038228008;-0.4943525490553087;0.2121010094051557;-0.4303917461617935;-3.8827037599115646;-2.346663410845464;-1.416696693025454;-2.098901937252382;-0.4688016815309918;0.4612021542359994;-4.714164627244141;-0.7997562391364795;0.6975126194958008;Enrolled
1;1;-1.7316968666316976;9085;1;-3.0781385481239893;-10.055642471166031;-0.4478770895114957;-1.1375591012023838;-1.5940928228489972;-1.3495296801241716;-2.2931890513419546;-8.854607171537747;1;0;0;1;0;1;-3.1085926621448308;0;-0.4236151106854453;-3.472948849025565;-2.1308463850552557;-1.982651308831134;-2.376411401608558;-0.4943525490553087;-4.861172207823003;-0.4303917461617935;-4.217947702357519;-2.1142872683847065;-1.537775585608535;-2.144929437794621;1.2001389291104665;0.4612021542359994;-4.447532520937188;-0.7997562391364795;0.3512909567534956;Enrolled
1;43;-1.7316968666316976;9500;1;-3.0781385481239893;-10.208248343022094;-0.4478770895114957;-1.1375591012023838;-1.5940928228489972;-1.9617328231181288;-2.2931890513419546;-8.94492870333289;1;0;0;1;0;1;-3.024671080456953;0;-0.4236151106854453;-2.774005534938992;-2.264718595930404;-1.4011868245527102;-2.45431622560883;-0.4943525490553087;-0.8448309108507108;-0.4303917461617935;-3.212215875019657;-2.346663410845464;-1.2956178004423726;-2.1210190479623248;-0.4688016815309918;-0.4691039391895559;-4.180900414630234;0.3988839473284681;-0.3215918228134705;Enrolled
1;1;-0.5943675301733173;9085;1;-3.0781385481239893;-10.131945407094063;-0.4478770895114957;-1.1375591012023838;-1.5940928228489972;-1.3495296801241716;-2.2931890513419546;-8.877310944557292;0;0;0;1;0;0;-3.1085926621448308;0;-0.4236151106854453;-3.472948849025565;-2.331654701367978;-1.866358411975449;-2.452860060602798;-0.4943525490553087;-3.170081135413618;-0.4303917461617935;-4.217947702357519;-2.424122124999049;-1.658854478191616;-2.057058754941256;-0.4688016815309918;-1.027287595244889;-4.896597121033111;-0.1743787505460719;0.0735312047229456;Enrolled
1;44;-1.7316968666316976;9085;1;-6.54278189566412;-10.096728667434972;-0.4478770895114957;-4.566269258157115;-1.5940928228489972;-2.880037537609065;-1.615168767316573;-8.823512873706633;1;0;0;1;0;0;-3.07502402946968;0;0.895485111967168;-1.8420811161568935;-1.59535754155466;-1.2848939276970257;-2.440118617437091;-0.4943525490553087;-2.606384111277156;0.7382964747994489;-1.8712401052358416;-0.8749478419273352;-1.1745389078592914;-2.11145489194572;-0.4688016815309918;-2.019614094898816;-4.223000220889228;-1.268789355579285;0.3610712297123178;Enrolled
1;1;-1.7316968666316976;9254;1;-3.0781385481239893;-10.22585671285164;-0.4478770895114957;-1.1375591012023838;-1.5940928228489972;-1.65563125162115;-1.954178909329264;-8.950851426729292;0;0;0;1;0;0;-3.1253769784824064;0;-0.4236151106854453;-3.2399677443300408;-2.1308463850552557;-1.6337726182640795;-2.442666906070232;-0.4943525490553087;-1.1971415509359995;-0.4303917461617935;-3.8827037599115646;-2.191745982538292;-1.537775585608535;-2.136560801332396;-0.4688016815309918;-0.7792059703314076;-3.68973600827532;-1.3730189370110195;-0.1690195646558445;Enrolled
1;39;-1.7316968666316976;9556;1;-3.0781385481239893;-10.155423233533456;-0.4478770895114957;-1.1375591012023838;-1.5940928228489972;-1.3495296801241716;-1.954178909329264;-8.955293469276594;0;0;0;1;0;0;-3.024671080456953;0;-0.4236151106854453;-3.0069866396345164;-1.7961658578673834;-1.6337726182640795;-2.432473751537667;-0.4943525490553087;-2.203743379751111;-0.4303917461617935;-3.212215875019657;-1.8819111259239487;-1.2956178004423726;-2.113547051061276;-0.4688016815309918;-0.4691039391895559;-4.223000220889228;-1.268789355579285;0.3610712297123178;Enrolled
1;43;-1.7316968666316976;9556;1;-3.0781385481239893;-10.167162146753151;-0.4478770895114957;-1.1375591012023838;-1.5940928228489972;-1.65563125162115;-1.954178909329264;-8.90495032040717;1;0;0;1;0;0;-3.0582397131321044;0;-0.4236151106854453;-3.0069866396345164;-1.8631019633049577;-1.5174797214083948;-2.5168504198393054;1.4906507678453047;-0.995821185172978;-0.4303917461617935;-3.212215875019657;-2.191745982538292;-1.1745389078592914;-2.126623045533503;-0.4688016815309918;0.4612021542359994;-4.180900414630234;0.3988839473284681;-0.3215918228134705;Enrolled
4;39;-1.7316968666316976;9085;1;-3.0781385481239893;-10.096728667434972;-0.4478770895114957;-1.1375591012023838;-1.5940928228489972;-1.3495296801241716;-1.615168767316573;-8.751453072383734;0;0;0;0;0;1;-2.688984753705443;0;-0.4236151106854453;-3.2399677443300408;-1.9969741741801064;-1.7500655151197644;-2.414635731105678;-0.4943525490553087;-2.606384111277156;-0.4303917461617935;-3.8827037599115646;-1.8044524117703635;-1.9010122633577784;-2.2035098930301973;-0.4688016815309918;-4.50043034403363;-4.714164627244141;-0.7997562391364795;0.6975126194958008;Enrolled
1;1;-1.7316968666316976;9147;1;-3.0781385481239893;-10.231726169461488;-0.4478770895114957;-1.1375591012023838;-1.5940928228489972;-1.3495296801241716;-1.615168767316573;-8.921237809747279;1;0;0;1;0;0;-3.091808345807256;0;-0.4236151106854453;-3.472948849025565;-2.1977824904928296;-1.982651308831134;-2.5547916059284512;-0.4943525490553087;-4.861172207823003;-0.4303917461617935;-4.217947702357519;-2.191745982538292;-1.9010122633577784;-2.1616667107190715;-0.4688016815309918;-4.004267094206667;-4.896597121033111;-0.1743787505460719;0.0735312047229456;Enrolled
1;1;-0.5943675301733173;9500;1;-3.0781385481239893;-10.149553776923607;-0.4478770895114957;-1.1375591012023838;-1.5940928228489972;-1.3495296801241716;-1.615168767316573;-8.932096135974017;1;0;0;1;0;1;-3.1253769784824064;0;-0.4236151106854453;-2.774005534938992;-2.264718595930404;-1.4011868245527102;-2.389516886153187;-0.4943525490553087;-0.8448309108507108;-0.4303917461617935;-3.212215875019657;-2.346663410845464;-1.2956178004423726;-2.0678184305122405;-0.4688016815309918;-0.4691039391895559;-4.180900414630234;0.3988839473284681;-0.3215918228134705;Enrolled
1;17;-1.1630321984025074;9254;1;-3.0781385481239893;-10.22585671285164;22.887651307709195;-1.1375591012023838;-1.5940928228489972;-1.3495296801241716;-1.615168767316573;-8.970100277767601;1;0;0;0;0;0;-3.1253769784824064;1;-0.4236151106854453;-3.2399677443300408;-2.331654701367978;-1.6337726182640795;-2.422280597005102;-0.4943525490553087;-1.1971415509359995;-0.4303917461617935;-3.8827037599115646;-2.501580839152634;-1.537775585608535;-2.1281921648701703;-0.4688016815309918;-0.7792059703314076;-4.405432714678196;-1.2166745648634176;0.4060604853228998;Enrolled
1;18;-1.7316968666316976;9991;0;-3.0781385481239893;-10.137227918042926;-0.4478770895114957;-1.1375591012023838;-1.5940928228489972;-1.9617328231181288;-2.2931890513419546;-8.798834859554956;0;0;0;1;0;1;-3.07502402946968;0;-0.4236151106854453;-3.472948849025565;-2.3985908068055526;-1.7500655151197644;-2.440118617437091;-0.4943525490553087;-1.4789900630042303;-0.4303917461617935;-4.217947702357519;-2.346663410845464;-1.658854478191616;-2.1281921648701703;-0.4688016815309918;-1.027287595244889;-4.447532520937188;-0.7997562391364795;0.3512909567534956;Enrolled
1;18;0.5429618062850633;9853;1;-3.0781385481239893;-10.272812365730427;-0.4478770895114957;-1.1375591012023838;-1.5940928228489972;-1.65563125162115;-1.954178909329264;-8.971580958616702;1;0;0;1;0;0;-3.091808345807256;0;-0.4236151106854453;-3.2399677443300408;-2.1308463850552557;-1.7500655151197644;-2.414635731105678;-0.4943525490553087;-2.606384111277156;-0.4303917461617935;-3.8827037599115646;-1.8819111259239487;-1.7799333707746974;-2.1477189834215062;-0.4688016815309918;-3.2600222194662227;-4.447532520937188;-0.7997562391364795;0.3512909567534956;Enrolled
1;1;-1.7316968666316976;9238;1;-3.0781385481239893;-10.126075950484216;-0.4478770895114957;-1.1375591012023838;-1.5940928228489972;-2.2678343946151074;-1.954178909329264;-8.913834405501776;1;0;0;1;0;1;-3.1253769784824064;0;-0.4236151106854453;-3.2399677443300408;-1.8631019633049577;-2.215237102542503;-3.0644493325567166;-0.4943525490553087;-8.243354352641777;-0.4303917461617935;-3.8827037599115646;-2.2692046966918777;-1.658854478191616;-2.1616667107190715;-0.4688016815309918;-2.019614094898816;-4.896597121033111;-0.1743787505460719;0.0735312047229456;Enrolled
1;43;-1.1630321984025074;9147;1;-3.0781385481239893;-10.149553776923607;-0.4478770895114957;-1.1375591012023838;-1.5940928228489972;-1.9617328231181288;-1.615168767316573;-8.903963199841105;1;0;0;1;0;0;-3.1253769784824064;0;-0.4236151106854453;-3.472948849025565;-2.1308463850552557;-2.098944205686818;-2.3509285152771446;-0.4943525490553087;-6.55226328023239;-0.4303917461617935;-4.217947702357519;-2.191745982538292;-2.02209115594086;-2.036137163785693;-0.4688016815309918;-5.492756843687555;-4.896597121033111;-0.1743787505460719;0.0735312047229456;Enrolled
1;39;-1.7316968666316976;9085;1;-3.0781385481239893;-10.137227918042926;-0.4478770895114957;-1.1375591012023838;-1.5940928228489972;-1.3495296801241716;-1.615168767316573;-8.783040930497881;1;0;1;1;0;0;-2.974318131444227;0;-0.4236151106854453;-3.2399677443300408;-2.0639102796176805;-1.5174797214083948;-2.4464893390199443;-0.4943525490553087;0.2121010094051557;-0.4303917461617935;-3.8827037599115646;-1.726993697616778;-1.537775585608535;-2.119823528407945;-0.4688016815309918;-0.7792059703314076;-4.223000220889228;-1.268789355579285;0.3610712297123178;Enrolled
1;17;-1.7316968666316976;9853;1;-3.0781385481239893;-10.173031603363002;-0.4478770895114957;-1.1375591012023838;-1.5940928228489972;-1.9617328231181288;-1.954178909329264;-8.913340845218741;1;0;1;1;0;0;-3.1253769784824064;0;-0.4236151106854453;-3.2399677443300408;-1.9969741741801064;-1.7500655151197644;-2.376411401608558;-0.4943525490553087;-2.606384111277156;-0.4303917461617935;-3.8827037599115646;-1.8819111259239487;-1.7799333707746974;-2.175614438016636;-0.4688016815309918;-3.2600222194662227;-4.447532520937188;-0.7997562391364795;0.3512909567534956;Enrolled
1;1;-1.7316968666316976;9991;0;-3.0781385481239893;-10.149553776923607;-0.4478770895114957;-1.1375591012023838;-1.5940928228489972;-1.3495296801241716;-1.615168767316573;-8.930121894841882;1;0;0;1;0;0;-3.091808345807256;0;-0.4236151106854453;-3.472948849025565;-2.1308463850552557;-2.215237102542503;-3.0644493325567166;-0.4943525490553087;-8.243354352641777;-0.4303917461617935;-4.217947702357519;-2.191745982538292;-2.143170048523941;-2.6219417161414573;4.538020150393384;-6.981246593168445;-4.896597121033111;-0.1743787505460719;0.0735312047229456;Enrolled
1;17;-1.1630321984025074;9085;1;-3.0781385481239893;-10.10846758065467;-0.4478770895114957;-1.1375591012023838;-1.5940928228489972;-1.3495296801241716;-1.954178909329264;-8.905937440973238;1;0;0;1;0;0;-3.1085926621448308;0;-0.4236151106854453;-3.472948849025565;-1.7961658578673834;-1.866358411975449;-2.3509285152771446;5.460657401646532;-3.170081135413618;-0.4303917461617935;-4.217947702357519;-2.191745982538292;-1.658854478191616;-2.1302843239857268;1.2001389291104665;-1.027287595244889;-4.643998283479154;-1.94628163488556;-0.5993515748440206;Enrolled
1;44;-1.7316968666316976;9085;1;-6.54278189566412;-10.096728667434972;-0.4478770895114957;-2.8519141796797496;-3.701197167947771;-2.573935966112086;-1.615168767316573;-8.823512873706633;1;0;0;1;0;0;-3.091808345807256;0;-0.235172221735072;-3.2399677443300408;-2.1977824904928296;-1.5174797214083948;-2.418882878657694;-0.4943525490553087;0.2121010094051557;-0.1382196909214829;-3.8827037599115646;-2.191745982538292;-1.658854478191616;-2.1407451195635083;-0.4688016815309918;-2.019614094898816;-4.012501189594263;-1.6857076813062235;0.1654657705358741;Enrolled
1;17;-1.1630321984025074;9853;1;-3.0781385481239893;-10.038034101336487;-0.4478770895114957;-1.1375591012023838;-1.5940928228489972;-1.9617328231181288;-1.954178909329264;-8.86052989493415;1;0;0;1;0;0;-3.0582397131321044;0;-0.4236151106854453;-3.2399677443300408;-2.1977824904928296;-1.7500655151197644;-2.440118617437091;-0.4943525490553087;-2.606384111277156;-0.4303917461617935;-3.8827037599115646;-2.346663410845464;-1.537775585608535;-2.136560801332396;-0.4688016815309918;-0.7792059703314076;-4.447532520937188;-0.7997562391364795;0.3512909567534956;Enrolled
1;5;-1.7316968666316976;9853;1;-3.0781385481239893;-10.21998725624179;-0.4478770895114957;-2.8519141796797496;-1.5940928228489972;-1.9617328231181288;-1.954178909329264;-8.930615455124917;1;0;0;1;0;0;-3.0582397131321044;0;-0.4236151106854453;-3.2399677443300408;-2.0639102796176805;-1.866358411975449;-2.299962742614318;-0.4943525490553087;-4.01562667161831;-0.4303917461617935;-3.8827037599115646;-2.1142872683847065;-1.658854478191616;-2.193049097452416;-0.4688016815309918;-2.019614094898816;-4.643998283479154;-1.94628163488556;-0.5993515748440206;Enrolled
1;17;-0.5943675301733173;9773;1;-3.0781385481239893;-10.126075950484216;-0.4478770895114957;-2.8519141796797496;-1.5940928228489972;-1.9617328231181288;-1.954178909329264;-8.848190887858312;0;0;0;1;0;0;-3.1253769784824064;0;-0.4236151106854453;-3.2399677443300408;-2.3985908068055526;-1.5174797214083948;-2.376411401608558;-0.4943525490553087;0.2121010094051557;-0.4303917461617935;-3.8827037599115646;-2.501580839152634;-1.416696693025454;-2.0640326187992546;-0.4688016815309918;0.4612021542359994;-4.223000220889228;-1.268789355579285;0.3610712297123178;Enrolled
2;39;-1.7316968666316976;8014;0;-3.0781385481239893;-10.137227918042926;-0.4478770895114957;-1.1375591012023838;-1.5940928228489972;-1.9617328231181288;-2.6321991933546456;-8.850658689273478;0;0;0;1;0;0;-2.672200437367868;0;-0.4236151106854453;-3.2399677443300408;-2.264718595930404;-1.6337726182640795;-2.3713148243422757;-0.4943525490553087;-1.1971415509359995;-0.4303917461617935;-3.8827037599115646;-2.424122124999049;-1.537775585608535;-2.077980346096819;-0.4688016815309918;-0.7792059703314076;-3.787968889546303;-0.0701491691143375;-0.7832207064698774;Enrolled
1;39;-1.7316968666316976;9991;0;-3.0781385481239893;-10.096728667434972;-0.4478770895114957;-1.1375591012023838;-1.5940928228489972;-1.3495296801241716;-2.2931890513419546;-8.872868902009989;0;0;1;1;0;0;-3.0078867641193776;0;-0.4236151106854453;-3.472948849025565;-2.1308463850552557;-1.7500655151197644;-2.4910843900999176;-0.4943525490553087;-1.4789900630042303;-0.4303917461617935;-4.217947702357519;-2.2692046966918777;-1.658854478191616;-2.119823528407945;-0.4688016815309918;-1.027287595244889;-4.180900414630234;0.3988839473284681;-0.3215918228134705;Enrolled
1;1;-1.1630321984025074;9147;1;-3.0781385481239893;-10.255203995900882;-0.4478770895114957;-1.1375591012023838;-1.5940928228489972;-1.3495296801241716;-2.2931890513419546;-8.984413525975574;1;0;0;1;1;0;-3.091808345807256;0;-0.4236151106854453;-3.472948849025565;-1.9969741741801064;-1.866358411975449;-2.5293087195970374;-0.4943525490553087;-3.170081135413618;-0.4303917461617935;-4.217947702357519;-2.191745982538292;-1.658854478191616;-2.15120591514129;-0.4688016815309918;-1.027287595244889;-4.223000220889228;-1.268789355579285;0.3610712297123178;Enrolled
1;1;-0.5943675301733173;9238;1;-3.0781385481239893;-10.137227918042926;-0.4478770895114957;-2.8519141796797496;-3.701197167947771;-1.3495296801241716;-1.615168767316573;-9.02093698692006;1;0;0;1;1;0;-3.0582397131321044;0;-0.4236151106854453;-3.2399677443300408;-2.3985908068055526;-1.7500655151197644;-2.4910843900999176;-0.4943525490553087;-2.606384111277156;-0.4303917461617935;-3.8827037599115646;-2.424122124999049;-1.7799333707746974;-2.1616667107190715;-0.4688016815309918;-3.2600222194662227;-4.714164627244141;-0.7997562391364795;0.6975126194958008;Enrolled
1;1;-0.0257028619441269;9500;1;-3.0781385481239893;-10.173031603363002;-0.4478770895114957;-1.1375591012023838;-1.5940928228489972;-1.65563125162115;-1.954178909329264;-8.914821526067842;1;0;0;1;1;0;-3.091808345807256;0;-0.4236151106854453;-3.0069866396345164;-2.331654701367978;-1.5174797214083948;-2.401044858225705;-0.4943525490553087;-0.995821185172978;-0.4303917461617935;-3.5474598174656107;-2.424122124999049;-1.416696693025454;-2.0772829595854896;-0.4688016815309918;-0.6020048096789214;-4.896597121033111;-0.1743787505460719;0.0735312047229456;Enrolled
1;1;-1.7316968666316976;9070;1;-3.0781385481239893;-10.143684320313758;-0.4478770895114957;-4.566269258157115;-3.701197167947771;-2.880037537609065;-3.310219477380027;-8.840293923329774;1;0;0;1;0;0;-3.1253769784824064;0;-0.235172221735072;-3.2399677443300408;-2.1308463850552557;-1.5174797214083948;-2.4674217101534586;1.4906507678453047;0.2121010094051557;-0.4303917461617935;-3.8827037599115646;-1.8044524117703635;-1.416696693025454;-2.187818699663525;-0.4688016815309918;0.4612021542359994;-4.012501189594263;-1.6857076813062235;0.1654657705358741;Enrolled
1;17;0.5429618062850633;9670;1;-3.0781385481239893;-10.243465082681183;-0.4478770895114957;-2.8519141796797496;-1.5940928228489972;-1.9617328231181288;-2.2931890513419546;-8.93653817852132;0;0;0;1;0;0;-3.07502402946968;0;-0.4236151106854453;-3.472948849025565;-2.331654701367978;-1.866358411975449;-2.418882878657694;-0.4943525490553087;-3.170081135413618;-0.4303917461617935;-4.217947702357519;-2.501580839152634;-1.658854478191616;-2.088441141674601;1.2001389291104665;-1.027287595244889;-4.896597121033111;-0.1743787505460719;0.0735312047229456;Enrolled
1;17;-1.1630321984025074;9070;1;-3.0781385481239893;-10.084989754215275;-0.4478770895114957;-4.566269258157115;-3.701197167947771;-2.880037537609065;-2.6321991933546456;-8.818577270876297;1;0;0;1;1;0;-3.1253769784824064;0;-0.4236151106854453;-3.2399677443300408;-2.3985908068055526;-1.5174797214083948;-2.4018942879399714;-0.4943525490553087;0.2121010094051557;-0.4303917461617935;-3.8827037599115646;-2.346663410845464;-2.02209115594086;-2.2035098930301973;-0.4688016815309918;-5.740838468601037;-4.447532520937188;-0.7997562391364795;0.3512909567534956;Enrolled
1;17;-1.1630321984025074;9085;1;-3.0781385481239893;-10.196509429802395;-0.4478770895114957;-4.566269258157115;-1.5940928228489972;-2.880037537609065;-1.615168767316573;-8.927654093426716;0;0;0;1;1;0;-3.1253769784824064;0;-0.4236151106854453;-3.472948849025565;-2.465526912243127;-1.866358411975449;-2.3509285152771446;-0.4943525490553087;-3.170081135413618;-0.4303917461617935;-4.217947702357519;-2.424122124999049;-1.7799333707746974;-2.091928073394384;-0.4688016815309918;-2.515777344725778;-4.896597121033111;-0.1743787505460719;0.0735312047229456;Enrolled
1;1;-1.7316968666316976;9254;1;-3.0781385481239893;-10.149553776923607;-0.4478770895114957;-1.1375591012023838;-1.5940928228489972;-1.3495296801241716;-1.615168767316573;-8.850658689273478;1;0;0;1;1;0;-3.0078867641193776;0;-0.4236151106854453;-3.2399677443300408;-2.264718595930404;-1.5174797214083948;-2.393399992326281;-0.4943525490553087;0.2121010094051557;-0.4303917461617935;-3.8827037599115646;-2.346663410845464;-1.537775585608535;-2.094717619021269;-0.4688016815309918;-0.7792059703314076;-4.896597121033111;-0.1743787505460719;0.0735312047229456;Enrolled
1;17;-1.7316968666316976;9119;1;-3.0781385481239893;-10.090859210825124;-0.4478770895114957;-1.1375591012023838;-3.701197167947771;-1.3495296801241716;-3.310219477380027;-8.858062093518983;1;0;0;1;1;0;-3.1253769784824064;0;-0.4236151106854453;-3.472948849025565;-2.1308463850552557;-1.7500655151197644;-2.4018942879399714;-0.4943525490553087;-1.4789900630042303;-0.4303917461617935;-4.217947702357519;-2.191745982538292;-1.7799333707746974;-2.1058758011103804;4.538020150393384;-2.515777344725778;-4.896597121033111;-0.1743787505460719;0.0735312047229456;Enrolled
1;1;-1.7316968666316976;9085;1;-3.0781385481239893;-10.137227918042926;-0.4478770895114957;-4.566269258157115;-3.701197167947771;-2.2678343946151074;-1.615168767316573;-8.996258972768379;1;0;0;1;1;0;-3.07502402946968;0;-0.4236151106854453;-3.2399677443300408;-1.7961658578673834;-1.866358411975449;-2.4910843900999176;-0.4943525490553087;-4.01562667161831;-0.4303917461617935;-3.8827037599115646;-2.2692046966918777;-2.143170048523941;-2.6219417161414573;-0.4688016815309918;-6.981246593168445;-4.223000220889228;-1.268789355579285;0.3610712297123178;Enrolled
1;39;-1.1630321984025074;9556;1;-3.0781385481239893;-10.155423233533456;-0.4478770895114957;-1.1375591012023838;-1.5940928228489972;-1.3495296801241716;-1.954178909329264;-8.971580958616702;0;0;0;1;1;1;-3.024671080456953;0;-0.4236151106854453;-3.0069866396345164;-1.930038068742532;-1.5174797214083948;-2.511106657786126;-0.4943525490553087;-0.995821185172978;-0.4303917461617935;-3.5474598174656107;-2.424122124999049;-1.2956178004423726;-2.125801125761411;-0.4688016815309918;0.4612021542359994;-4.180900414630234;0.3988839473284681;-0.3215918228134705;Enrolled
1;1;0.5429618062850633;9147;1;-3.0781385481239893;-10.131945407094063;-0.4478770895114957;-4.566269258157115;-5.808301513046543;-2.880037537609065;-3.310219477380027;-8.849671568707413;0;0;0;1;1;0;-3.0582397131321044;0;-0.235172221735072;-3.472948849025565;-2.1308463850552557;-1.7500655151197644;-2.4656015037685046;-0.4943525490553087;-1.4789900630042303;-0.4303917461617935;-4.217947702357519;-2.191745982538292;-1.7799333707746974;-2.1616667107190715;-0.4688016815309918;-2.515777344725778;-4.896597121033111;-0.1743787505460719;0.0735312047229456;Enrolled
1;39;-1.7316968666316976;9003;1;-3.0781385481239893;-10.155423233533456;-0.4478770895114957;-1.1375591012023838;-1.5940928228489972;-1.3495296801241716;-1.954178909329264;-8.922224930313346;1;0;0;1;1;0;-2.9575338151066517;0;0.895485111967168;-1.6091000114613692;-1.5284214361170858;-1.2848939276970257;-2.4719722253513576;-0.4943525490553087;-3.039997206766741;1.0304685300397594;-2.54172799012775;-1.649534983463192;-1.416696693025454;-2.1616667107190715;-0.4688016815309918;-2.515777344725778;-3.787968889546303;-0.0701491691143375;-0.7832207064698774;Enrolled
1;1;1.1116264745142534;9119;1;-3.0781385481239893;-10.126075950484216;-0.4478770895114957;-4.566269258157115;-3.701197167947771;-2.573935966112086;-2.2931890513419546;-8.90495032040717;1;0;0;1;1;0;-3.1253769784824064;0;-0.4236151106854453;-3.472948849025565;-2.1308463850552557;-2.215237102542503;-3.0644493325567166;-0.4943525490553087;-8.243354352641777;-0.4303917461617935;-4.217947702357519;-2.191745982538292;-2.02209115594086;-2.2035098930301973;4.538020150393384;-5.492756843687555;-4.896597121033111;-0.1743787505460719;0.0735312047229456;Enrolled
1;15;-1.7316968666316976;9147;1;-3.0781385481239893;-10.126075950484216;22.887651307709195;-2.8519141796797496;-3.701197167947771;-1.3495296801241716;-1.954178909329264;-8.848190887858312;0;0;1;1;1;0;-3.07502402946968;1;-0.4236151106854453;-3.472948849025565;-2.1977824904928296;-1.866358411975449;-2.435871469885075;-0.4943525490553087;-3.170081135413618;-0.4303917461617935;-4.217947702357519;-2.346663410845464;-1.658854478191616;-2.15120591514129;-0.4688016815309918;-1.027287595244889;-4.714164627244141;-0.7997562391364795;0.6975126194958008;Enrolled
4;39;-1.7316968666316976;9991;0;-3.0781385481239893;-10.055642471166031;-0.4478770895114957;-1.1375591012023838;-1.5940928228489972;-1.65563125162115;-1.954178909329264;-8.784521611346982;0;0;0;1;0;0;-2.9575338151066517;0;-0.4236151106854453;-3.472948849025565;-2.264718595930404;-1.7500655151197644;-2.478342946934211;-0.4943525490553087;-1.4789900630042303;-0.4303917461617935;-4.217947702357519;-2.424122124999049;-1.658854478191616;-2.119823528407945;-0.4688016815309918;-1.027287595244889;-4.447532520937188;-0.7997562391364795;0.3512909567534956;Enrolled
1;1;-1.7316968666316976;9147;1;-3.0781385481239893;-10.196509429802395;-0.4478770895114957;-2.8519141796797496;-3.701197167947771;-2.2678343946151074;-1.954178909329264;-8.928147653709749;1;0;0;1;0;0;-3.07502402946968;0;-0.4236151106854453;-3.472948849025565;-2.1977824904928296;-1.866358411975449;-2.520814423983347;-0.4943525490553087;-3.170081135413618;-0.4303917461617935;-4.217947702357519;-1.9593698400775348;-1.9010122633577784;-2.098901937252382;-0.4688016815309918;-4.004267094206667;-4.896597121033111;-0.1743787505460719;0.0735312047229456;Enrolled
1;1;-1.1630321984025074;9773;1;-3.0781385481239893;-10.161292690143304;-0.4478770895114957;-1.1375591012023838;-1.5940928228489972;-1.3495296801241716;-1.954178909329264;-8.93653817852132;1;0;0;1;0;0;-3.091808345807256;0;-0.4236151106854453;-3.2399677443300408;-1.9969741741801064;-2.098944205686818;-2.198031197288665;-0.4943525490553087;-6.834111792300622;-0.4303917461617935;-3.8827037599115646;-2.0368285542311204;-2.02209115594086;-1.910607616852315;-0.4688016815309918;-5.740838468601037;-4.643998283479154;-1.94628163488556;-0.5993515748440206;Enrolled
1;1;-1.7316968666316976;9670;1;-3.0781385481239893;-10.149553776923607;-0.4478770895114957;-1.1375591012023838;-1.5940928228489972;-1.3495296801241716;-1.954178909329264;-8.886688589934929;0;0;0;1;0;1;-3.1253769784824064;0;-0.4236151106854453;-3.472948849025565;-2.331654701367978;-1.866358411975449;-2.418882878657694;-0.4943525490553087;-3.170081135413618;-0.4303917461617935;-4.217947702357519;-2.5790395533062207;-1.658854478191616;-2.098901937252382;-0.4688016815309918;-1.027287595244889;-4.643998283479154;-1.94628163488556;-0.5993515748440206;Enrolled
1;17;-1.1630321984025074;9500;1;-3.0781385481239893;-10.096728667434972;-0.4478770895114957;-2.8519141796797496;-3.701197167947771;-1.9617328231181288;-1.2761586253038824;-8.880272306255494;1;0;0;1;0;0;-3.1253769784824064;0;-0.4236151106854453;-3.0069866396345164;-2.1977824904928296;-1.6337726182640795;-2.347870568917375;-0.4943525490553087;-2.203743379751111;-0.4303917461617935;-3.5474598174656107;-2.2692046966918777;-1.416696693025454;-2.095913138575649;-0.4688016815309918;-0.6020048096789214;-4.223000220889228;-1.268789355579285;0.3610712297123178;Enrolled
4;39;-1.7316968666316976;9991;0;-3.0781385481239893;-10.038034101336487;-0.4478770895114957;-1.1375591012023838;-1.5940928228489972;-1.3495296801241716;-1.615168767316573;-8.792912136158552;0;0;0;1;0;0;-2.9239651824315;0;-0.4236151106854453;-3.472948849025565;-2.0639102796176805;-1.866358411975449;-2.537803015210728;-0.4943525490553087;-3.170081135413618;-0.4303917461617935;-4.217947702357519;-2.191745982538292;-1.658854478191616;-2.086348982559044;-0.4688016815309918;-1.027287595244889;-4.223000220889228;-1.268789355579285;0.3610712297123178;Enrolled
1;17;-1.7316968666316976;9238;1;-3.0781385481239893;-10.143684320313758;-0.4478770895114957;-1.1375591012023838;-1.5940928228489972;-1.3495296801241716;-1.615168767316573;-8.904456760124138;1;0;0;1;0;0;-3.1253769784824064;0;-0.4236151106854453;-3.2399677443300408;-2.1977824904928296;-1.7500655151197644;-2.478342946934211;-0.4943525490553087;-2.606384111277156;-0.4303917461617935;-3.8827037599115646;-2.191745982538292;-1.658854478191616;-2.1721275062968526;-0.4688016815309918;-2.019614094898816;-4.896597121033111;-0.1743787505460719;0.0735312047229456;Enrolled
1;1;-1.7316968666316976;9500;1;-3.0781385481239893;-10.120206493874369;-0.4478770895114957;-4.566269258157115;-5.808301513046543;-2.573935966112086;-2.971209335367337;-8.922224930313346;1;0;0;1;1;0;-3.1253769784824064;0;-0.4236151106854453;-3.0069866396345164;-2.264718595930404;-1.5174797214083948;-2.461354356216488;-0.4943525490553087;-0.995821185172978;-0.4303917461617935;-3.5474598174656107;-2.346663410845464;-1.416696693025454;-2.126797392265944;-0.4688016815309918;-0.6020048096789214;-4.896597121033111;-0.1743787505460719;0.0735312047229456;Enrolled
1;1;-1.7316968666316976;9238;1;-3.0781385481239893;-10.190639973192548;-0.4478770895114957;-1.1375591012023838;-1.5940928228489972;-1.65563125162115;-1.615168767316573;-8.916302206916942;0;0;0;1;0;0;-3.1085926621448308;0;-0.4236151106854453;-3.2399677443300408;-1.9969741741801064;-1.982651308831134;-2.4018942879399714;-0.4943525490553087;-5.424869231959466;-0.4303917461617935;-3.8827037599115646;-2.2692046966918777;-1.416696693025454;-2.16864057457707;-0.4688016815309918;0.4612021542359994;-4.896597121033111;-0.1743787505460719;0.0735312047229456;Enrolled
1;1;-1.1630321984025074;9238;1;-3.0781385481239893;-10.06738138438573;-0.4478770895114957;-2.8519141796797496;-1.5940928228489972;-2.2678343946151074;-1.954178909329264;-8.915315086350875;0;0;0;1;0;0;-3.091808345807256;0;-0.4236151106854453;-3.2399677443300408;-1.930038068742532;-2.215237102542503;-3.0644493325567166;-0.4943525490553087;-8.243354352641777;-0.4303917461617935;-4.217947702357519;-2.1142872683847065;-2.143170048523941;-2.6219417161414573;-0.4688016815309918;-6.981246593168445;-4.643998283479154;-1.94628163488556;-0.5993515748440206;Enrolled
2;7;-1.7316968666316976;9500;1;-10.007425243204253;-10.155423233533456;-0.4478770895114957;-1.1375591012023838;-1.5940928228489972;-1.3495296801241716;-2.2931890513419546;-8.872868902009989;0;0;0;1;0;0;-2.8903965497563493;0;-0.4236151106854453;-3.0069866396345164;-2.1977824904928296;-1.4011868245527102;-2.36310367213656;-0.4943525490553087;0.2121010094051557;-0.1382196909214829;-3.212215875019657;-2.1142872683847065;-1.2956178004423726;-2.1171560255356106;-0.4688016815309918;-0.4691039391895559;-3.787968889546303;-0.0701491691143375;-0.7832207064698774;Enrolled
1;1;-1.7316968666316976;9147;1;-3.0781385481239893;-10.032164644726638;-0.4478770895114957;-1.1375591012023838;-3.701197167947771;-2.2678343946151074;-1.2761586253038824;-8.831409838235171;0;0;0;1;0;0;-3.1253769784824064;0;-0.4236151106854453;-3.472948849025565;-2.3985908068055526;-1.7500655151197644;-2.4910843900999176;-0.4943525490553087;-1.4789900630042303;-0.4303917461617935;-4.217947702357519;-2.346663410845464;-1.537775585608535;-2.1616667107190715;-0.4688016815309918;0.4612021542359994;-4.447532520937188;-0.7997562391364795;0.3512909567534956;Enrolled
1;5;-0.0257028619441269;9853;1;-3.0781385481239893;-10.237595626071336;-0.4478770895114957;-4.566269258157115;-1.5940928228489972;-2.573935966112086;-1.954178909329264;-8.969606717484568;1;0;0;1;0;0;-3.07502402946968;0;-0.4236151106854453;-3.2399677443300408;-2.1977824904928296;-1.6337726182640795;-2.422280597005102;-0.4943525490553087;-1.1971415509359995;-0.4303917461617935;-3.8827037599115646;-2.2692046966918777;-1.7799333707746974;-2.13377125570551;-0.4688016815309918;-3.2600222194662227;-4.643998283479154;-1.94628163488556;-0.5993515748440206;Enrolled
1;18;-1.1630321984025074;9853;1;-3.0781385481239893;-9.932383882359217;-0.4478770895114957;-2.8519141796797496;-1.5940928228489972;-2.573935966112086;-1.615168767316573;-8.888662831067064;1;0;0;1;1;0;-3.1253769784824064;0;-0.4236151106854453;-3.2399677443300408;-2.331654701367978;-1.6337726182640795;-2.422280597005102;-0.4943525490553087;-1.1971415509359995;-0.4303917461617935;-3.8827037599115646;-2.501580839152634;-1.416696693025454;-2.077980346096819;-0.4688016815309918;0.4612021542359994;-4.447532520937188;-0.7997562391364795;0.3512909567534956;Enrolled
1;1;-1.7316968666316976;9070;1;-3.0781385481239893;-10.06738138438573;-0.4478770895114957;-2.8519141796797496;-1.5940928228489972;-1.9617328231181288;-1.954178909329264;-8.885207909085828;1;0;0;1;1;0;-3.091808345807256;0;-0.4236151106854453;-3.2399677443300408;-2.3985908068055526;-1.7500655151197644;-2.452860060602798;-0.4943525490553087;-2.606384111277156;-0.4303917461617935;-3.8827037599115646;-2.346663410845464;-1.9010122633577784;-2.1477189834215062;-0.4688016815309918;-4.50043034403363;-4.447532520937188;-0.7997562391364795;0.3512909567534956;Enrolled
1;43;-1.7316968666316976;9070;1;-3.0781385481239893;-10.1847705165827;-0.4478770895114957;-1.1375591012023838;-1.5940928228489972;-1.65563125162115;-1.954178909329264;-8.85608785238685;1;0;0;1;1;1;-3.1085926621448308;0;0.3301564451160479;-3.2399677443300408;-2.3985908068055526;-1.7500655151197644;-2.4018942879399714;-0.4943525490553087;-2.606384111277156;0.1539523643188277;-3.8827037599115646;-2.424122124999049;-1.537775585608535;-2.11145489194572;-0.4688016815309918;-0.7792059703314076;-4.012501189594263;-1.6857076813062235;0.1654657705358741;Enrolled
1;43;-1.7316968666316976;33;1;-3.0781385481239893;-10.079120297605428;-0.4478770895114957;-1.1375591012023838;-3.701197167947771;-1.3495296801241716;-1.2761586253038824;-8.916302206916942;1;0;0;1;1;0;-3.0078867641193776;0;0.5185993340664212;-2.3080433255479424;-1.930038068742532;-1.6337726182640795;-2.4732463696679283;-0.4943525490553087;-4.01562667161831;0.1539523643188277;-3.212215875019657;-2.191745982538292;-1.9010122633577784;-2.077980346096819;-0.4688016815309918;-5.1206344063173335;-4.223000220889228;-1.268789355579285;0.3610712297123178;Enrolled
